Workbook
Name AA: #REF!
Name AA: #REF!
Name aaa: '[3]100022'!$A$1:$AV$90
Name aaaaa: '[4]عوامل در مراکز '!$A$1:$AV$87
Name acttype: #REF!
Name acttype: #REF!
Name ali: #REF!
Name ali: #REF!
Name Ard: "آرد قراردادي"
Name BTitle: #REF!
Name BTitle: #REF!
Name Contracual_Driver: [5]Parametr!$C$3
Name cr_kim_sheet1: [6]SHEET1!#REF!
Name cr_kim_sheet1: [6]SHEET1!#REF!
Name Cا152: [1]BudgetDB!#REF!
Name Daramad_Serkati_GF: 125%
Name Daramad_Tejari_GF: 125%
Name fd: #REF!
Name fd: #REF!
Name fm: #REF!
Name fm: #REF!
Name fpath: #REF!
Name fpath: #REF!
Name ftype: #REF!
Name ftype: #REF!
Name fulltablist: #REF!
Name fulltablist: #REF!
Name fy: #REF!
Name fy: #REF!
Name fymd: #REF!
Name fymd: #REF!
Name Gandom: "گندم قراردادي"
Name Hazineh_Sherkati_GF: 130%
Name Hazineh_Tejari_GF: 130%
Name LastCell: #REF!
Name LastCell: #REF!
Name Light_Ratio: [5]Parametr!$C$7
Name Ostani: "گندم قراردادي"
Name Sarasari: "سراسري"
Name StartCell: #REF!
Name StartCell: #REF!
Name tabfile: #REF!
Name tabfile: #REF!
Name tabref: #REF!
Name tabref: #REF!
Name tabtitles: #REF!
Name tabtitles: #REF!
Name Tashim_From_Cost_to_Official: #REF!
Name Tashim_From_Cost_to_Official: #REF!
Name Tashim_From_Cost_to_Official_12_month_92_Forcast: #REF!
Name Tashim_From_Cost_to_Official_12_month_92_Forcast: #REF!
Name Tashim_From_Cost_to_Official_6_month_92: #REF!
Name Tashim_From_Cost_to_Official_6_month_92: #REF!
Name Tashim_From_Cost_to_Opratinal_12_month_92_Forcast: #REF!
Name Tashim_From_Cost_to_Opratinal_12_month_92_Forcast: #REF!
Name vco: #REF!
Name vco: #REF!
Name vconame: #REF!
Name vconame: #REF!
Name ا: #REF!

Sheet جدول فروش خدمات
A1: =[1]صادرات!A1 -> انبارهای عمومی و خدمات گمرکی ایران | U1: =AF2 -> شهید کاوه | W1: =U1 -> شهید کاوه | Z1: =W1 -> شهید کاوه | AK1: =AV2 -> مطهری | AM1: =AK1 -> مطهری | AP1: =AM1 -> مطهری | BA1: =BL2 -> سرخس | BC1: =BA1 -> سرخس | BF1: =BC1 -> سرخس | BQ1: =CB2 -> لطف آباد | BS1: =BQ1 -> لطف آباد | BV1: =BS1 -> لطف آباد | CG1: =CR2 -> نیشابور | CI1: =CG1 -> نیشابور | CL1: =CI1 -> نیشابور | CW1: =DH2 -> ماهیرود | CY1: =CW1 -> ماهیرود | DB1: =CY1 -> ماهیرود | DM1: =DX2 -> دوغارون | DO1: =DM1 -> دوغارون | DR1: =DO1 -> دوغارون | EC1: =EN2 -> بجنورد | EE1: =EC1 -> بجنورد | EH1: =EE1 -> بجنورد | ES1: =FD2 -> بیرجند | EU1: =ES1 -> بیرجند | EX1: =EU1 -> بیرجند | FI1: =FT2 -> باجگیران | FK1: =FI1 -> باجگیران | FN1: =FK1 -> باجگیران
A2: ="جدول فروش خدمات در دوره " & [1]روکش!$F$9 & " سال " & [1]روکش!$D$9&"- مجتمع خراسان" -> جدول فروش خدمات در دوره شش ماهه سال 1405- مجتمع خراسان | Q2: ="جدول فروش خدمات در دوره " & [1]روکش!$F$9 & " سال " & [1]روکش!$D$9&"- مجتمع خراسان/ شعبه "&AF$2 -> جدول فروش خدمات در دوره شش ماهه سال 1405- مجتمع خراسان/ شعبه شهید کاوه | AF2: =[1]واردات!$AA$42 -> شهید کاوه | AG2: ="جدول فروش خدمات در دوره " & [1]روکش!$F$9 & " سال " & [1]روکش!$D$9&"- مجتمع خراسان/ شعبه "&AV$2 -> جدول فروش خدمات در دوره شش ماهه سال 1405- مجتمع خراسان/ شعبه مطهری | AV2: =[1]واردات!$AA$43 -> مطهری | AW2: ="جدول فروش خدمات در دوره " & [1]روکش!$F$9 & " سال " & [1]روکش!$D$9&"- مجتمع خراسان/ شعبه "&BL$2 -> جدول فروش خدمات در دوره شش ماهه سال 1405- مجتمع خراسان/ شعبه سرخس | BL2: =[1]واردات!$AA$44 -> سرخس | BM2: ="جدول فروش خدمات در دوره " & [1]روکش!$F$9 & " سال " & [1]روکش!$D$9&"- مجتمع خراسان/ شعبه "&CB$2 -> جدول فروش خدمات در دوره شش ماهه سال 1405- مجتمع خراسان/ شعبه لطف آباد | CB2: =[1]واردات!$AA$45 -> لطف آباد | CC2: ="جدول فروش خدمات در دوره " & [1]روکش!$F$9 & " سال " & [1]روکش!$D$9&"- مجتمع خراسان/ شعبه "&CR$2 -> جدول فروش خدمات در دوره شش ماهه سال 1405- مجتمع خراسان/ شعبه نیشابور | CR2: =[1]واردات!$AA$46 -> نیشابور | CS2: ="جدول فروش خدمات در دوره " & [1]روکش!$F$9 & " سال " & [1]روکش!$D$9&"- مجتمع خراسان/ شعبه "&DH$2 -> جدول فروش خدمات در دوره شش ماهه سال 1405- مجتمع خراسان/ شعبه ماهیرود | DH2: =[1]واردات!$AA$47 -> ماهیرود | DI2: ="جدول فروش خدمات در دوره " & [1]روکش!$F$9 & " سال " & [1]روکش!$D$9&"- مجتمع خراسان/ شعبه "&DX$2 -> جدول فروش خدمات در دوره شش ماهه سال 1405- مجتمع خراسان/ شعبه دوغارون | DX2: =[1]واردات!$AA$48 -> دوغارون | DY2: ="جدول فروش خدمات در دوره " & [1]روکش!$F$9 & " سال " & [1]روکش!$D$9&"- مجتمع خراسان/ شعبه "&EN$2 -> جدول فروش خدمات در دوره شش ماهه سال 1405- مجتمع خراسان/ شعبه بجنورد | EN2: =[1]واردات!$AA$49 -> بجنورد | EO2: ="جدول فروش خدمات در دوره " & [1]روکش!$F$9 & " سال " & [1]روکش!$D$9&"- مجتمع خراسان/ شعبه "&FD$2 -> جدول فروش خدمات در دوره شش ماهه سال 1405- مجتمع خراسان/ شعبه بیرجند | FD2: =[1]واردات!$AA$50 -> بیرجند | FE2: ="جدول فروش خدمات در دوره " & [1]روکش!$F$9 & " سال " & [1]روکش!$D$9&"- مجتمع خراسان/ شعبه "&FT$2 -> جدول فروش خدمات در دوره شش ماهه سال 1405- مجتمع خراسان/ شعبه باجگیران | FT2: =[1]واردات!$AA$51 -> باجگیران
A3: بخش | B3: شرح خدمات | C3: واحد سنجش | D3: عملکرد سال قبل | F3: بودجه دوره رسیدگی سال جاری | H3: عملکرد دوره رسیدگی سال جاری | L3: تغییرات مقداری سال جاری و سال قبل | N3: تغییرات درصدی سال جاری و سال قبل | Q3: =$A$3 -> بخش | R3: =$B$3 -> شرح خدمات | S3: =$C$3 -> واحد سنجش | T3: =$D$3 -> عملکرد سال قبل | V3: =$F$3 -> بودجه دوره رسیدگی سال جاری | X3: =$H$3 -> عملکرد دوره رسیدگی سال جاری | AB3: =$L$3 -> تغییرات مقداری سال جاری و سال قبل | AD3: =$N$3 -> تغییرات درصدی سال جاری و سال قبل | AG3: =$A$3 -> بخش | AH3: =$B$3 -> شرح خدمات | AI3: =$C$3 -> واحد سنجش | AJ3: =$D$3 -> عملکرد سال قبل | AL3: =$F$3 -> بودجه دوره رسیدگی سال جاری | AN3: =$H$3 -> عملکرد دوره رسیدگی سال جاری | AR3: =$L$3 -> تغییرات مقداری سال جاری و سال قبل | AT3: =$N$3 -> تغییرات درصدی سال جاری و سال قبل | AW3: =$A$3 -> بخش | AX3: =$B$3 -> شرح خدمات | AY3: =$C$3 -> واحد سنجش | AZ3: =$D$3 -> عملکرد سال قبل | BB3: =$F$3 -> بودجه دوره رسیدگی سال جاری | BD3: =$H$3 -> عملکرد دوره رسیدگی سال جاری | BH3: =$L$3 -> تغییرات مقداری سال جاری و سال قبل | BJ3: =$N$3 -> تغییرات درصدی سال جاری و سال قبل | BM3: =$A$3 -> بخش | BN3: =$B$3 -> شرح خدمات | BO3: =$C$3 -> واحد سنجش | BP3: =$D$3 -> عملکرد سال قبل | BR3: =$F$3 -> بودجه دوره رسیدگی سال جاری | BT3: =$H$3 -> عملکرد دوره رسیدگی سال جاری | BX3: =$L$3 -> تغییرات مقداری سال جاری و سال قبل | BZ3: =$N$3 -> تغییرات درصدی سال جاری و سال قبل | CC3: =$A$3 -> بخش | CD3: =$B$3 -> شرح خدمات | CE3: =$C$3 -> واحد سنجش | CF3: =$D$3 -> عملکرد سال قبل | CH3: =$F$3 -> بودجه دوره رسیدگی سال جاری | CJ3: =$H$3 -> عملکرد دوره رسیدگی سال جاری | CN3: =$L$3 -> تغییرات مقداری سال جاری و سال قبل | CP3: =$N$3 -> تغییرات درصدی سال جاری و سال قبل | CS3: =$A$3 -> بخش | CT3: =$B$3 -> شرح خدمات | CU3: =$C$3 -> واحد سنجش | CV3: =$D$3 -> عملکرد سال قبل | CX3: =$F$3 -> بودجه دوره رسیدگی سال جاری | CZ3: =$H$3 -> عملکرد دوره رسیدگی سال جاری | DD3: =$L$3 -> تغییرات مقداری سال جاری و سال قبل | DF3: =$N$3 -> تغییرات درصدی سال جاری و سال قبل | DI3: =$A$3 -> بخش | DJ3: =$B$3 -> شرح خدمات | DK3: =$C$3 -> واحد سنجش | DL3: =$D$3 -> عملکرد سال قبل | DN3: =$F$3 -> بودجه دوره رسیدگی سال جاری | DP3: =$H$3 -> عملکرد دوره رسیدگی سال جاری | DT3: =$L$3 -> تغییرات مقداری سال جاری و سال قبل | DV3: =$N$3 -> تغییرات درصدی سال جاری و سال قبل | DY3: =$A$3 -> بخش | DZ3: =$B$3 -> شرح خدمات | EA3: =$C$3 -> واحد سنجش | EB3: =$D$3 -> عملکرد سال قبل | ED3: =$F$3 -> بودجه دوره رسیدگی سال جاری | EF3: =$H$3 -> عملکرد دوره رسیدگی سال جاری | EJ3: =$L$3 -> تغییرات مقداری سال جاری و سال قبل | EL3: =$N$3 -> تغییرات درصدی سال جاری و سال قبل | EO3: =$A$3 -> بخش | EP3: =$B$3 -> شرح خدمات | EQ3: =$C$3 -> واحد سنجش | ER3: =$D$3 -> عملکرد سال قبل | ET3: =$F$3 -> بودجه دوره رسیدگی سال جاری | EV3: =$H$3 -> عملکرد دوره رسیدگی سال جاری | EZ3: =$L$3 -> تغییرات مقداری سال جاری و سال قبل | FB3: =$N$3 -> تغییرات درصدی سال جاری و سال قبل | FE3: =$A$3 -> بخش | FF3: =$B$3 -> شرح خدمات | FG3: =$C$3 -> واحد سنجش | FH3: =$D$3 -> عملکرد سال قبل | FJ3: =$F$3 -> بودجه دوره رسیدگی سال جاری | FL3: =$H$3 -> عملکرد دوره رسیدگی سال جاری | FP3: =$L$3 -> تغییرات مقداری سال جاری و سال قبل | FR3: =$N$3 -> تغییرات درصدی سال جاری و سال قبل
D4: عملکرد عملیاتی | E4: ارزش ریالی ارائه خدمات (میلیون ریال) | F4: بودجه عملیاتی | G4: ارزش ریالی ارائه خدمات (میلیون ریال) | H4: عملکرد عملیاتی | I4: درصد تحقق بودجه (عملیاتی) | J4: ارزش ریالی ارائه خدمات (میلیون ریال) | K4: درصد تحقق بودجه (ریالی) | L4: عملکرد عملیاتی | M4: ارزش ریالی ارائه خدمات (میلیون ریال) | N4: عملکرد عملیاتی | O4: ارزش ریالی ارائه خدمات (میلیون ریال) | T4: =$D$4 -> عملکرد عملیاتی | U4: =$E$4 -> ارزش ریالی ارائه خدمات (میلیون ریال) | V4: =$F$4 -> بودجه عملیاتی | W4: =$G$4 -> ارزش ریالی ارائه خدمات (میلیون ریال) | X4: =$H$4 -> عملکرد عملیاتی | Y4: =$I$4 -> درصد تحقق بودجه (عملیاتی) | Z4: =$J$4 -> ارزش ریالی ارائه خدمات (میلیون ریال) | AA4: =$K$4 -> درصد تحقق بودجه (ریالی) | AB4: =$L$4 -> عملکرد عملیاتی | AC4: =$M$4 -> ارزش ریالی ارائه خدمات (میلیون ریال) | AD4: =$N$4 -> عملکرد عملیاتی | AE4: =$O$4 -> ارزش ریالی ارائه خدمات (میلیون ریال) | AJ4: =$D$4 -> عملکرد عملیاتی | AK4: =$E$4 -> ارزش ریالی ارائه خدمات (میلیون ریال) | AL4: =$F$4 -> بودجه عملیاتی | AM4: =$G$4 -> ارزش ریالی ارائه خدمات (میلیون ریال) | AN4: =$H$4 -> عملکرد عملیاتی | AO4: =$I$4 -> درصد تحقق بودجه (عملیاتی) | AP4: =$J$4 -> ارزش ریالی ارائه خدمات (میلیون ریال) | AQ4: =$K$4 -> درصد تحقق بودجه (ریالی) | AR4: =$L$4 -> عملکرد عملیاتی | AS4: =$M$4 -> ارزش ریالی ارائه خدمات (میلیون ریال) | AT4: =$N$4 -> عملکرد عملیاتی | AU4: =$O$4 -> ارزش ریالی ارائه خدمات (میلیون ریال) | AZ4: =$D$4 -> عملکرد عملیاتی | BA4: =$E$4 -> ارزش ریالی ارائه خدمات (میلیون ریال) | BB4: =$F$4 -> بودجه عملیاتی | BC4: =$G$4 -> ارزش ریالی ارائه خدمات (میلیون ریال) | BD4: =$H$4 -> عملکرد عملیاتی | BE4: =$I$4 -> درصد تحقق بودجه (عملیاتی) | BF4: =$J$4 -> ارزش ریالی ارائه خدمات (میلیون ریال) | BG4: =$K$4 -> درصد تحقق بودجه (ریالی) | BH4: =$L$4 -> عملکرد عملیاتی | BI4: =$M$4 -> ارزش ریالی ارائه خدمات (میلیون ریال) | BJ4: =$N$4 -> عملکرد عملیاتی | BK4: =$O$4 -> ارزش ریالی ارائه خدمات (میلیون ریال) | BP4: =$D$4 -> عملکرد عملیاتی | BQ4: =$E$4 -> ارزش ریالی ارائه خدمات (میلیون ریال) | BR4: =$F$4 -> بودجه عملیاتی | BS4: =$G$4 -> ارزش ریالی ارائه خدمات (میلیون ریال) | BT4: =$H$4 -> عملکرد عملیاتی | BU4: =$I$4 -> درصد تحقق بودجه (عملیاتی) | BV4: =$J$4 -> ارزش ریالی ارائه خدمات (میلیون ریال) | BW4: =$K$4 -> درصد تحقق بودجه (ریالی) | BX4: =$L$4 -> عملکرد عملیاتی | BY4: =$M$4 -> ارزش ریالی ارائه خدمات (میلیون ریال) | BZ4: =$N$4 -> عملکرد عملیاتی | CA4: =$O$4 -> ارزش ریالی ارائه خدمات (میلیون ریال) | CF4: =$D$4 -> عملکرد عملیاتی | CG4: =$E$4 -> ارزش ریالی ارائه خدمات (میلیون ریال) | CH4: =$F$4 -> بودجه عملیاتی | CI4: =$G$4 -> ارزش ریالی ارائه خدمات (میلیون ریال) | CJ4: =$H$4 -> عملکرد عملیاتی | CK4: =$I$4 -> درصد تحقق بودجه (عملیاتی) | CL4: =$J$4 -> ارزش ریالی ارائه خدمات (میلیون ریال) | CM4: =$K$4 -> درصد تحقق بودجه (ریالی) | CN4: =$L$4 -> عملکرد عملیاتی | CO4: =$M$4 -> ارزش ریالی ارائه خدمات (میلیون ریال) | CP4: =$N$4 -> عملکرد عملیاتی | CQ4: =$O$4 -> ارزش ریالی ارائه خدمات (میلیون ریال) | CV4: =$D$4 -> عملکرد عملیاتی | CW4: =$E$4 -> ارزش ریالی ارائه خدمات (میلیون ریال) | CX4: =$F$4 -> بودجه عملیاتی | CY4: =$G$4 -> ارزش ریالی ارائه خدمات (میلیون ریال) | CZ4: =$H$4 -> عملکرد عملیاتی | DA4: =$I$4 -> درصد تحقق بودجه (عملیاتی) | DB4: =$J$4 -> ارزش ریالی ارائه خدمات (میلیون ریال) | DC4: =$K$4 -> درصد تحقق بودجه (ریالی) | DD4: =$L$4 -> عملکرد عملیاتی | DE4: =$M$4 -> ارزش ریالی ارائه خدمات (میلیون ریال) | DF4: =$N$4 -> عملکرد عملیاتی | DG4: =$O$4 -> ارزش ریالی ارائه خدمات (میلیون ریال) | DL4: =$D$4 -> عملکرد عملیاتی | DM4: =$E$4 -> ارزش ریالی ارائه خدمات (میلیون ریال) | DN4: =$F$4 -> بودجه عملیاتی | DO4: =$G$4 -> ارزش ریالی ارائه خدمات (میلیون ریال) | DP4: =$H$4 -> عملکرد عملیاتی | DQ4: =$I$4 -> درصد تحقق بودجه (عملیاتی) | DR4: =$J$4 -> ارزش ریالی ارائه خدمات (میلیون ریال) | DS4: =$K$4 -> درصد تحقق بودجه (ریالی) | DT4: =$L$4 -> عملکرد عملیاتی | DU4: =$M$4 -> ارزش ریالی ارائه خدمات (میلیون ریال) | DV4: =$N$4 -> عملکرد عملیاتی | DW4: =$O$4 -> ارزش ریالی ارائه خدمات (میلیون ریال) | EB4: =$D$4 -> عملکرد عملیاتی | EC4: =$E$4 -> ارزش ریالی ارائه خدمات (میلیون ریال) | ED4: =$F$4 -> بودجه عملیاتی | EE4: =$G$4 -> ارزش ریالی ارائه خدمات (میلیون ریال) | EF4: =$H$4 -> عملکرد عملیاتی | EG4: =$I$4 -> درصد تحقق بودجه (عملیاتی) | EH4: =$J$4 -> ارزش ریالی ارائه خدمات (میلیون ریال) | EI4: =$K$4 -> درصد تحقق بودجه (ریالی) | EJ4: =$L$4 -> عملکرد عملیاتی | EK4: =$M$4 -> ارزش ریالی ارائه خدمات (میلیون ریال) | EL4: =$N$4 -> عملکرد عملیاتی | EM4: =$O$4 -> ارزش ریالی ارائه خدمات (میلیون ریال) | ER4: =$D$4 -> عملکرد عملیاتی | ES4: =$E$4 -> ارزش ریالی ارائه خدمات (میلیون ریال) | ET4: =$F$4 -> بودجه عملیاتی | EU4: =$G$4 -> ارزش ریالی ارائه خدمات (میلیون ریال) | EV4: =$H$4 -> عملکرد عملیاتی | EW4: =$I$4 -> درصد تحقق بودجه (عملیاتی) | EX4: =$J$4 -> ارزش ریالی ارائه خدمات (میلیون ریال) | EY4: =$K$4 -> درصد تحقق بودجه (ریالی) | EZ4: =$L$4 -> عملکرد عملیاتی | FA4: =$M$4 -> ارزش ریالی ارائه خدمات (میلیون ریال) | FB4: =$N$4 -> عملکرد عملیاتی | FC4: =$O$4 -> ارزش ریالی ارائه خدمات (میلیون ریال) | FH4: =$D$4 -> عملکرد عملیاتی | FI4: =$E$4 -> ارزش ریالی ارائه خدمات (میلیون ریال) | FJ4: =$F$4 -> بودجه عملیاتی | FK4: =$G$4 -> ارزش ریالی ارائه خدمات (میلیون ریال) | FL4: =$H$4 -> عملکرد عملیاتی | FM4: =$I$4 -> درصد تحقق بودجه (عملیاتی) | FN4: =$J$4 -> ارزش ریالی ارائه خدمات (میلیون ریال) | FO4: =$K$4 -> درصد تحقق بودجه (ریالی) | FP4: =$L$4 -> عملکرد عملیاتی | FQ4: =$M$4 -> ارزش ریالی ارائه خدمات (میلیون ریال) | FR4: =$N$4 -> عملکرد عملیاتی | FS4: =$O$4 -> ارزش ریالی ارائه خدمات (میلیون ریال)
A5: واردات | B5: انبارداری | C5: تن | D5: =SUM(T5,AJ5,AZ5,BP5,CF5,CV5,DL5,EB5,ER5,FH5) -> 113724 | E5: =SUM(U5,AK5,BA5,BQ5,CG5,CW5,DM5,EC5,ES5,FI5) -> 331775 | F5: =SUM(V5,AL5,BB5,BR5,CH5,CX5,DN5,ED5,ET5,FJ5) -> 152262.28 | G5: =SUM(W5,AM5,BC5,BS5,CI5,CY5,DO5,EE5,EU5,FK5) -> 615444 | H5: =SUM(X5,AN5,BD5,BT5,CJ5,CZ5,DP5,EF5,EV5,FL5) -> 145726 | I5: =IFERROR(H5*100/F5,"") -> 95.707226 | J5: =SUM(Z5,AP5,BF5,BV5,CL5,DB5,DR5,EH5,EX5,FN5) -> 528593 | K5: =IFERROR(J5*100/G5,"") -> 85.888074 | L5: =IFERROR(H5-D5,"") -> 32002 | M5: =IFERROR(J5-E5,"") -> 196818 | N5: =IFERROR((H5-D5)*100/D5,"") -> 28.140058 | O5: =IFERROR((J5-E5)*100/E5,"") -> 59.322734 | P5: 1 | Q5: =$A$5 -> واردات | R5: =$B5 -> انبارداری | S5: =$C5 -> تن | T5: =SUMIFS([1]واردات!$D$42:$D$51,[1]واردات!$AA$42:$AA$51,AF2) -> 11125 | U5: =65097-10422 -> 54675 | V5: =SUMIFS([1]واردات!$H$42:$H$51,[1]واردات!$AA$42:$AA$51,AF2) -> 38497.266 | W5: 210259 | X5: =SUMIFS([1]واردات!$L$42:$L$51,[1]واردات!$AA$42:$AA$51,AF2) -> 2891 | Y5: =IFERROR(X5*100/V5,"") -> 7.5096243 | Z5: 33548 | AA5: =IFERROR(Z5*100/W5,"") -> 15.95556 | AB5: =X5-T5 -> -8234 | AC5: =Z5-U5 -> -21127 | AD5: =IFERROR((X5-T5)*100/T5,"") -> -74.013483 | AE5: =IFERROR((Z5-U5)*100/U5,"") -> -38.641061 | AG5: =$A$5 -> واردات | AH5: =$B5 -> انبارداری | AI5: =$C5 -> تن | AJ5: =SUMIFS([1]واردات!$D$42:$D$51,[1]واردات!$AA$42:$AA$51,AV2) -> 9899 | AK5: =37012-5940 -> 31072 | AL5: =SUMIFS([1]واردات!$H$42:$H$51,[1]واردات!$AA$42:$AA$51,AV2) -> 16320.389 | AM5: 58398 | AN5: =SUMIFS([1]واردات!$L$42:$L$51,[1]واردات!$AA$42:$AA$51,AV2) -> 6309 | AO5: =IFERROR(AN5*100/AL5,"") -> 38.657166 | AP5: 39017 | AQ5: =IFERROR(AP5*100/AM5,"") -> 66.81222 | AR5: =AN5-AJ5 -> -3590 | AS5: =AP5-AK5 -> 7945 | AT5: =IFERROR((AN5-AJ5)*100/AJ5,"") -> -36.26629 | AU5: =IFERROR((AP5-AK5)*100/AK5,"") -> 25.569645 | AW5: =$A$5 -> واردات | AX5: =$B5 -> انبارداری | AY5: =$C5 -> تن | AZ5: =SUMIFS([1]واردات!$D$42:$D$51,[1]واردات!$AA$42:$AA$51,BL2) -> 7882 | BA5: =28179-2256 -> 25923 | BB5: =SUMIFS([1]واردات!$H$42:$H$51,[1]واردات!$AA$42:$AA$51,BL2) -> 9271.6114 | BC5: 45500 | BD5: =SUMIFS([1]واردات!$L$42:$L$51,[1]واردات!$AA$42:$AA$51,BL2) -> 6778 | BE5: =IFERROR(BD5*100/BB5,"") -> 73.104876 | BF5: 26869 | BG5: =IFERROR(BF5*100/BC5,"") -> 59.052747 | BH5: =BD5-AZ5 -> -1104 | BI5: =BF5-BA5 -> 946 | BJ5: =IFERROR((BD5-AZ5)*100/AZ5,"") -> -14.006597 | BK5: =IFERROR((BF5-BA5)*100/BA5,"") -> 3.649269 | BM5: =$A$5 -> واردات | BN5: =$B5 -> انبارداری | BO5: =$C5 -> تن | BP5: =SUMIFS([1]واردات!$D$42:$D$51,[1]واردات!$AA$42:$AA$51,CB2) -> 40280 | BQ5: =39079-6826 -> 32253 | BR5: =SUMIFS([1]واردات!$H$42:$H$51,[1]واردات!$AA$42:$AA$51,CB2) -> 37960.715 | BS5: 57420 | BT5: =SUMIFS([1]واردات!$L$42:$L$51,[1]واردات!$AA$42:$AA$51,CB2) -> 62858 | BU5: =IFERROR(BT5*100/BR5,"") -> 165.58698 | BV5: 115432 | BW5: =IFERROR(BV5*100/BS5,"") -> 201.031 | BX5: =BT5-BP5 -> 22578 | BY5: =BV5-BQ5 -> 83179 | BZ5: =IFERROR((BT5-BP5)*100/BP5,"") -> 56.052632 | CA5: =IFERROR((BV5-BQ5)*100/BQ5,"") -> 257.89539 | CC5: =$A$5 -> واردات | CD5: =$B5 -> انبارداری | CE5: =$C5 -> تن | CF5: =SUMIFS([1]واردات!$D$42:$D$51,[1]واردات!$AA$42:$AA$51,CR2) -> 10826 | CG5: =100918-10695 -> 90223 | CH5: =SUMIFS([1]واردات!$H$42:$H$51,[1]واردات!$AA$42:$AA$51,CR2) -> 5774.4347 | CI5: 78185 | CJ5: =SUMIFS([1]واردات!$L$42:$L$51,[1]واردات!$AA$42:$AA$51,CR2) -> 6401 | CK5: =IFERROR(CJ5*100/CH5,"") -> 110.85068 | CL5: 147424 | CM5: =IFERROR(CL5*100/CI5,"") -> 188.55791 | CN5: =CJ5-CF5 -> -4425 | CO5: =CL5-CG5 -> 57201 | CP5: =IFERROR((CJ5-CF5)*100/CF5,"") -> -40.873822 | CQ5: =IFERROR((CL5-CG5)*100/CG5,"") -> 63.399577 | CS5: =$A$5 -> واردات | CT5: =$B5 -> انبارداری | CU5: =$C5 -> تن | CV5: =SUMIFS([1]واردات!$D$42:$D$51,[1]واردات!$AA$42:$AA$51,DH2) -> 20 | CW5: =398-89 -> 309 | CX5: =SUMIFS([1]واردات!$H$42:$H$51,[1]واردات!$AA$42:$AA$51,DH2) -> 33.470578 | CY5: 465 | CZ5: =SUMIFS([1]واردات!$L$42:$L$51,[1]واردات!$AA$42:$AA$51,DH2) -> 1952 | DA5: =IFERROR(CZ5*100/CX5,"") -> 5831.9878 | DB5: 19113 | DC5: =IFERROR(DB5*100/CY5,"") -> 4110.3226 | DD5: =CZ5-CV5 -> 1932 | DE5: =DB5-CW5 -> 18804 | DF5: =IFERROR((CZ5-CV5)*100/CV5,"") -> 9660 | DG5: =IFERROR((DB5-CW5)*100/CW5,"") -> 6085.4369 | DI5: =$A$5 -> واردات | DJ5: =$B5 -> انبارداری | DK5: =$C5 -> تن | DL5: =SUMIFS([1]واردات!$D$42:$D$51,[1]واردات!$AA$42:$AA$51,DX2) -> 32693 | DM5: =104022-14133 -> 89889 | DN5: =SUMIFS([1]واردات!$H$42:$H$51,[1]واردات!$AA$42:$AA$51,DX2) -> 37898.877 | DO5: 128943 | DP5: =SUMIFS([1]واردات!$L$42:$L$51,[1]واردات!$AA$42:$AA$51,DX2) -> 51694 | DQ5: =IFERROR(DP5*100/DN5,"") -> 136.39982 | DR5: 131601 | DS5: =IFERROR(DR5*100/DO5,"") -> 102.06138 | DT5: =DP5-DL5 -> 19001 | DU5: =DR5-DM5 -> 41712 | DV5: =IFERROR((DP5-DL5)*100/DL5,"") -> 58.119475 | DW5: =IFERROR((DR5-DM5)*100/DM5,"") -> 46.403898 | DY5: =$A$5 -> واردات | DZ5: =$B5 -> انبارداری | EA5: =$C5 -> تن | EB5: =SUMIFS([1]واردات!$D$42:$D$51,[1]واردات!$AA$42:$AA$51,EN2) -> 373 | EC5: 5089 | ED5: =SUMIFS([1]واردات!$H$42:$H$51,[1]واردات!$AA$42:$AA$51,EN2) -> 3069.1126 | EE5: 26217 | EF5: =SUMIFS([1]واردات!$L$42:$L$51,[1]واردات!$AA$42:$AA$51,EN2) -> 96 | EG5: =IFERROR(EF5*100/ED5,"") -> 3.12794 | EH5: 195 | EI5: =IFERROR(EH5*100/EE5,"") -> 0.7437922 | EJ5: =EF5-EB5 -> -277 | EK5: =EH5-EC5 -> -4894 | EL5: =IFERROR((EF5-EB5)*100/EB5,"") -> -74.262735 | EM5: =IFERROR((EH5-EC5)*100/EC5,"") -> -96.168206 | EO5: =$A$5 -> واردات | EP5: =$B5 -> انبارداری | EQ5: =$C5 -> تن | ER5: =SUMIFS([1]واردات!$D$42:$D$51,[1]واردات!$AA$42:$AA$51,FD2) -> 626 | ES5: 2342 | ET5: =SUMIFS([1]واردات!$H$42:$H$51,[1]واردات!$AA$42:$AA$51,FD2) -> 3436.4 | EU5: 10057 | EV5: =SUMIFS([1]واردات!$L$42:$L$51,[1]واردات!$AA$42:$AA$51,FD2) -> 6747 | EW5: =IFERROR(EV5*100/ET5,"") -> 196.33919 | EX5: 15394 | EY5: =IFERROR(EX5*100/EU5,"") -> 153.06752 | EZ5: =EV5-ER5 -> 6121 | FA5: =EX5-ES5 -> 13052 | FB5: =IFERROR((EV5-ER5)*100/ER5,"") -> 977.79553 | FC5: =IFERROR((EX5-ES5)*100/ES5,"") -> 557.30145 | FE5: =$A$5 -> واردات | FF5: =$B5 -> انبارداری | FG5: =$C5 -> تن | FH5: =SUMIFS([1]واردات!$D$42:$D$51,[1]واردات!$AA$42:$AA$51,FT2) -> 0 | FJ5: =SUMIFS([1]واردات!$H$42:$H$51,[1]واردات!$AA$42:$AA$51,FT2) -> 0 | FL5: =SUMIFS([1]واردات!$L$42:$L$51,[1]واردات!$AA$42:$AA$51,FT2) -> 0 | FM5: =IFERROR(FL5*100/FJ5,"") | FO5: =IFERROR(FN5*100/FK5,"") | FP5: =FL5-FH5 -> 0 | FQ5: =FN5-FI5 -> 0 | FR5: =IFERROR((FL5-FH5)*100/FH5,"") | FS5: =IFERROR((FN5-FI5)*100/FI5,"")
B6: میانگین مدت ماندگاری کالا | C6: روز | D6: =IFERROR(D7/D5,"") -> 29.692211 | F6: =IFERROR(F7/F5,"") -> 52.017423 | H6: =IFERROR(H7/H5,"") -> 25.251259 | I6: =IFERROR(H6*100/F6,"") -> 48.543849 | L6: =IFERROR(H6-D6,"") -> -4.4409518 | N6: =IFERROR((H6-D6)*100/D6,"") -> -14.956622 | O6: =IFERROR((J6-E6)*100/E6,"-") -> - | P6: 1 | R6: =$B6 -> میانگین مدت ماندگاری کالا | S6: =$C6 -> روز | T6: 60 | V6: 60 | X6: 78 | Y6: =IFERROR(X6*100/V6,"") -> 130 | AB6: =X6-T6 -> 18 | AD6: =IFERROR((X6-T6)*100/T6,"") -> 30 | AE6: =IFERROR((Z6-U6)*100/U6,"-") -> - | AH6: =$B6 -> میانگین مدت ماندگاری کالا | AI6: =$C6 -> روز | AJ6: 50 | AL6: 50 | AN6: 52 | AO6: =IFERROR(AN6*100/AL6,"") -> 104 | AR6: =AN6-AJ6 -> 2 | AT6: =IFERROR((AN6-AJ6)*100/AJ6,"") -> 4 | AU6: =IFERROR((AP6-AK6)*100/AK6,"-") -> - | AX6: =$B6 -> میانگین مدت ماندگاری کالا | AY6: =$C6 -> روز | AZ6: 25 | BB6: 25 | BD6: 42 | BE6: =IFERROR(BD6*100/BB6,"") -> 168 | BH6: =BD6-AZ6 -> 17 | BJ6: =IFERROR((BD6-AZ6)*100/AZ6,"") -> 68 | BK6: =IFERROR((BF6-BA6)*100/BA6,"-") -> - | BN6: =$B6 -> میانگین مدت ماندگاری کالا | BO6: =$C6 -> روز | BP6: 8 | BR6: 9 | BT6: 14 | BU6: =IFERROR(BT6*100/BR6,"") -> 155.55556 | BX6: =BT6-BP6 -> 6 | BZ6: =IFERROR((BT6-BP6)*100/BP6,"") -> 75 | CA6: =IFERROR((BV6-BQ6)*100/BQ6,"-") -> - | CD6: =$B6 -> میانگین مدت ماندگاری کالا | CE6: =$C6 -> روز | CF6: 62 | CH6: 63 | CJ6: 96 | CK6: =IFERROR(CJ6*100/CH6,"") -> 152.38095 | CN6: =CJ6-CF6 -> 34 | CP6: =IFERROR((CJ6-CF6)*100/CF6,"") -> 54.83871 | CQ6: =IFERROR((CL6-CG6)*100/CG6,"-") -> - | CT6: =$B6 -> میانگین مدت ماندگاری کالا | CU6: =$C6 -> روز | CV6: 55 | CX6: 51 | CZ6: 59 | DA6: =IFERROR(CZ6*100/CX6,"") -> 115.68627 | DD6: =CZ6-CV6 -> 4 | DF6: =IFERROR((CZ6-CV6)*100/CV6,"") -> 7.2727273 | DG6: =IFERROR((DB6-CW6)*100/CW6,"-") -> - | DJ6: =$B6 -> میانگین مدت ماندگاری کالا | DK6: =$C6 -> روز | DL6: 29 | DN6: 90 | DP6: 20 | DQ6: =IFERROR(DP6*100/DN6,"") -> 22.222222 | DT6: =DP6-DL6 -> -9 | DV6: =IFERROR((DP6-DL6)*100/DL6,"") -> -31.034483 | DW6: =IFERROR((DR6-DM6)*100/DM6,"-") -> - | DZ6: =$B6 -> میانگین مدت ماندگاری کالا | EA6: =$C6 -> روز | EB6: 116 | ED6: 90 | EF6: 24 | EG6: =IFERROR(EF6*100/ED6,"") -> 26.666667 | EJ6: =EF6-EB6 -> -92 | EL6: =IFERROR((EF6-EB6)*100/EB6,"") -> -79.310345 | EM6: =IFERROR((EH6-EC6)*100/EC6,"-") -> - | EP6: =$B6 -> میانگین مدت ماندگاری کالا | EQ6: =$C6 -> روز | ER6: 50 | ET6: 49 | EV6: 29 | EW6: =IFERROR(EV6*100/ET6,"") -> 59.183673 | EZ6: =EV6-ER6 -> -21 | FB6: =IFERROR((EV6-ER6)*100/ER6,"") -> -42 | FC6: =IFERROR((EX6-ES6)*100/ES6,"-") -> - | FF6: =$B6 -> میانگین مدت ماندگاری کالا | FG6: =$C6 -> روز | FM6: =IFERROR(FL6*100/FJ6,"") | FP6: =FL6-FH6 -> 0 | FR6: =IFERROR((FL6-FH6)*100/FH6,"") | FS6: =IFERROR((FN6-FI6)*100/FI6,"-") -> -
B7: انبارداری | C7: تن روز | D7: =SUM(T7,AJ7,AZ7,BP7,CF7,CV7,DL7,EB7,ER7,FH7) -> 3376717 | F7: =SUM(V7,AL7,BB7,BR7,CH7,CX7,DN7,ED7,ET7,FJ7) -> 7920291.2 | H7: =SUM(X7,AN7,BD7,BT7,CJ7,CZ7,DP7,EF7,EV7,FL7) -> 3679765 | I7: =IFERROR(H7*100/F7,"") -> 46.459971 | L7: =IFERROR(H7-D7,"") -> 303048 | N7: =IFERROR((H7-D7)*100/D7,"") -> 8.9746342 | O7: =IFERROR((J7-E7)*100/E7,"-") -> - | P7: 1 | R7: =$B7 -> انبارداری | S7: =$C7 -> تن روز | T7: =IFERROR(T5*T6,"") -> 667500 | V7: =IFERROR(V5*V6,"") -> 2309835.9 | X7: =IFERROR(X5*X6,"") -> 225498 | Y7: =IFERROR(X7*100/V7,"") -> 9.7625115 | AB7: =X7-T7 -> -442002 | AD7: =IFERROR((X7-T7)*100/T7,"") -> -66.217528 | AE7: =IFERROR((Z7-U7)*100/U7,"-") -> - | AH7: =$B7 -> انبارداری | AI7: =$C7 -> تن روز | AJ7: =IFERROR(AJ5*AJ6,"") -> 494950 | AL7: =IFERROR(AL5*AL6,"") -> 816019.46 | AN7: =IFERROR(AN5*AN6,"") -> 328068 | AO7: =IFERROR(AN7*100/AL7,"") -> 40.203453 | AR7: =AN7-AJ7 -> -166882 | AT7: =IFERROR((AN7-AJ7)*100/AJ7,"") -> -33.716941 | AU7: =IFERROR((AP7-AK7)*100/AK7,"-") -> - | AX7: =$B7 -> انبارداری | AY7: =$C7 -> تن روز | AZ7: =IFERROR(AZ5*AZ6,"") -> 197050 | BB7: =IFERROR(BB5*BB6,"") -> 231790.28 | BD7: =IFERROR(BD5*BD6,"") -> 284676 | BE7: =IFERROR(BD7*100/BB7,"") -> 122.81619 | BH7: =BD7-AZ7 -> 87626 | BJ7: =IFERROR((BD7-AZ7)*100/AZ7,"") -> 44.468917 | BK7: =IFERROR((BF7-BA7)*100/BA7,"-") -> - | BN7: =$B7 -> انبارداری | BO7: =$C7 -> تن روز | BP7: =IFERROR(BP5*BP6,"") -> 322240 | BR7: =IFERROR(BR5*BR6,"") -> 341646.43 | BT7: =IFERROR(BT5*BT6,"") -> 880012 | BU7: =IFERROR(BT7*100/BR7,"") -> 257.57974 | BX7: =BT7-BP7 -> 557772 | BZ7: =IFERROR((BT7-BP7)*100/BP7,"") -> 173.09211 | CA7: =IFERROR((BV7-BQ7)*100/BQ7,"-") -> - | CD7: =$B7 -> انبارداری | CE7: =$C7 -> تن روز | CF7: =IFERROR(CF5*CF6,"") -> 671212 | CH7: =IFERROR(CH5*CH6,"") -> 363789.39 | CJ7: =IFERROR(CJ5*CJ6,"") -> 614496 | CK7: =IFERROR(CJ7*100/CH7,"") -> 168.91532 | CN7: =CJ7-CF7 -> -56716 | CP7: =IFERROR((CJ7-CF7)*100/CF7,"") -> -8.4497893 | CQ7: =IFERROR((CL7-CG7)*100/CG7,"-") -> - | CT7: =$B7 -> انبارداری | CU7: =$C7 -> تن روز | CV7: =IFERROR(CV5*CV6,"") -> 1100 | CX7: =IFERROR(CX5*CX6,"") -> 1706.9995 | CZ7: =IFERROR(CZ5*CZ6,"") -> 115168 | DA7: =IFERROR(CZ7*100/CX7,"") -> 6746.8094 | DD7: =CZ7-CV7 -> 114068 | DF7: =IFERROR((CZ7-CV7)*100/CV7,"") -> 10369.818 | DG7: =IFERROR((DB7-CW7)*100/CW7,"-") -> - | DJ7: =$B7 -> انبارداری | DK7: =$C7 -> تن روز | DL7: =IFERROR(DL5*DL6,"") -> 948097 | DN7: =IFERROR(DN5*DN6,"") -> 3410898.9 | DP7: =IFERROR(DP5*DP6,"") -> 1033880 | DQ7: =IFERROR(DP7*100/DN7,"") -> 30.311071 | DT7: =DP7-DL7 -> 85783 | DV7: =IFERROR((DP7-DL7)*100/DL7,"") -> 9.0479139 | DW7: =IFERROR((DR7-DM7)*100/DM7,"-") -> - | DZ7: =$B7 -> انبارداری | EA7: =$C7 -> تن روز | EB7: =IFERROR(EB5*EB6,"") -> 43268 | ED7: =IFERROR(ED5*ED6,"") -> 276220.13 | EF7: =IFERROR(EF5*EF6,"") -> 2304 | EG7: =IFERROR(EF7*100/ED7,"") -> 0.83411733 | EJ7: =EF7-EB7 -> -40964 | EL7: =IFERROR((EF7-EB7)*100/EB7,"") -> -94.675049 | EM7: =IFERROR((EH7-EC7)*100/EC7,"-") -> - | EP7: =$B7 -> انبارداری | EQ7: =$C7 -> تن روز | ER7: =IFERROR(ER5*ER6,"") -> 31300 | ET7: =IFERROR(ET5*ET6,"") -> 168383.6 | EV7: =IFERROR(EV5*EV6,"") -> 195663 | EW7: =IFERROR(EV7*100/ET7,"") -> 116.20075 | EZ7: =EV7-ER7 -> 164363 | FB7: =IFERROR((EV7-ER7)*100/ER7,"") -> 525.12141 | FC7: =IFERROR((EX7-ES7)*100/ES7,"-") -> - | FF7: =$B7 -> انبارداری | FG7: =$C7 -> تن روز | FH7: =IFERROR(FH5*FH6,"") -> 0 | FJ7: =IFERROR(FJ5*FJ6,"") -> 0 | FL7: =IFERROR(FL5*FL6,"") -> 0 | FM7: =IFERROR(FL7*100/FJ7,"") | FP7: =FL7-FH7 -> 0 | FR7: =IFERROR((FL7-FH7)*100/FH7,"") | FS7: =IFERROR((FN7-FI7)*100/FI7,"-") -> -
B8: باربری | C8: تن | D8: =SUM(T8,AJ8,AZ8,BP8,CF8,CV8,DL8,EB8,ER8,FH8) -> 227448 | E8: =SUM(U8,AK8,BA8,BQ8,CG8,CW8,DM8,EC8,ES8,FI8) -> 465998 | F8: =SUM(V8,AL8,BB8,BR8,CH8,CX8,DN8,ED8,ET8,FJ8) -> 304524.55 | G8: =SUM(W8,AM8,BC8,BS8,CI8,CY8,DO8,EE8,EU8,FK8) -> 690927 | H8: =SUM(X8,AN8,BD8,BT8,CJ8,CZ8,DP8,EF8,EV8,FL8) -> 291452 | I8: =IFERROR(H8*100/F8,"") -> 95.707226 | J8: =SUM(Z8,AP8,BF8,BV8,CL8,DB8,DR8,EH8,EX8,FN8) -> 808273 | K8: =IFERROR(J8*100/G8,"") -> 116.98385 | L8: =IFERROR(H8-D8,"") -> 64004 | M8: =IFERROR(J8-E8,"") -> 342275 | N8: =IFERROR((H8-D8)*100/D8,"") -> 28.140058 | O8: =IFERROR((J8-E8)*100/E8,"") -> 73.449886 | P8: 1 | R8: =$B8 -> باربری | S8: =$C8 -> تن | T8: =IFERROR(2*T5,"") -> 22250 | U8: 40772 | V8: =IFERROR(2*V5,"") -> 76994.531 | W8: 138874 | X8: =IFERROR(2*X5,"") -> 5782 | Y8: =IFERROR(X8*100/V8,"") -> 7.5096243 | Z8: 14688 | AA8: =IFERROR(Z8*100/W8,"") -> 10.576494 | AB8: =X8-T8 -> -16468 | AC8: =Z8-U8 -> -26084 | AD8: =IFERROR((X8-T8)*100/T8,"") -> -74.013483 | AE8: =IFERROR((Z8-U8)*100/U8,"") -> -63.975277 | AH8: =$B8 -> باربری | AI8: =$C8 -> تن | AJ8: =IFERROR(2*AJ5,"") -> 19798 | AK8: 9720 | AL8: =IFERROR(2*AL5,"") -> 32640.779 | AM8: 16351 | AN8: =IFERROR(2*AN5,"") -> 12618 | AO8: =IFERROR(AN8*100/AL8,"") -> 38.657166 | AP8: 25516 | AQ8: =IFERROR(AP8*100/AM8,"") -> 156.05162 | AR8: =AN8-AJ8 -> -7180 | AS8: =AP8-AK8 -> 15796 | AT8: =IFERROR((AN8-AJ8)*100/AJ8,"") -> -36.26629 | AU8: =IFERROR((AP8-AK8)*100/AK8,"") -> 162.51029 | AX8: =$B8 -> باربری | AY8: =$C8 -> تن | AZ8: =IFERROR(2*AZ5,"") -> 15764 | BA8: 32643 | BB8: =IFERROR(2*BB5,"") -> 18543.223 | BC8: 57439 | BD8: =IFERROR(2*BD5,"") -> 13556 | BE8: =IFERROR(BD8*100/BB8,"") -> 73.104876 | BF8: 43718 | BG8: =IFERROR(BF8*100/BC8,"") -> 76.112049 | BH8: =BD8-AZ8 -> -2208 | BI8: =BF8-BA8 -> 11075 | BJ8: =IFERROR((BD8-AZ8)*100/AZ8,"") -> -14.006597 | BK8: =IFERROR((BF8-BA8)*100/BA8,"") -> 33.927641 | BN8: =$B8 -> باربری | BO8: =$C8 -> تن | BP8: =IFERROR(2*BP5,"") -> 80560 | BQ8: 311287 | BR8: =IFERROR(2*BR5,"") -> 75921.43 | BS8: 385608 | BT8: =IFERROR(2*BT5,"") -> 125716 | BU8: =IFERROR(BT8*100/BR8,"") -> 165.58698 | BV8: 515378 | BW8: =IFERROR(BV8*100/BS8,"") -> 133.65335 | BX8: =BT8-BP8 -> 45156 | BY8: =BV8-BQ8 -> 204091 | BZ8: =IFERROR((BT8-BP8)*100/BP8,"") -> 56.052632 | CA8: =IFERROR((BV8-BQ8)*100/BQ8,"") -> 65.563612 | CD8: =$B8 -> باربری | CE8: =$C8 -> تن | CF8: =IFERROR(2*CF5,"") -> 21652 | CG8: 24587 | CH8: =IFERROR(2*CH5,"") -> 11548.869 | CI8: 18793 | CJ8: =IFERROR(2*CJ5,"") -> 12802 | CK8: =IFERROR(CJ8*100/CH8,"") -> 110.85068 | CL8: 21518 | CM8: =IFERROR(CL8*100/CI8,"") -> 114.50008 | CN8: =CJ8-CF8 -> -8850 | CO8: =CL8-CG8 -> -3069 | CP8: =IFERROR((CJ8-CF8)*100/CF8,"") -> -40.873822 | CQ8: =IFERROR((CL8-CG8)*100/CG8,"") -> -12.482206 | CT8: =$B8 -> باربری | CU8: =$C8 -> تن | CV8: =IFERROR(2*CV5,"") -> 40 | CW8: 53 | CX8: =IFERROR(2*CX5,"") -> 66.941156 | CY8: 60 | CZ8: =IFERROR(2*CZ5,"") -> 3904 | DA8: =IFERROR(CZ8*100/CX8,"") -> 5831.9878 | DB8: 2362 | DC8: =IFERROR(DB8*100/CY8,"") -> 3936.6667 | DD8: =CZ8-CV8 -> 3864 | DE8: =DB8-CW8 -> 2309 | DF8: =IFERROR((CZ8-CV8)*100/CV8,"") -> 9660 | DG8: =IFERROR((DB8-CW8)*100/CW8,"") -> 4356.6038 | DJ8: =$B8 -> باربری | DK8: =$C8 -> تن | DL8: =IFERROR(2*DL5,"") -> 65386 | DM8: 46190 | DN8: =IFERROR(2*DN5,"") -> 75797.754 | DO8: 69943 | DP8: =IFERROR(2*DP5,"") -> 103388 | DQ8: =IFERROR(DP8*100/DN8,"") -> 136.39982 | DR8: 163436 | DS8: =IFERROR(DR8*100/DO8,"") -> 233.67027 | DT8: =DP8-DL8 -> 38002 | DU8: =DR8-DM8 -> 117246 | DV8: =IFERROR((DP8-DL8)*100/DL8,"") -> 58.119475 | DW8: =IFERROR((DR8-DM8)*100/DM8,"") -> 253.83416 | DZ8: =$B8 -> باربری | EA8: =$C8 -> تن | EB8: =IFERROR(2*EB5,"") -> 746 | EC8: 215 | ED8: =IFERROR(2*ED5,"") -> 6138.2252 | EE8: 1417 | EF8: =IFERROR(2*EF5,"") -> 192 | EG8: =IFERROR(EF8*100/ED8,"") -> 3.12794 | EH8: 259 | EI8: =IFERROR(EH8*100/EE8,"") -> 18.278052 | EJ8: =EF8-EB8 -> -554 | EK8: =EH8-EC8 -> 44 | EL8: =IFERROR((EF8-EB8)*100/EB8,"") -> -74.262735 | EM8: =IFERROR((EH8-EC8)*100/EC8,"") -> 20.465116 | EP8: =$B8 -> باربری | EQ8: =$C8 -> تن | ER8: =IFERROR(2*ER5,"") -> 1252 | ES8: 531 | ET8: =IFERROR(2*ET5,"") -> 6872.8 | EU8: 2442 | EV8: =IFERROR(2*EV5,"") -> 13494 | EW8: =IFERROR(EV8*100/ET8,"") -> 196.33919 | EX8: 21398 | EY8: =IFERROR(EX8*100/EU8,"") -> 876.24898 | EZ8: =EV8-ER8 -> 12242 | FA8: =EX8-ES8 -> 20867 | FB8: =IFERROR((EV8-ER8)*100/ER8,"") -> 977.79553 | FC8: =IFERROR((EX8-ES8)*100/ES8,"") -> 3929.7552 | FF8: =$B8 -> باربری | FG8: =$C8 -> تن | FH8: =IFERROR(2*FH5,"") -> 0 | FJ8: =IFERROR(2*FJ5,"") -> 0 | FL8: =IFERROR(2*FL5,"") -> 0 | FM8: =IFERROR(FL8*100/FJ8,"") | FO8: =IFERROR(FN8*100/FK8,"") | FP8: =FL8-FH8 -> 0 | FQ8: =FN8-FI8 -> 0 | FR8: =IFERROR((FL8-FH8)*100/FH8,"") | FS8: =IFERROR((FN8-FI8)*100/FI8,"")
B9: حمل یکسره | C9: تن | D9: =SUM(T9,AJ9,AZ9,BP9,CF9,CV9,DL9,EB9,ER9,FH9) -> 3902 | E9: =SUM(U9,AK9,BA9,BQ9,CG9,CW9,DM9,EC9,ES9,FI9) -> 151 | F9: =SUM(V9,AL9,BB9,BR9,CH9,CX9,DN9,ED9,ET9,FJ9) -> 9774.4185 | G9: =SUM(W9,AM9,BC9,BS9,CI9,CY9,DO9,EE9,EU9,FK9) -> 67 | H9: =SUM(X9,AN9,BD9,BT9,CJ9,CZ9,DP9,EF9,EV9,FL9) -> 657 | I9: =IFERROR(H9*100/F9,"") -> 6.7216275 | J9: =SUM(Z9,AP9,BF9,BV9,CL9,DB9,DR9,EH9,EX9,FN9) -> 479 | K9: =IFERROR(J9*100/G9,"") -> 714.92537 | L9: =IFERROR(H9-D9,"") -> -3245 | M9: =IFERROR(J9-E9,"") -> 328 | N9: =IFERROR((H9-D9)*100/D9,"") -> -83.162481 | O9: =IFERROR((J9-E9)*100/E9,"") -> 217.21854 | P9: 1 | R9: =$B9 -> حمل یکسره | S9: =$C9 -> تن | T9: =SUMIFS([1]واردات!$C$42:$C$51,[1]واردات!$AA$42:$AA$51,AF2) -> 3822 | U9: 26 | V9: =SUMIFS([1]واردات!$G$42:$G$51,[1]واردات!$AA$42:$AA$51,AF2) -> 9716.2736 | W9: 67 | X9: =SUMIFS([1]واردات!$K$42:$K$51,[1]واردات!$AA$42:$AA$51,AF2) -> 40 | Y9: =IFERROR(X9*100/V9,"") -> 0.41168046 | Z9: 26 | AA9: =IFERROR(Z9*100/W9,"") -> 38.80597 | AB9: =X9-T9 -> -3782 | AC9: =Z9-U9 -> 0 | AD9: =IFERROR((X9-T9)*100/T9,"") -> -98.953428 | AE9: =IFERROR((Z9-U9)*100/U9,"") -> 0 | AH9: =$B9 -> حمل یکسره | AI9: =$C9 -> تن | AJ9: =SUMIFS([1]واردات!$C$42:$C$51,[1]واردات!$AA$42:$AA$51,AV2) -> 0 | AL9: =SUMIFS([1]واردات!$G$42:$G$51,[1]واردات!$AA$42:$AA$51,AV2) -> 0 | AN9: =SUMIFS([1]واردات!$K$42:$K$51,[1]واردات!$AA$42:$AA$51,AV2) -> 493 | AO9: =IFERROR(AN9*100/AL9,"") | AP9: 292 | AQ9: =IFERROR(AP9*100/AM9,"") | AR9: =AN9-AJ9 -> 493 | AS9: =AP9-AK9 -> 292 | AT9: =IFERROR((AN9-AJ9)*100/AJ9,"") | AU9: =IFERROR((AP9-AK9)*100/AK9,"") | AX9: =$B9 -> حمل یکسره | AY9: =$C9 -> تن | AZ9: =SUMIFS([1]واردات!$C$42:$C$51,[1]واردات!$AA$42:$AA$51,BL2) -> 0 | BB9: =SUMIFS([1]واردات!$G$42:$G$51,[1]واردات!$AA$42:$AA$51,BL2) -> 0 | BD9: =SUMIFS([1]واردات!$K$42:$K$51,[1]واردات!$AA$42:$AA$51,BL2) -> 0 | BE9: =IFERROR(BD9*100/BB9,"") | BG9: =IFERROR(BF9*100/BC9,"") | BH9: =BD9-AZ9 -> 0 | BI9: =BF9-BA9 -> 0 | BJ9: =IFERROR((BD9-AZ9)*100/AZ9,"") | BK9: =IFERROR((BF9-BA9)*100/BA9,"") | BN9: =$B9 -> حمل یکسره | BO9: =$C9 -> تن | BP9: =SUMIFS([1]واردات!$C$42:$C$51,[1]واردات!$AA$42:$AA$51,CB2) -> 0 | BR9: =SUMIFS([1]واردات!$G$42:$G$51,[1]واردات!$AA$42:$AA$51,CB2) -> 0 | BT9: =SUMIFS([1]واردات!$K$42:$K$51,[1]واردات!$AA$42:$AA$51,CB2) -> 0 | BU9: =IFERROR(BT9*100/BR9,"") | BW9: =IFERROR(BV9*100/BS9,"") | BX9: =BT9-BP9 -> 0 | BY9: =BV9-BQ9 -> 0 | BZ9: =IFERROR((BT9-BP9)*100/BP9,"") | CA9: =IFERROR((BV9-BQ9)*100/BQ9,"") | CD9: =$B9 -> حمل یکسره | CE9: =$C9 -> تن | CF9: =SUMIFS([1]واردات!$C$42:$C$51,[1]واردات!$AA$42:$AA$51,CR2) -> 1 | CH9: =SUMIFS([1]واردات!$G$42:$G$51,[1]واردات!$AA$42:$AA$51,CR2) -> 0 | CJ9: =SUMIFS([1]واردات!$K$42:$K$51,[1]واردات!$AA$42:$AA$51,CR2) -> 0 | CK9: =IFERROR(CJ9*100/CH9,"") | CM9: =IFERROR(CL9*100/CI9,"") | CN9: =CJ9-CF9 -> -1 | CO9: =CL9-CG9 -> 0 | CP9: =IFERROR((CJ9-CF9)*100/CF9,"") -> -100 | CQ9: =IFERROR((CL9-CG9)*100/CG9,"") | CT9: =$B9 -> حمل یکسره | CU9: =$C9 -> تن | CV9: =SUMIFS([1]واردات!$C$42:$C$51,[1]واردات!$AA$42:$AA$51,DH2) -> 0 | CX9: =SUMIFS([1]واردات!$G$42:$G$51,[1]واردات!$AA$42:$AA$51,DH2) -> 0 | CZ9: =SUMIFS([1]واردات!$K$42:$K$51,[1]واردات!$AA$42:$AA$51,DH2) -> 0 | DA9: =IFERROR(CZ9*100/CX9,"") | DC9: =IFERROR(DB9*100/CY9,"") | DD9: =CZ9-CV9 -> 0 | DE9: =DB9-CW9 -> 0 | DF9: =IFERROR((CZ9-CV9)*100/CV9,"") | DG9: =IFERROR((DB9-CW9)*100/CW9,"") | DJ9: =$B9 -> حمل یکسره | DK9: =$C9 -> تن | DL9: =SUMIFS([1]واردات!$C$42:$C$51,[1]واردات!$AA$42:$AA$51,DX2) -> 50 | DM9: 125 | DN9: =SUMIFS([1]واردات!$G$42:$G$51,[1]واردات!$AA$42:$AA$51,DX2) -> 0 | DP9: =SUMIFS([1]واردات!$K$42:$K$51,[1]واردات!$AA$42:$AA$51,DX2) -> 86 | DQ9: =IFERROR(DP9*100/DN9,"") | DR9: 128 | DS9: =IFERROR(DR9*100/DO9,"") | DT9: =DP9-DL9 -> 36 | DU9: =DR9-DM9 -> 3 | DV9: =IFERROR((DP9-DL9)*100/DL9,"") -> 72 | DW9: =IFERROR((DR9-DM9)*100/DM9,"") -> 2.4 | DZ9: =$B9 -> حمل یکسره | EA9: =$C9 -> تن | EB9: =SUMIFS([1]واردات!$C$42:$C$51,[1]واردات!$AA$42:$AA$51,EN2) -> 29 | ED9: =SUMIFS([1]واردات!$G$42:$G$51,[1]واردات!$AA$42:$AA$51,EN2) -> 58.144819 | EF9: =SUMIFS([1]واردات!$K$42:$K$51,[1]واردات!$AA$42:$AA$51,EN2) -> 38 | EG9: =IFERROR(EF9*100/ED9,"") -> 65.35406 | EH9: 33 | EI9: =IFERROR(EH9*100/EE9,"") | EJ9: =EF9-EB9 -> 9 | EK9: =EH9-EC9 -> 33 | EL9: =IFERROR((EF9-EB9)*100/EB9,"") -> 31.034483 | EM9: =IFERROR((EH9-EC9)*100/EC9,"") | EP9: =$B9 -> حمل یکسره | EQ9: =$C9 -> تن | ER9: =SUMIFS([1]واردات!$C$42:$C$51,[1]واردات!$AA$42:$AA$51,FD2) -> 0 | ET9: =SUMIFS([1]واردات!$G$42:$G$51,[1]واردات!$AA$42:$AA$51,FD2) -> 0 | EV9: =SUMIFS([1]واردات!$K$42:$K$51,[1]واردات!$AA$42:$AA$51,FD2) -> 0 | EW9: =IFERROR(EV9*100/ET9,"") | EY9: =IFERROR(EX9*100/EU9,"") | EZ9: =EV9-ER9 -> 0 | FA9: =EX9-ES9 -> 0 | FB9: =IFERROR((EV9-ER9)*100/ER9,"") | FC9: =IFERROR((EX9-ES9)*100/ES9,"") | FF9: =$B9 -> حمل یکسره | FG9: =$C9 -> تن | FH9: =SUMIFS([1]واردات!$C$42:$C$51,[1]واردات!$AA$42:$AA$51,FT2) -> 0 | FJ9: =SUMIFS([1]واردات!$G$42:$G$51,[1]واردات!$AA$42:$AA$51,FT2) -> 0 | FL9: =SUMIFS([1]واردات!$K$42:$K$51,[1]واردات!$AA$42:$AA$51,FT2) -> 0 | FM9: =IFERROR(FL9*100/FJ9,"") | FO9: =IFERROR(FN9*100/FK9,"") | FP9: =FL9-FH9 -> 0 | FQ9: =FN9-FI9 -> 0 | FR9: =IFERROR((FL9-FH9)*100/FH9,"") | FS9: =IFERROR((FN9-FI9)*100/FI9,"")
B10: ترانشیپ | C10: تن | D10: =SUM(T10,AJ10,AZ10,BP10,CF10,CV10,DL10,EB10,ER10,FH10) -> 498346 | E10: =SUM(U10,AK10,BA10,BQ10,CG10,CW10,DM10,EC10,ES10,FI10) -> 95843 | F10: =SUM(V10,AL10,BB10,BR10,CH10,CX10,DN10,ED10,ET10,FJ10) -> 509431.77 | G10: =SUM(W10,AM10,BC10,BS10,CI10,CY10,DO10,EE10,EU10,FK10) -> 146941 | H10: =SUM(X10,AN10,BD10,BT10,CJ10,CZ10,DP10,EF10,EV10,FL10) -> 641162 | I10: =IFERROR(H10*100/F10,"") -> 125.85827 | J10: =SUM(Z10,AP10,BF10,BV10,CL10,DB10,DR10,EH10,EX10,FN10) -> 164419 | K10: =IFERROR(J10*100/G10,"") -> 111.89457 | L10: =IFERROR(H10-D10,"") -> 142816 | M10: =IFERROR(J10-E10,"") -> 68576 | N10: =IFERROR((H10-D10)*100/D10,"") -> 28.658001 | O10: =IFERROR((J10-E10)*100/E10,"") -> 71.550348 | P10: 1 | R10: =$B10 -> ترانشیپ | S10: =$C10 -> تن | T10: =SUMIFS([1]واردات!$E$42:$E$51,[1]واردات!$AA$42:$AA$51,AF2) -> 0 | V10: =SUMIFS([1]واردات!$I$42:$I$51,[1]واردات!$AA$42:$AA$51,AF2) -> 0 | X10: =SUMIFS([1]واردات!$M$42:$M$51,[1]واردات!$AA$42:$AA$51,AF2) -> 0 | Y10: =IFERROR(X10*100/V10,"") | AA10: =IFERROR(Z10*100/W10,"") | AB10: =X10-T10 -> 0 | AC10: =Z10-U10 -> 0 | AD10: =IFERROR((X10-T10)*100/T10,"") | AE10: =IFERROR((Z10-U10)*100/U10,"") | AH10: =$B10 -> ترانشیپ | AI10: =$C10 -> تن | AJ10: =SUMIFS([1]واردات!$E$42:$E$51,[1]واردات!$AA$42:$AA$51,AV2) -> 0 | AL10: =SUMIFS([1]واردات!$I$42:$I$51,[1]واردات!$AA$42:$AA$51,AV2) -> 0 | AN10: =SUMIFS([1]واردات!$M$42:$M$51,[1]واردات!$AA$42:$AA$51,AV2) -> 2207 | AO10: =IFERROR(AN10*100/AL10,"") | AP10: 1557 | AQ10: =IFERROR(AP10*100/AM10,"") | AR10: =AN10-AJ10 -> 2207 | AS10: =AP10-AK10 -> 1557 | AT10: =IFERROR((AN10-AJ10)*100/AJ10,"") | AU10: =IFERROR((AP10-AK10)*100/AK10,"") | AX10: =$B10 -> ترانشیپ | AY10: =$C10 -> تن | AZ10: =SUMIFS([1]واردات!$E$42:$E$51,[1]واردات!$AA$42:$AA$51,BL2) -> 29637 | BA10: 8883 | BB10: =SUMIFS([1]واردات!$I$42:$I$51,[1]واردات!$AA$42:$AA$51,BL2) -> 35361.703 | BC10: 14281 | BD10: =SUMIFS([1]واردات!$M$42:$M$51,[1]واردات!$AA$42:$AA$51,BL2) -> 24810 | BE10: =IFERROR(BD10*100/BB10,"") -> 70.160647 | BF10: 7949 | BG10: =IFERROR(BF10*100/BC10,"") -> 55.661368 | BH10: =BD10-AZ10 -> -4827 | BI10: =BF10-BA10 -> -934 | BJ10: =IFERROR((BD10-AZ10)*100/AZ10,"") -> -16.287074 | BK10: =IFERROR((BF10-BA10)*100/BA10,"") -> -10.514466 | BN10: =$B10 -> ترانشیپ | BO10: =$C10 -> تن | BP10: =SUMIFS([1]واردات!$E$42:$E$51,[1]واردات!$AA$42:$AA$51,CB2) -> 418170 | BQ10: 75305 | BR10: =SUMIFS([1]واردات!$I$42:$I$51,[1]واردات!$AA$42:$AA$51,CB2) -> 401431.4 | BS10: 107863 | BT10: =SUMIFS([1]واردات!$M$42:$M$51,[1]واردات!$AA$42:$AA$51,CB2) -> 489014 | BU10: =IFERROR(BT10*100/BR10,"") -> 121.81758 | BV10: 130124 | BW10: =IFERROR(BV10*100/BS10,"") -> 120.63822 | BX10: =BT10-BP10 -> 70844 | BY10: =BV10-BQ10 -> 54819 | BZ10: =IFERROR((BT10-BP10)*100/BP10,"") -> 16.941435 | CA10: =IFERROR((BV10-BQ10)*100/BQ10,"") -> 72.795963 | CD10: =$B10 -> ترانشیپ | CE10: =$C10 -> تن | CF10: =SUMIFS([1]واردات!$E$42:$E$51,[1]واردات!$AA$42:$AA$51,CR2) -> 0 | CH10: =SUMIFS([1]واردات!$I$42:$I$51,[1]واردات!$AA$42:$AA$51,CR2) -> 0 | CJ10: =SUMIFS([1]واردات!$M$42:$M$51,[1]واردات!$AA$42:$AA$51,CR2) -> 0 | CK10: =IFERROR(CJ10*100/CH10,"") | CM10: =IFERROR(CL10*100/CI10,"") | CN10: =CJ10-CF10 -> 0 | CO10: =CL10-CG10 -> 0 | CP10: =IFERROR((CJ10-CF10)*100/CF10,"") | CQ10: =IFERROR((CL10-CG10)*100/CG10,"") | CT10: =$B10 -> ترانشیپ | CU10: =$C10 -> تن | CV10: =SUMIFS([1]واردات!$E$42:$E$51,[1]واردات!$AA$42:$AA$51,DH2) -> 0 | CX10: =SUMIFS([1]واردات!$I$42:$I$51,[1]واردات!$AA$42:$AA$51,DH2) -> 0 | CZ10: =SUMIFS([1]واردات!$M$42:$M$51,[1]واردات!$AA$42:$AA$51,DH2) -> 0 | DA10: =IFERROR(CZ10*100/CX10,"") | DC10: =IFERROR(DB10*100/CY10,"") | DD10: =CZ10-CV10 -> 0 | DE10: =DB10-CW10 -> 0 | DF10: =IFERROR((CZ10-CV10)*100/CV10,"") | DG10: =IFERROR((DB10-CW10)*100/CW10,"") | DJ10: =$B10 -> ترانشیپ | DK10: =$C10 -> تن | DL10: =SUMIFS([1]واردات!$E$42:$E$51,[1]واردات!$AA$42:$AA$51,DX2) -> 50539 | DM10: 11655 | DN10: =SUMIFS([1]واردات!$I$42:$I$51,[1]واردات!$AA$42:$AA$51,DX2) -> 72638.662 | DO10: 24797 | DP10: =SUMIFS([1]واردات!$M$42:$M$51,[1]واردات!$AA$42:$AA$51,DX2) -> 125131 | DQ10: =IFERROR(DP10*100/DN10,"") -> 172.26501 | DR10: 24789 | DS10: =IFERROR(DR10*100/DO10,"") -> 99.967738 | DT10: =DP10-DL10 -> 74592 | DU10: =DR10-DM10 -> 13134 | DV10: =IFERROR((DP10-DL10)*100/DL10,"") -> 147.59295 | DW10: =IFERROR((DR10-DM10)*100/DM10,"") -> 112.68983 | DZ10: =$B10 -> ترانشیپ | EA10: =$C10 -> تن | EB10: =SUMIFS([1]واردات!$E$42:$E$51,[1]واردات!$AA$42:$AA$51,EN2) -> 0 | ED10: =SUMIFS([1]واردات!$I$42:$I$51,[1]واردات!$AA$42:$AA$51,EN2) -> 0 | EF10: =SUMIFS([1]واردات!$M$42:$M$51,[1]واردات!$AA$42:$AA$51,EN2) -> 0 | EG10: =IFERROR(EF10*100/ED10,"") | EI10: =IFERROR(EH10*100/EE10,"") | EJ10: =EF10-EB10 -> 0 | EK10: =EH10-EC10 -> 0 | EL10: =IFERROR((EF10-EB10)*100/EB10,"") | EM10: =IFERROR((EH10-EC10)*100/EC10,"") | EP10: =$B10 -> ترانشیپ | EQ10: =$C10 -> تن | ER10: =SUMIFS([1]واردات!$E$42:$E$51,[1]واردات!$AA$42:$AA$51,FD2) -> 0 | ET10: =SUMIFS([1]واردات!$I$42:$I$51,[1]واردات!$AA$42:$AA$51,FD2) -> 0 | EV10: =SUMIFS([1]واردات!$M$42:$M$51,[1]واردات!$AA$42:$AA$51,FD2) -> 0 | EW10: =IFERROR(EV10*100/ET10,"") | EY10: =IFERROR(EX10*100/EU10,"") | EZ10: =EV10-ER10 -> 0 | FA10: =EX10-ES10 -> 0 | FB10: =IFERROR((EV10-ER10)*100/ER10,"") | FC10: =IFERROR((EX10-ES10)*100/ES10,"") | FF10: =$B10 -> ترانشیپ | FG10: =$C10 -> تن | FH10: =SUMIFS([1]واردات!$E$42:$E$51,[1]واردات!$AA$42:$AA$51,FT2) -> 0 | FJ10: =SUMIFS([1]واردات!$I$42:$I$51,[1]واردات!$AA$42:$AA$51,FT2) -> 0 | FL10: =SUMIFS([1]واردات!$M$42:$M$51,[1]واردات!$AA$42:$AA$51,FT2) -> 0 | FM10: =IFERROR(FL10*100/FJ10,"") | FO10: =IFERROR(FN10*100/FK10,"") | FP10: =FL10-FH10 -> 0 | FQ10: =FN10-FI10 -> 0 | FR10: =IFERROR((FL10-FH10)*100/FH10,"") | FS10: =IFERROR((FN10-FI10)*100/FI10,"")
B11: خدمات باربری | C11: میلیون ریال | E11: =SUM(U11,AK11,BA11,BQ11,CG11,CW11,DM11,EC11,ES11,FI11) -> 73454 | G11: =SUM(W11,AM11,BC11,BS11,CI11,CY11,DO11,EE11,EU11,FK11) -> 132255 | J11: =SUM(Z11,AP11,BF11,BV11,CL11,DB11,DR11,EH11,EX11,FN11) -> 118106 | K11: =IFERROR(J11*100/G11,"") -> 89.301728 | M11: =IFERROR(J11-E11,"") -> 44652 | O11: =IFERROR((J11-E11)*100/E11,"") -> 60.789065 | P11: 1 | R11: =$B11 -> خدمات باربری | S11: =$C11 -> میلیون ریال | U11: 12286 | W11: 38822 | Z11: 3602 | AA11: =IFERROR(Z11*100/W11,"") -> 9.2782443 | AC11: =Z11-U11 -> -8684 | AE11: =IFERROR((Z11-U11)*100/U11,"") -> -70.682077 | AH11: =$B11 -> خدمات باربری | AI11: =$C11 -> میلیون ریال | AK11: 2818 | AM11: 3883 | AP11: 1448 | AQ11: =IFERROR(AP11*100/AM11,"") -> 37.290755 | AS11: =AP11-AK11 -> -1370 | AU11: =IFERROR((AP11-AK11)*100/AK11,"") -> -48.61604 | AX11: =$B11 -> خدمات باربری | AY11: =$C11 -> میلیون ریال | BA11: 6742 | BC11: 13533 | BF11: 6290 | BG11: =IFERROR(BF11*100/BC11,"") -> 46.478977 | BI11: =BF11-BA11 -> -452 | BK11: =IFERROR((BF11-BA11)*100/BA11,"") -> -6.7042421 | BN11: =$B11 -> خدمات باربری | BO11: =$C11 -> میلیون ریال | BQ11: 40661 | BS11: 56411 | BV11: 59733 | BW11: =IFERROR(BV11*100/BS11,"") -> 105.88892 | BY11: =BV11-BQ11 -> 19072 | CA11: =IFERROR((BV11-BQ11)*100/BQ11,"") -> 46.904897 | CD11: =$B11 -> خدمات باربری | CE11: =$C11 -> میلیون ریال | CG11: 1149 | CI11: 1254 | CL11: 1948 | CM11: =IFERROR(CL11*100/CI11,"") -> 155.3429 | CO11: =CL11-CG11 -> 799 | CQ11: =IFERROR((CL11-CG11)*100/CG11,"") -> 69.538729 | CT11: =$B11 -> خدمات باربری | CU11: =$C11 -> میلیون ریال | CW11: 5 | CY11: 4 | DB11: 61 | DC11: =IFERROR(DB11*100/CY11,"") -> 1525 | DE11: =DB11-CW11 -> 56 | DG11: =IFERROR((DB11-CW11)*100/CW11,"") -> 1120 | DJ11: =$B11 -> خدمات باربری | DK11: =$C11 -> میلیون ریال | DM11: 9573 | DO11: 16803 | DR11: 43786 | DS11: =IFERROR(DR11*100/DO11,"") -> 260.58442 | DU11: =DR11-DM11 -> 34213 | DW11: =IFERROR((DR11-DM11)*100/DM11,"") -> 357.39058 | DZ11: =$B11 -> خدمات باربری | EA11: =$C11 -> میلیون ریال | EC11: 168 | EE11: 1334 | EH11: 325 | EI11: =IFERROR(EH11*100/EE11,"") -> 24.362819 | EK11: =EH11-EC11 -> 157 | EM11: =IFERROR((EH11-EC11)*100/EC11,"") -> 93.452381 | EP11: =$B11 -> خدمات باربری | EQ11: =$C11 -> میلیون ریال | ES11: 52 | EU11: 211 | EX11: 913 | EY11: =IFERROR(EX11*100/EU11,"") -> 432.70142 | FA11: =EX11-ES11 -> 861 | FC11: =IFERROR((EX11-ES11)*100/ES11,"") -> 1655.7692 | FF11: =$B11 -> خدمات باربری | FG11: =$C11 -> میلیون ریال | FO11: =IFERROR(FN11*100/FK11,"") | FQ11: =FN11-FI11 -> 0 | FS11: =IFERROR((FN11-FI11)*100/FI11,"")
B12: بیمه | C12: میلیون ریال | E12: =SUM(U12,AK12,BA12,BQ12,CG12,CW12,DM12,EC12,ES12,FI12) -> 74605 | G12: =SUM(W12,AM12,BC12,BS12,CI12,CY12,DO12,EE12,EU12,FK12) -> 158140 | J12: =SUM(Z12,AP12,BF12,BV12,CL12,DB12,DR12,EH12,EX12,FN12) -> 150422 | K12: =IFERROR(J12*100/G12,"") -> 95.119514 | M12: =IFERROR(J12-E12,"") -> 75817 | O12: =IFERROR((J12-E12)*100/E12,"") -> 101.62456 | P12: 0 | R12: =$B12 -> بیمه | S12: =$C12 -> میلیون ریال | U12: 23994 | W12: 57455 | Z12: 17962 | AA12: =IFERROR(Z12*100/W12,"") -> 31.262727 | AC12: =Z12-U12 -> -6032 | AE12: =IFERROR((Z12-U12)*100/U12,"") -> -25.139618 | AH12: =$B12 -> بیمه | AI12: =$C12 -> میلیون ریال | AK12: 2402 | AM12: 4269 | AP12: 6902 | AQ12: =IFERROR(AP12*100/AM12,"") -> 161.67721 | AS12: =AP12-AK12 -> 4500 | AU12: =IFERROR((AP12-AK12)*100/AK12,"") -> 187.34388 | AX12: =$B12 -> بیمه | AY12: =$C12 -> میلیون ریال | BA12: 7033 | BC12: 17991 | BF12: 13170 | BG12: =IFERROR(BF12*100/BC12,"") -> 73.203268 | BI12: =BF12-BA12 -> 6137 | BK12: =IFERROR((BF12-BA12)*100/BA12,"") -> 87.26006 | BN12: =$B12 -> بیمه | BO12: =$C12 -> میلیون ریال | BQ12: 17704 | BS12: 31685 | BV12: 31514 | BW12: =IFERROR(BV12*100/BS12,"") -> 99.460312 | BY12: =BV12-BQ12 -> 13810 | CA12: =IFERROR((BV12-BQ12)*100/BQ12,"") -> 78.004971 | CD12: =$B12 -> بیمه | CE12: =$C12 -> میلیون ریال | CG12: 6556 | CI12: 9762 | CL12: 24779 | CM12: =IFERROR(CL12*100/CI12,"") -> 253.83118 | CO12: =CL12-CG12 -> 18223 | CQ12: =IFERROR((CL12-CG12)*100/CG12,"") -> 277.95912 | CT12: =$B12 -> بیمه | CU12: =$C12 -> میلیون ریال | CW12: 129 | CY12: 163 | DB12: 4113 | DC12: =IFERROR(DB12*100/CY12,"") -> 2523.3129 | DE12: =DB12-CW12 -> 3984 | DG12: =IFERROR((DB12-CW12)*100/CW12,"") -> 3088.3721 | DJ12: =$B12 -> بیمه | DK12: =$C12 -> میلیون ریال | DM12: 15546 | DO12: 34765 | DR12: 46034 | DS12: =IFERROR(DR12*100/DO12,"") -> 132.41478 | DU12: =DR12-DM12 -> 30488 | DW12: =IFERROR((DR12-DM12)*100/DM12,"") -> 196.11476 | DZ12: =$B12 -> بیمه | EA12: =$C12 -> میلیون ریال | EC12: 939 | EE12: 1635 | EH12: 121 | EI12: =IFERROR(EH12*100/EE12,"") -> 7.4006116 | EK12: =EH12-EC12 -> -818 | EM12: =IFERROR((EH12-EC12)*100/EC12,"") -> -87.113951 | EP12: =$B12 -> بیمه | EQ12: =$C12 -> میلیون ریال | ES12: 302 | EU12: 415 | EX12: 5827 | EY12: =IFERROR(EX12*100/EU12,"") -> 1404.0964 | FA12: =EX12-ES12 -> 5525 | FC12: =IFERROR((EX12-ES12)*100/ES12,"") -> 1829.4702 | FF12: =$B12 -> بیمه | FG12: =$C12 -> میلیون ریال | FO12: =IFERROR(FN12*100/FK12,"") | FQ12: =FN12-FI12 -> 0 | FS12: =IFERROR((FN12-FI12)*100/FI12,"")
A13: صادرات | B13: انبارداری | C13: تن | D13: =SUM(T13,AJ13,AZ13,BP13,CF13,CV13,DL13,EB13,ER13,FH13) -> 26356 | E13: =SUM(U13,AK13,BA13,BQ13,CG13,CW13,DM13,EC13,ES13,FI13) -> 29875 | F13: =SUM(V13,AL13,BB13,BR13,CH13,CX13,DN13,ED13,ET13,FJ13) -> 36653.374 | G13: =SUM(W13,AM13,BC13,BS13,CI13,CY13,DO13,EE13,EU13,FK13) -> 46391 | H13: =SUM(X13,AN13,BD13,BT13,CJ13,CZ13,DP13,EF13,EV13,FL13) -> 43469 | I13: =IFERROR(H13*100/F13,"") -> 118.59481 | J13: =SUM(Z13,AP13,BF13,BV13,CL13,DB13,DR13,EH13,EX13,FN13) -> 50631 | K13: =IFERROR(J13*100/G13,"") -> 109.1397 | L13: =IFERROR(H13-D13,"") -> 17113 | M13: =IFERROR(J13-E13,"") -> 20756 | N13: =IFERROR((H13-D13)*100/D13,"") -> 64.930187 | O13: =IFERROR((J13-E13)*100/E13,"") -> 69.476151 | P13: 1 | Q13: =$A$13 -> صادرات | R13: =$B13 -> انبارداری | S13: =$C13 -> تن | T13: =SUMIFS([1]صادرات!$D$42:$D$51,[1]صادرات!$AA$42:$AA$51,AF2) -> 19 | U13: 62 | V13: =SUMIFS([1]صادرات!$H$42:$H$51,[1]صادرات!$AA$42:$AA$51,AF2) -> 112.61889 | W13: 553 | X13: =SUMIFS([1]صادرات!$L$42:$L$51,[1]صادرات!$AA$42:$AA$51,AF2) -> 1 | Y13: =IFERROR(X13*100/V13,"") -> 0.88795054 | Z13: 227 | AA13: =IFERROR(Z13*100/W13,"") -> 41.048825 | AB13: =X13-T13 -> -18 | AC13: =Z13-U13 -> 165 | AD13: =IFERROR((X13-T13)*100/T13,"") -> -94.736842 | AE13: =IFERROR((Z13-U13)*100/U13,"") -> 266.12903 | AG13: =$A$13 -> صادرات | AH13: =$B13 -> انبارداری | AI13: =$C13 -> تن | AJ13: =SUMIFS([1]صادرات!$D$42:$D$51,[1]صادرات!$AA$42:$AA$51,AV2) -> 17690 | AK13: 16279 | AL13: =SUMIFS([1]صادرات!$H$42:$H$51,[1]صادرات!$AA$42:$AA$51,AV2) -> 30771.372 | AM13: 35062 | AN13: =SUMIFS([1]صادرات!$L$42:$L$51,[1]صادرات!$AA$42:$AA$51,AV2) -> 29701 | AO13: =IFERROR(AN13*100/AL13,"") -> 96.521534 | AP13: 28471 | AQ13: =IFERROR(AP13*100/AM13,"") -> 81.201871 | AR13: =AN13-AJ13 -> 12011 | AS13: =AP13-AK13 -> 12192 | AT13: =IFERROR((AN13-AJ13)*100/AJ13,"") -> 67.897117 | AU13: =IFERROR((AP13-AK13)*100/AK13,"") -> 74.894035 | AW13: =$A$13 -> صادرات | AX13: =$B13 -> انبارداری | AY13: =$C13 -> تن | AZ13: =SUMIFS([1]صادرات!$D$42:$D$51,[1]صادرات!$AA$42:$AA$51,BL2) -> 5146 | BA13: 1985 | BB13: =SUMIFS([1]صادرات!$H$42:$H$51,[1]صادرات!$AA$42:$AA$51,BL2) -> 2959.1333 | BC13: 1882 | BD13: =SUMIFS([1]صادرات!$L$42:$L$51,[1]صادرات!$AA$42:$AA$51,BL2) -> 7010 | BE13: =IFERROR(BD13*100/BB13,"") -> 236.89369 | BF13: 6252 | BG13: =IFERROR(BF13*100/BC13,"") -> 332.19979 | BH13: =BD13-AZ13 -> 1864 | BI13: =BF13-BA13 -> 4267 | BJ13: =IFERROR((BD13-AZ13)*100/AZ13,"") -> 36.222309 | BK13: =IFERROR((BF13-BA13)*100/BA13,"") -> 214.96222 | BM13: =$A$13 -> صادرات | BN13: =$B13 -> انبارداری | BO13: =$C13 -> تن | BP13: =SUMIFS([1]صادرات!$D$42:$D$51,[1]صادرات!$AA$42:$AA$51,CB2) -> 996 | BQ13: 2301 | BR13: =SUMIFS([1]صادرات!$H$42:$H$51,[1]صادرات!$AA$42:$AA$51,CB2) -> 1708.8143 | BS13: 3739 | BT13: =SUMIFS([1]صادرات!$L$42:$L$51,[1]صادرات!$AA$42:$AA$51,CB2) -> 4561 | BU13: =IFERROR(BT13*100/BR13,"") -> 266.91022 | BV13: 8632 | BW13: =IFERROR(BV13*100/BS13,"") -> 230.86387 | BX13: =BT13-BP13 -> 3565 | BY13: =BV13-BQ13 -> 6331 | BZ13: =IFERROR((BT13-BP13)*100/BP13,"") -> 357.93173 | CA13: =IFERROR((BV13-BQ13)*100/BQ13,"") -> 275.14124 | CC13: =$A$13 -> صادرات | CD13: =$B13 -> انبارداری | CE13: =$C13 -> تن | CF13: =SUMIFS([1]صادرات!$D$42:$D$51,[1]صادرات!$AA$42:$AA$51,CR2) -> 0 | CH13: =SUMIFS([1]صادرات!$H$42:$H$51,[1]صادرات!$AA$42:$AA$51,CR2) -> 0 | CJ13: =SUMIFS([1]صادرات!$L$42:$L$51,[1]صادرات!$AA$42:$AA$51,CR2) -> 0 | CK13: =IFERROR(CJ13*100/CH13,"") | CM13: =IFERROR(CL13*100/CI13,"") | CN13: =CJ13-CF13 -> 0 | CO13: =CL13-CG13 -> 0 | CP13: =IFERROR((CJ13-CF13)*100/CF13,"") | CQ13: =IFERROR((CL13-CG13)*100/CG13,"") | CS13: =$A$13 -> صادرات | CT13: =$B13 -> انبارداری | CU13: =$C13 -> تن | CV13: =SUMIFS([1]صادرات!$D$42:$D$51,[1]صادرات!$AA$42:$AA$51,DH2) -> 2086 | CW13: 7671 | CX13: =SUMIFS([1]صادرات!$H$42:$H$51,[1]صادرات!$AA$42:$AA$51,DH2) -> 895.96023 | CY13: 4090 | CZ13: =SUMIFS([1]صادرات!$L$42:$L$51,[1]صادرات!$AA$42:$AA$51,DH2) -> 924 | DA13: =IFERROR(CZ13*100/CX13,"") -> 103.12958 | DB13: 3539 | DC13: =IFERROR(DB13*100/CY13,"") -> 86.528117 | DD13: =CZ13-CV13 -> -1162 | DE13: =DB13-CW13 -> -4132 | DF13: =IFERROR((CZ13-CV13)*100/CV13,"") -> -55.704698 | DG13: =IFERROR((DB13-CW13)*100/CW13,"") -> -53.865207 | DI13: =$A$13 -> صادرات | DJ13: =$B13 -> انبارداری | DK13: =$C13 -> تن | DL13: =SUMIFS([1]صادرات!$D$42:$D$51,[1]صادرات!$AA$42:$AA$51,DX2) -> 419 | DM13: 1577 | DN13: =SUMIFS([1]صادرات!$H$42:$H$51,[1]صادرات!$AA$42:$AA$51,DX2) -> 205.47551 | DO13: 1065 | DP13: =SUMIFS([1]صادرات!$L$42:$L$51,[1]صادرات!$AA$42:$AA$51,DX2) -> 311 | DQ13: =IFERROR(DP13*100/DN13,"") -> 151.35623 | DR13: 1514 | DS13: =IFERROR(DR13*100/DO13,"") -> 142.15962 | DT13: =DP13-DL13 -> -108 | DU13: =DR13-DM13 -> -63 | DV13: =IFERROR((DP13-DL13)*100/DL13,"") -> -25.775656 | DW13: =IFERROR((DR13-DM13)*100/DM13,"") -> -3.9949271 | DY13: =$A$13 -> صادرات | DZ13: =$B13 -> انبارداری | EA13: =$C13 -> تن | EB13: =SUMIFS([1]صادرات!$D$42:$D$51,[1]صادرات!$AA$42:$AA$51,EN2) -> 0 | ED13: =SUMIFS([1]صادرات!$H$42:$H$51,[1]صادرات!$AA$42:$AA$51,EN2) -> 0 | EF13: =SUMIFS([1]صادرات!$L$42:$L$51,[1]صادرات!$AA$42:$AA$51,EN2) -> 0 | EG13: =IFERROR(EF13*100/ED13,"") | EI13: =IFERROR(EH13*100/EE13,"") | EJ13: =EF13-EB13 -> 0 | EK13: =EH13-EC13 -> 0 | EL13: =IFERROR((EF13-EB13)*100/EB13,"") | EM13: =IFERROR((EH13-EC13)*100/EC13,"") | EO13: =$A$13 -> صادرات | EP13: =$B13 -> انبارداری | EQ13: =$C13 -> تن | ER13: =SUMIFS([1]صادرات!$D$42:$D$51,[1]صادرات!$AA$42:$AA$51,FD2) -> 0 | ET13: =SUMIFS([1]صادرات!$H$42:$H$51,[1]صادرات!$AA$42:$AA$51,FD2) -> 0 | EV13: =SUMIFS([1]صادرات!$L$42:$L$51,[1]صادرات!$AA$42:$AA$51,FD2) -> 8 | EW13: =IFERROR(EV13*100/ET13,"") | EX13: 132 | EY13: =IFERROR(EX13*100/EU13,"") | EZ13: =EV13-ER13 -> 8 | FA13: =EX13-ES13 -> 132 | FB13: =IFERROR((EV13-ER13)*100/ER13,"") | FC13: =IFERROR((EX13-ES13)*100/ES13,"") | FE13: =$A$13 -> صادرات | FF13: =$B13 -> انبارداری | FG13: =$C13 -> تن | FH13: =SUMIFS([1]صادرات!$D$42:$D$51,[1]صادرات!$AA$42:$AA$51,FT2) -> 0 | FJ13: =SUMIFS([1]صادرات!$H$42:$H$51,[1]صادرات!$AA$42:$AA$51,FT2) -> 0 | FL13: =SUMIFS([1]صادرات!$L$42:$L$51,[1]صادرات!$AA$42:$AA$51,FT2) -> 953 | FM13: =IFERROR(FL13*100/FJ13,"") | FN13: 1864 | FO13: =IFERROR(FN13*100/FK13,"") | FP13: =FL13-FH13 -> 953 | FQ13: =FN13-FI13 -> 1864 | FR13: =IFERROR((FL13-FH13)*100/FH13,"") | FS13: =IFERROR((FN13-FI13)*100/FI13,"")
B14: میانگین مدت ماندگاری کالا | C14: روز | D14: =IFERROR(D15/D13,"") -> 24.691304 | F14: =IFERROR(F15/F13,"") -> 25.040062 | H14: =IFERROR(H15/H13,"") -> 29.219191 | I14: =IFERROR(H14*100/F14,"") -> 116.68977 | L14: =IFERROR(H14-D14,"") -> 4.527887 | N14: =IFERROR((H14-D14)*100/D14,"") -> 18.337983 | O14: =IFERROR((J14-E14)*100/E14,"-") -> - | P14: 1 | R14: =$B14 -> میانگین مدت ماندگاری کالا | S14: =$C14 -> روز | T14: 20 | V14: 28 | X14: 90 | Y14: =IFERROR(X14*100/V14,"") -> 321.42857 | AB14: =X14-T14 -> 70 | AC14: =Z14-U14 -> 0 | AD14: =IFERROR((X14-T14)*100/T14,"") -> 350 | AE14: =IFERROR((Z14-U14)*100/U14,"-") -> - | AH14: =$B14 -> میانگین مدت ماندگاری کالا | AI14: =$C14 -> روز | AJ14: 25 | AL14: 26 | AN14: 28 | AO14: =IFERROR(AN14*100/AL14,"") -> 107.69231 | AR14: =AN14-AJ14 -> 3 | AS14: =AP14-AK14 -> 0 | AT14: =IFERROR((AN14-AJ14)*100/AJ14,"") -> 12 | AU14: =IFERROR((AP14-AK14)*100/AK14,"-") -> - | AX14: =$B14 -> میانگین مدت ماندگاری کالا | AY14: =$C14 -> روز | AZ14: 13 | BB14: 8 | BD14: 19 | BE14: =IFERROR(BD14*100/BB14,"") -> 237.5 | BH14: =BD14-AZ14 -> 6 | BI14: =BF14-BA14 -> 0 | BJ14: =IFERROR((BD14-AZ14)*100/AZ14,"") -> 46.153846 | BK14: =IFERROR((BF14-BA14)*100/BA14,"-") -> - | BN14: =$B14 -> میانگین مدت ماندگاری کالا | BO14: =$C14 -> روز | BP14: 32 | BR14: 25 | BT14: 22 | BU14: =IFERROR(BT14*100/BR14,"") -> 88 | BX14: =BT14-BP14 -> -10 | BY14: =BV14-BQ14 -> 0 | BZ14: =IFERROR((BT14-BP14)*100/BP14,"") -> -31.25 | CA14: =IFERROR((BV14-BQ14)*100/BQ14,"-") -> - | CD14: =$B14 -> میانگین مدت ماندگاری کالا | CE14: =$C14 -> روز | CK14: =IFERROR(CJ14*100/CH14,"") | CN14: =CJ14-CF14 -> 0 | CO14: =CL14-CG14 -> 0 | CP14: =IFERROR((CJ14-CF14)*100/CF14,"") | CQ14: =IFERROR((CL14-CG14)*100/CG14,"-") -> - | CT14: =$B14 -> میانگین مدت ماندگاری کالا | CU14: =$C14 -> روز | CV14: 46 | CX14: 46 | CZ14: 182 | DA14: =IFERROR(CZ14*100/CX14,"") -> 395.65217 | DD14: =CZ14-CV14 -> 136 | DE14: =DB14-CW14 -> 0 | DF14: =IFERROR((CZ14-CV14)*100/CV14,"") -> 295.65217 | DG14: =IFERROR((DB14-CW14)*100/CW14,"-") -> - | DJ14: =$B14 -> میانگین مدت ماندگاری کالا | DK14: =$C14 -> روز | DL14: 32 | DN14: 34 | DP14: 41 | DQ14: =IFERROR(DP14*100/DN14,"") -> 120.58824 | DT14: =DP14-DL14 -> 9 | DU14: =DR14-DM14 -> 0 | DV14: =IFERROR((DP14-DL14)*100/DL14,"") -> 28.125 | DW14: =IFERROR((DR14-DM14)*100/DM14,"-") -> - | DZ14: =$B14 -> میانگین مدت ماندگاری کالا | EA14: =$C14 -> روز | EG14: =IFERROR(EF14*100/ED14,"") | EJ14: =EF14-EB14 -> 0 | EK14: =EH14-EC14 -> 0 | EL14: =IFERROR((EF14-EB14)*100/EB14,"") | EM14: =IFERROR((EH14-EC14)*100/EC14,"-") -> - | EP14: =$B14 -> میانگین مدت ماندگاری کالا | EQ14: =$C14 -> روز | ER14: 0 | EV14: 136 | EW14: =IFERROR(EV14*100/ET14,"") | EZ14: =EV14-ER14 -> 136 | FA14: =EX14-ES14 -> 0 | FB14: =IFERROR((EV14-ER14)*100/ER14,"") | FC14: =IFERROR((EX14-ES14)*100/ES14,"-") -> - | FF14: =$B14 -> میانگین مدت ماندگاری کالا | FG14: =$C14 -> روز | FL14: 24 | FM14: =IFERROR(FL14*100/FJ14,"") | FP14: =FL14-FH14 -> 24 | FQ14: =FN14-FI14 -> 0 | FR14: =IFERROR((FL14-FH14)*100/FH14,"") | FS14: =IFERROR((FN14-FI14)*100/FI14,"-") -> -
B15: انبارداری | C15: تن روز | D15: =SUM(T15,AJ15,AZ15,BP15,CF15,CV15,DL15,EB15,ER15,FH15) -> 650764 | F15: =SUM(V15,AL15,BB15,BR15,CH15,CX15,DN15,ED15,ET15,FJ15) -> 917802.75 | H15: =SUM(X15,AN15,BD15,BT15,CJ15,CZ15,DP15,EF15,EV15,FL15) -> 1270129 | I15: =IFERROR(H15*100/F15,"") -> 138.38801 | L15: =IFERROR(H15-D15,"") -> 619365 | N15: =IFERROR((H15-D15)*100/D15,"") -> 95.175056 | O15: =IFERROR((J15-E15)*100/E15,"-") -> - | P15: 1 | R15: =$B15 -> انبارداری | S15: =$C15 -> تن روز | T15: =IFERROR(T13*T14,"") -> 380 | V15: =IFERROR(V13*V14,"") -> 3153.3288 | X15: =IFERROR(X13*X14,"") -> 90 | Y15: =IFERROR(X15*100/V15,"") -> 2.8541267 | AB15: =X15-T15 -> -290 | AC15: =Z15-U15 -> 0 | AD15: =IFERROR((X15-T15)*100/T15,"") -> -76.315789 | AE15: =IFERROR((Z15-U15)*100/U15,"-") -> - | AH15: =$B15 -> انبارداری | AI15: =$C15 -> تن روز | AJ15: =IFERROR(AJ13*AJ14,"") -> 442250 | AL15: =IFERROR(AL13*AL14,"") -> 800055.66 | AN15: =IFERROR(AN13*AN14,"") -> 831628 | AO15: =IFERROR(AN15*100/AL15,"") -> 103.94627 | AR15: =AN15-AJ15 -> 389378 | AS15: =AP15-AK15 -> 0 | AT15: =IFERROR((AN15-AJ15)*100/AJ15,"") -> 88.044771 | AU15: =IFERROR((AP15-AK15)*100/AK15,"-") -> - | AX15: =$B15 -> انبارداری | AY15: =$C15 -> تن روز | AZ15: =IFERROR(AZ13*AZ14,"") -> 66898 | BB15: =IFERROR(BB13*BB14,"") -> 23673.067 | BD15: =IFERROR(BD13*BD14,"") -> 133190 | BE15: =IFERROR(BD15*100/BB15,"") -> 562.6225 | BH15: =BD15-AZ15 -> 66292 | BI15: =BF15-BA15 -> 0 | BJ15: =IFERROR((BD15-AZ15)*100/AZ15,"") -> 99.094143 | BK15: =IFERROR((BF15-BA15)*100/BA15,"-") -> - | BN15: =$B15 -> انبارداری | BO15: =$C15 -> تن روز | BP15: =IFERROR(BP13*BP14,"") -> 31872 | BR15: =IFERROR(BR13*BR14,"") -> 42720.358 | BT15: =IFERROR(BT13*BT14,"") -> 100342 | BU15: =IFERROR(BT15*100/BR15,"") -> 234.88099 | BX15: =BT15-BP15 -> 68470 | BY15: =BV15-BQ15 -> 0 | BZ15: =IFERROR((BT15-BP15)*100/BP15,"") -> 214.82806 | CA15: =IFERROR((BV15-BQ15)*100/BQ15,"-") -> - | CD15: =$B15 -> انبارداری | CE15: =$C15 -> تن روز | CF15: =IFERROR(CF13*CF14,"") -> 0 | CH15: =IFERROR(CH13*CH14,"") -> 0 | CJ15: =IFERROR(CJ13*CJ14,"") -> 0 | CK15: =IFERROR(CJ15*100/CH15,"") | CN15: =CJ15-CF15 -> 0 | CO15: =CL15-CG15 -> 0 | CP15: =IFERROR((CJ15-CF15)*100/CF15,"") | CQ15: =IFERROR((CL15-CG15)*100/CG15,"-") -> - | CT15: =$B15 -> انبارداری | CU15: =$C15 -> تن روز | CV15: =IFERROR(CV13*CV14,"") -> 95956 | CX15: =IFERROR(CX13*CX14,"") -> 41214.171 | CZ15: =IFERROR(CZ13*CZ14,"") -> 168168 | DA15: =IFERROR(CZ15*100/CX15,"") -> 408.03441 | DD15: =CZ15-CV15 -> 72212 | DE15: =DB15-CW15 -> 0 | DF15: =IFERROR((CZ15-CV15)*100/CV15,"") -> 75.255325 | DG15: =IFERROR((DB15-CW15)*100/CW15,"-") -> - | DJ15: =$B15 -> انبارداری | DK15: =$C15 -> تن روز | DL15: =IFERROR(DL13*DL14,"") -> 13408 | DN15: =IFERROR(DN13*DN14,"") -> 6986.1675 | DP15: =IFERROR(DP13*DP14,"") -> 12751 | DQ15: =IFERROR(DP15*100/DN15,"") -> 182.51781 | DT15: =DP15-DL15 -> -657 | DU15: =DR15-DM15 -> 0 | DV15: =IFERROR((DP15-DL15)*100/DL15,"") -> -4.9000597 | DW15: =IFERROR((DR15-DM15)*100/DM15,"-") -> - | DZ15: =$B15 -> انبارداری | EA15: =$C15 -> تن روز | EB15: =IFERROR(EB13*EB14,"") -> 0 | ED15: =IFERROR(ED13*ED14,"") -> 0 | EF15: =IFERROR(EF13*EF14,"") -> 0 | EG15: =IFERROR(EF15*100/ED15,"") | EJ15: =EF15-EB15 -> 0 | EK15: =EH15-EC15 -> 0 | EL15: =IFERROR((EF15-EB15)*100/EB15,"") | EM15: =IFERROR((EH15-EC15)*100/EC15,"-") -> - | EP15: =$B15 -> انبارداری | EQ15: =$C15 -> تن روز | ER15: =IFERROR(ER13*ER14,"") -> 0 | ET15: =IFERROR(ET13*ET14,"") -> 0 | EV15: =IFERROR(EV13*EV14,"") -> 1088 | EW15: =IFERROR(EV15*100/ET15,"") | EZ15: =EV15-ER15 -> 1088 | FA15: =EX15-ES15 -> 0 | FB15: =IFERROR((EV15-ER15)*100/ER15,"") | FC15: =IFERROR((EX15-ES15)*100/ES15,"-") -> - | FF15: =$B15 -> انبارداری | FG15: =$C15 -> تن روز | FH15: =IFERROR(FH13*FH14,"") -> 0 | FJ15: =IFERROR(FJ13*FJ14,"") -> 0 | FL15: =IFERROR(FL13*FL14,"") -> 22872 | FM15: =IFERROR(FL15*100/FJ15,"") | FP15: =FL15-FH15 -> 22872 | FQ15: =FN15-FI15 -> 0 | FR15: =IFERROR((FL15-FH15)*100/FH15,"") | FS15: =IFERROR((FN15-FI15)*100/FI15,"-") -> -
B16: باربری | C16: تن | D16: =SUM(T16,AJ16,AZ16,BP16,CF16,CV16,DL16,EB16,ER16,FH16) -> 52712 | E16: =SUM(U16,AK16,BA16,BQ16,CG16,CW16,DM16,EC16,ES16,FI16) -> 33448 | F16: =SUM(V16,AL16,BB16,BR16,CH16,CX16,DN16,ED16,ET16,FJ16) -> 73306.748 | G16: =SUM(W16,AM16,BC16,BS16,CI16,CY16,DO16,EE16,EU16,FK16) -> 56912 | H16: =SUM(X16,AN16,BD16,BT16,CJ16,CZ16,DP16,EF16,EV16,FL16) -> 86938 | I16: =IFERROR(H16*100/F16,"") -> 118.59481 | J16: =SUM(Z16,AP16,BF16,BV16,CL16,DB16,DR16,EH16,EX16,FN16) -> 44261 | K16: =IFERROR(J16*100/G16,"") -> 77.770945 | L16: =IFERROR(H16-D16,"") -> 34226 | M16: =IFERROR(J16-E16,"") -> 10813 | N16: =IFERROR((H16-D16)*100/D16,"") -> 64.930187 | O16: =IFERROR((J16-E16)*100/E16,"") -> 32.327792 | P16: 1 | R16: =$B16 -> باربری | S16: =$C16 -> تن | T16: =IFERROR(2*T13,"") -> 38 | U16: 44 | V16: =IFERROR(2*V13,"") -> 225.23777 | W16: 191 | X16: =IFERROR(2*X13,"") -> 2 | Y16: =IFERROR(X16*100/V16,"") -> 0.88795054 | Z16: 5 | AA16: =IFERROR(Z16*100/W16,"") -> 2.617801 | AB16: =X16-T16 -> -36 | AC16: =Z16-U16 -> -39 | AD16: =IFERROR((X16-T16)*100/T16,"") -> -94.736842 | AE16: =IFERROR((Z16-U16)*100/U16,"") -> -88.636364 | AH16: =$B16 -> باربری | AI16: =$C16 -> تن | AJ16: =IFERROR(2*AJ13,"") -> 35380 | AK16: 22687 | AL16: =IFERROR(2*AL13,"") -> 61542.743 | AM16: 45920 | AN16: =IFERROR(2*AN13,"") -> 59402 | AO16: =IFERROR(AN16*100/AL16,"") -> 96.521534 | AP16: 18524 | AQ16: =IFERROR(AP16*100/AM16,"") -> 40.339721 | AR16: =AN16-AJ16 -> 24022 | AS16: =AP16-AK16 -> -4163 | AT16: =IFERROR((AN16-AJ16)*100/AJ16,"") -> 67.897117 | AU16: =IFERROR((AP16-AK16)*100/AK16,"") -> -18.349716 | AX16: =$B16 -> باربری | AY16: =$C16 -> تن | AZ16: =IFERROR(2*AZ13,"") -> 10292 | BA16: 7581 | BB16: =IFERROR(2*BB13,"") -> 5918.2667 | BC16: 6003 | BD16: =IFERROR(2*BD13,"") -> 14020 | BE16: =IFERROR(BD16*100/BB16,"") -> 236.89369 | BF16: 13446 | BG16: =IFERROR(BF16*100/BC16,"") -> 223.98801 | BH16: =BD16-AZ16 -> 3728 | BI16: =BF16-BA16 -> 5865 | BJ16: =IFERROR((BD16-AZ16)*100/AZ16,"") -> 36.222309 | BK16: =IFERROR((BF16-BA16)*100/BA16,"") -> 77.364464 | BN16: =$B16 -> باربری | BO16: =$C16 -> تن | BP16: =IFERROR(2*BP13,"") -> 1992 | BQ16: 1500 | BR16: =IFERROR(2*BR13,"") -> 3417.6286 | BS16: 3746 | BT16: =IFERROR(2*BT13,"") -> 9122 | BU16: =IFERROR(BT16*100/BR16,"") -> 266.91022 | BV16: 9746 | BW16: =IFERROR(BV16*100/BS16,"") -> 260.17085 | BX16: =BT16-BP16 -> 7130 | BY16: =BV16-BQ16 -> 8246 | BZ16: =IFERROR((BT16-BP16)*100/BP16,"") -> 357.93173 | CA16: =IFERROR((BV16-BQ16)*100/BQ16,"") -> 549.73333 | CD16: =$B16 -> باربری | CE16: =$C16 -> تن | CF16: =IFERROR(2*CF13,"") -> 0 | CH16: =IFERROR(2*CH13,"") -> 0 | CJ16: =IFERROR(2*CJ13,"") -> 0 | CK16: =IFERROR(CJ16*100/CH16,"") | CM16: =IFERROR(CL16*100/CI16,"") | CN16: =CJ16-CF16 -> 0 | CO16: =CL16-CG16 -> 0 | CP16: =IFERROR((CJ16-CF16)*100/CF16,"") | CQ16: =IFERROR((CL16-CG16)*100/CG16,"") | CT16: =$B16 -> باربری | CU16: =$C16 -> تن | CV16: =IFERROR(2*CV13,"") -> 4172 | CW16: 1162 | CX16: =IFERROR(2*CX13,"") -> 1791.9205 | CY16: 722 | CZ16: =IFERROR(2*CZ13,"") -> 1848 | DA16: =IFERROR(CZ16*100/CX16,"") -> 103.12958 | DB16: 879 | DC16: =IFERROR(DB16*100/CY16,"") -> 121.74515 | DD16: =CZ16-CV16 -> -2324 | DE16: =DB16-CW16 -> -283 | DF16: =IFERROR((CZ16-CV16)*100/CV16,"") -> -55.704698 | DG16: =IFERROR((DB16-CW16)*100/CW16,"") -> -24.354561 | DJ16: =$B16 -> باربری | DK16: =$C16 -> تن | DL16: =IFERROR(2*DL13,"") -> 838 | DM16: 474 | DN16: =IFERROR(2*DN13,"") -> 410.95103 | DO16: 330 | DP16: =IFERROR(2*DP13,"") -> 622 | DQ16: =IFERROR(DP16*100/DN16,"") -> 151.35623 | DR16: 627 | DS16: =IFERROR(DR16*100/DO16,"") -> 190 | DT16: =DP16-DL16 -> -216 | DU16: =DR16-DM16 -> 153 | DV16: =IFERROR((DP16-DL16)*100/DL16,"") -> -25.775656 | DW16: =IFERROR((DR16-DM16)*100/DM16,"") -> 32.278481 | DZ16: =$B16 -> باربری | EA16: =$C16 -> تن | EB16: =IFERROR(2*EB13,"") -> 0 | ED16: =IFERROR(2*ED13,"") -> 0 | EF16: =IFERROR(2*EF13,"") -> 0 | EG16: =IFERROR(EF16*100/ED16,"") | EI16: =IFERROR(EH16*100/EE16,"") | EJ16: =EF16-EB16 -> 0 | EK16: =EH16-EC16 -> 0 | EL16: =IFERROR((EF16-EB16)*100/EB16,"") | EM16: =IFERROR((EH16-EC16)*100/EC16,"") | EP16: =$B16 -> باربری | EQ16: =$C16 -> تن | ER16: =IFERROR(2*ER13,"") -> 0 | ET16: =IFERROR(2*ET13,"") -> 0 | EV16: =IFERROR(2*EV13,"") -> 16 | EW16: =IFERROR(EV16*100/ET16,"") | EX16: 8 | EY16: =IFERROR(EX16*100/EU16,"") | EZ16: =EV16-ER16 -> 16 | FA16: =EX16-ES16 -> 8 | FB16: =IFERROR((EV16-ER16)*100/ER16,"") | FC16: =IFERROR((EX16-ES16)*100/ES16,"") | FF16: =$B16 -> باربری | FG16: =$C16 -> تن | FH16: =IFERROR(2*FH13,"") -> 0 | FJ16: =IFERROR(2*FJ13,"") -> 0 | FL16: =IFERROR(2*FL13,"") -> 1906 | FM16: =IFERROR(FL16*100/FJ16,"") | FN16: 1026 | FO16: =IFERROR(FN16*100/FK16,"") | FP16: =FL16-FH16 -> 1906 | FQ16: =FN16-FI16 -> 1026 | FR16: =IFERROR((FL16-FH16)*100/FH16,"") | FS16: =IFERROR((FN16-FI16)*100/FI16,"")
B17: حمل یکسره | C17: تن | D17: =SUM(T17,AJ17,AZ17,BP17,CF17,CV17,DL17,EB17,ER17,FH17) -> 18 | E17: =SUM(U17,AK17,BA17,BQ17,CG17,CW17,DM17,EC17,ES17,FI17) -> 0 | F17: =SUM(V17,AL17,BB17,BR17,CH17,CX17,DN17,ED17,ET17,FJ17) -> 26.040174 | G17: =SUM(W17,AM17,BC17,BS17,CI17,CY17,DO17,EE17,EU17,FK17) -> 0 | H17: =SUM(X17,AN17,BD17,BT17,CJ17,CZ17,DP17,EF17,EV17,FL17) -> 0 | I17: =IFERROR(H17*100/F17,"") -> 0 | J17: =SUM(Z17,AP17,BF17,BV17,CL17,DB17,DR17,EH17,EX17,FN17) -> 0 | K17: =IFERROR(J17*100/G17,"") | L17: =IFERROR(H17-D17,"") -> -18 | M17: =IFERROR(J17-E17,"") -> 0 | N17: =IFERROR((H17-D17)*100/D17,"") -> -100 | O17: =IFERROR((J17-E17)*100/E17,"") | P17: 1 | R17: =$B17 -> حمل یکسره | S17: =$C17 -> تن | T17: =SUMIFS([1]صادرات!$C$42:$C$51,[1]صادرات!$AA$42:$AA$51,AF2) -> 18 | V17: =SUMIFS([1]صادرات!$G$42:$G$51,[1]صادرات!$AA$42:$AA$51,AF2) -> 26.040174 | X17: =SUMIFS([1]صادرات!$K$42:$K$51,[1]صادرات!$AA$42:$AA$51,AF2) -> 0 | Y17: =IFERROR(X17*100/V17,"") -> 0 | AA17: =IFERROR(Z17*100/W17,"") | AB17: =X17-T17 -> -18 | AC17: =Z17-U17 -> 0 | AD17: =IFERROR((X17-T17)*100/T17,"") -> -100 | AE17: =IFERROR((Z17-U17)*100/U17,"") | AH17: =$B17 -> حمل یکسره | AI17: =$C17 -> تن | AJ17: =SUMIFS([1]صادرات!$C$42:$C$51,[1]صادرات!$AA$42:$AA$51,AV2) -> 0 | AL17: =SUMIFS([1]صادرات!$G$42:$G$51,[1]صادرات!$AA$42:$AA$51,AV2) -> 0 | AN17: =SUMIFS([1]صادرات!$K$42:$K$51,[1]صادرات!$AA$42:$AA$51,AV2) -> 0 | AO17: =IFERROR(AN17*100/AL17,"") | AQ17: =IFERROR(AP17*100/AM17,"") | AR17: =AN17-AJ17 -> 0 | AS17: =AP17-AK17 -> 0 | AT17: =IFERROR((AN17-AJ17)*100/AJ17,"") | AU17: =IFERROR((AP17-AK17)*100/AK17,"") | AX17: =$B17 -> حمل یکسره | AY17: =$C17 -> تن | AZ17: =SUMIFS([1]صادرات!$C$42:$C$51,[1]صادرات!$AA$42:$AA$51,BL2) -> 0 | BB17: =SUMIFS([1]صادرات!$G$42:$G$51,[1]صادرات!$AA$42:$AA$51,BL2) -> 0 | BD17: =SUMIFS([1]صادرات!$K$42:$K$51,[1]صادرات!$AA$42:$AA$51,BL2) -> 0 | BE17: =IFERROR(BD17*100/BB17,"") | BG17: =IFERROR(BF17*100/BC17,"") | BH17: =BD17-AZ17 -> 0 | BI17: =BF17-BA17 -> 0 | BJ17: =IFERROR((BD17-AZ17)*100/AZ17,"") | BK17: =IFERROR((BF17-BA17)*100/BA17,"") | BN17: =$B17 -> حمل یکسره | BO17: =$C17 -> تن | BP17: =SUMIFS([1]صادرات!$C$42:$C$51,[1]صادرات!$AA$42:$AA$51,CB2) -> 0 | BR17: =SUMIFS([1]صادرات!$G$42:$G$51,[1]صادرات!$AA$42:$AA$51,CB2) -> 0 | BT17: =SUMIFS([1]صادرات!$K$42:$K$51,[1]صادرات!$AA$42:$AA$51,CB2) -> 0 | BU17: =IFERROR(BT17*100/BR17,"") | BW17: =IFERROR(BV17*100/BS17,"") | BX17: =BT17-BP17 -> 0 | BY17: =BV17-BQ17 -> 0 | BZ17: =IFERROR((BT17-BP17)*100/BP17,"") | CA17: =IFERROR((BV17-BQ17)*100/BQ17,"") | CD17: =$B17 -> حمل یکسره | CE17: =$C17 -> تن | CF17: =SUMIFS([1]صادرات!$C$42:$C$51,[1]صادرات!$AA$42:$AA$51,CR2) -> 0 | CH17: =SUMIFS([1]صادرات!$G$42:$G$51,[1]صادرات!$AA$42:$AA$51,CR2) -> 0 | CJ17: =SUMIFS([1]صادرات!$K$42:$K$51,[1]صادرات!$AA$42:$AA$51,CR2) -> 0 | CK17: =IFERROR(CJ17*100/CH17,"") | CM17: =IFERROR(CL17*100/CI17,"") | CN17: =CJ17-CF17 -> 0 | CO17: =CL17-CG17 -> 0 | CP17: =IFERROR((CJ17-CF17)*100/CF17,"") | CQ17: =IFERROR((CL17-CG17)*100/CG17,"") | CT17: =$B17 -> حمل یکسره | CU17: =$C17 -> تن | CV17: =SUMIFS([1]صادرات!$C$42:$C$51,[1]صادرات!$AA$42:$AA$51,DH2) -> 0 | CX17: =SUMIFS([1]صادرات!$G$42:$G$51,[1]صادرات!$AA$42:$AA$51,DH2) -> 0 | CZ17: =SUMIFS([1]صادرات!$K$42:$K$51,[1]صادرات!$AA$42:$AA$51,DH2) -> 0 | DA17: =IFERROR(CZ17*100/CX17,"") | DC17: =IFERROR(DB17*100/CY17,"") | DD17: =CZ17-CV17 -> 0 | DE17: =DB17-CW17 -> 0 | DF17: =IFERROR((CZ17-CV17)*100/CV17,"") | DG17: =IFERROR((DB17-CW17)*100/CW17,"") | DJ17: =$B17 -> حمل یکسره | DK17: =$C17 -> تن | DL17: =SUMIFS([1]صادرات!$C$42:$C$51,[1]صادرات!$AA$42:$AA$51,DX2) -> 0 | DN17: =SUMIFS([1]صادرات!$G$42:$G$51,[1]صادرات!$AA$42:$AA$51,DX2) -> 0 | DP17: =SUMIFS([1]صادرات!$K$42:$K$51,[1]صادرات!$AA$42:$AA$51,DX2) -> 0 | DQ17: =IFERROR(DP17*100/DN17,"") | DS17: =IFERROR(DR17*100/DO17,"") | DT17: =DP17-DL17 -> 0 | DU17: =DR17-DM17 -> 0 | DV17: =IFERROR((DP17-DL17)*100/DL17,"") | DW17: =IFERROR((DR17-DM17)*100/DM17,"") | DZ17: =$B17 -> حمل یکسره | EA17: =$C17 -> تن | EB17: =SUMIFS([1]صادرات!$C$42:$C$51,[1]صادرات!$AA$42:$AA$51,EN2) -> 0 | ED17: =SUMIFS([1]صادرات!$G$42:$G$51,[1]صادرات!$AA$42:$AA$51,EN2) -> 0 | EF17: =SUMIFS([1]صادرات!$K$42:$K$51,[1]صادرات!$AA$42:$AA$51,EN2) -> 0 | EG17: =IFERROR(EF17*100/ED17,"") | EI17: =IFERROR(EH17*100/EE17,"") | EJ17: =EF17-EB17 -> 0 | EK17: =EH17-EC17 -> 0 | EL17: =IFERROR((EF17-EB17)*100/EB17,"") | EM17: =IFERROR((EH17-EC17)*100/EC17,"") | EP17: =$B17 -> حمل یکسره | EQ17: =$C17 -> تن | ER17: =SUMIFS([1]صادرات!$C$42:$C$51,[1]صادرات!$AA$42:$AA$51,FD2) -> 0 | ET17: =SUMIFS([1]صادرات!$G$42:$G$51,[1]صادرات!$AA$42:$AA$51,FD2) -> 0 | EV17: =SUMIFS([1]صادرات!$K$42:$K$51,[1]صادرات!$AA$42:$AA$51,FD2) -> 0 | EW17: =IFERROR(EV17*100/ET17,"") | EY17: =IFERROR(EX17*100/EU17,"") | EZ17: =EV17-ER17 -> 0 | FA17: =EX17-ES17 -> 0 | FB17: =IFERROR((EV17-ER17)*100/ER17,"") | FC17: =IFERROR((EX17-ES17)*100/ES17,"") | FF17: =$B17 -> حمل یکسره | FG17: =$C17 -> تن | FH17: =SUMIFS([1]صادرات!$C$42:$C$51,[1]صادرات!$AA$42:$AA$51,FT2) -> 0 | FJ17: =SUMIFS([1]صادرات!$G$42:$G$51,[1]صادرات!$AA$42:$AA$51,FT2) -> 0 | FL17: =SUMIFS([1]صادرات!$K$42:$K$51,[1]صادرات!$AA$42:$AA$51,FT2) -> 0 | FM17: =IFERROR(FL17*100/FJ17,"") | FO17: =IFERROR(FN17*100/FK17,"") | FP17: =FL17-FH17 -> 0 | FQ17: =FN17-FI17 -> 0 | FR17: =IFERROR((FL17-FH17)*100/FH17,"") | FS17: =IFERROR((FN17-FI17)*100/FI17,"")
B18: ترانشیپ | C18: تن | D18: =SUM(T18,AJ18,AZ18,BP18,CF18,CV18,DL18,EB18,ER18,FH18) -> 378750 | E18: =SUM(U18,AK18,BA18,BQ18,CG18,CW18,DM18,EC18,ES18,FI18) -> 5622 | F18: =SUM(V18,AL18,BB18,BR18,CH18,CX18,DN18,ED18,ET18,FJ18) -> 513151.19 | G18: =SUM(W18,AM18,BC18,BS18,CI18,CY18,DO18,EE18,EU18,FK18) -> 8953 | H18: =SUM(X18,AN18,BD18,BT18,CJ18,CZ18,DP18,EF18,EV18,FL18) -> 467553 | I18: =IFERROR(H18*100/F18,"") -> 91.114082 | J18: =SUM(Z18,AP18,BF18,BV18,CL18,DB18,DR18,EH18,EX18,FN18) -> 949122 | K18: =IFERROR(J18*100/G18,"") -> 10601.162 | L18: =IFERROR(H18-D18,"") -> 88803 | M18: =IFERROR(J18-E18,"") -> 943500 | N18: =IFERROR((H18-D18)*100/D18,"") -> 23.446337 | O18: =IFERROR((J18-E18)*100/E18,"") -> 16782.284 | P18: 1 | R18: =$B18 -> ترانشیپ | S18: =$C18 -> تن | T18: =SUMIFS([1]صادرات!$E$42:$E$51,[1]صادرات!$AA$42:$AA$51,AF2) -> 0 | V18: =SUMIFS([1]صادرات!$I$42:$I$51,[1]صادرات!$AA$42:$AA$51,AF2) -> 0 | X18: =SUMIFS([1]صادرات!$M$42:$M$51,[1]صادرات!$AA$42:$AA$51,AF2) -> 0 | Y18: =IFERROR(X18*100/V18,"") | AA18: =IFERROR(Z18*100/W18,"") | AB18: =X18-T18 -> 0 | AC18: =Z18-U18 -> 0 | AD18: =IFERROR((X18-T18)*100/T18,"") | AE18: =IFERROR((Z18-U18)*100/U18,"") | AH18: =$B18 -> ترانشیپ | AI18: =$C18 -> تن | AJ18: =SUMIFS([1]صادرات!$E$42:$E$51,[1]صادرات!$AA$42:$AA$51,AV2) -> 351651 | AK18: 4847 | AL18: =SUMIFS([1]صادرات!$I$42:$I$51,[1]صادرات!$AA$42:$AA$51,AV2) -> 481483.02 | AM18: 8269 | AN18: =SUMIFS([1]صادرات!$M$42:$M$51,[1]صادرات!$AA$42:$AA$51,AV2) -> 433194 | AO18: =IFERROR(AN18*100/AL18,"") -> 89.970775 | AP18: 931556 | AQ18: =IFERROR(AP18*100/AM18,"") -> 11265.643 | AR18: =AN18-AJ18 -> 81543 | AS18: =AP18-AK18 -> 926709 | AT18: =IFERROR((AN18-AJ18)*100/AJ18,"") -> 23.188616 | AU18: =IFERROR((AP18-AK18)*100/AK18,"") -> 19119.228 | AX18: =$B18 -> ترانشیپ | AY18: =$C18 -> تن | AZ18: =SUMIFS([1]صادرات!$E$42:$E$51,[1]صادرات!$AA$42:$AA$51,BL2) -> 27099 | BA18: 775 | BB18: =SUMIFS([1]صادرات!$I$42:$I$51,[1]صادرات!$AA$42:$AA$51,BL2) -> 31668.177 | BC18: 684 | BD18: =SUMIFS([1]صادرات!$M$42:$M$51,[1]صادرات!$AA$42:$AA$51,BL2) -> 34359 | BE18: =IFERROR(BD18*100/BB18,"") -> 108.49693 | BF18: 17566 | BG18: =IFERROR(BF18*100/BC18,"") -> 2568.1287 | BH18: =BD18-AZ18 -> 7260 | BI18: =BF18-BA18 -> 16791 | BJ18: =IFERROR((BD18-AZ18)*100/AZ18,"") -> 26.790656 | BK18: =IFERROR((BF18-BA18)*100/BA18,"") -> 2166.5806 | BN18: =$B18 -> ترانشیپ | BO18: =$C18 -> تن | BP18: =SUMIFS([1]صادرات!$E$42:$E$51,[1]صادرات!$AA$42:$AA$51,CB2) -> 0 | BR18: =SUMIFS([1]صادرات!$I$42:$I$51,[1]صادرات!$AA$42:$AA$51,CB2) -> 0 | BT18: =SUMIFS([1]صادرات!$M$42:$M$51,[1]صادرات!$AA$42:$AA$51,CB2) -> 0 | BU18: =IFERROR(BT18*100/BR18,"") | BW18: =IFERROR(BV18*100/BS18,"") | BX18: =BT18-BP18 -> 0 | BY18: =BV18-BQ18 -> 0 | BZ18: =IFERROR((BT18-BP18)*100/BP18,"") | CA18: =IFERROR((BV18-BQ18)*100/BQ18,"") | CD18: =$B18 -> ترانشیپ | CE18: =$C18 -> تن | CF18: =SUMIFS([1]صادرات!$E$42:$E$51,[1]صادرات!$AA$42:$AA$51,CR2) -> 0 | CH18: =SUMIFS([1]صادرات!$I$42:$I$51,[1]صادرات!$AA$42:$AA$51,CR2) -> 0 | CJ18: =SUMIFS([1]صادرات!$M$42:$M$51,[1]صادرات!$AA$42:$AA$51,CR2) -> 0 | CK18: =IFERROR(CJ18*100/CH18,"") | CM18: =IFERROR(CL18*100/CI18,"") | CN18: =CJ18-CF18 -> 0 | CO18: =CL18-CG18 -> 0 | CP18: =IFERROR((CJ18-CF18)*100/CF18,"") | CQ18: =IFERROR((CL18-CG18)*100/CG18,"") | CT18: =$B18 -> ترانشیپ | CU18: =$C18 -> تن | CV18: =SUMIFS([1]صادرات!$E$42:$E$51,[1]صادرات!$AA$42:$AA$51,DH2) -> 0 | CX18: =SUMIFS([1]صادرات!$I$42:$I$51,[1]صادرات!$AA$42:$AA$51,DH2) -> 0 | CZ18: =SUMIFS([1]صادرات!$M$42:$M$51,[1]صادرات!$AA$42:$AA$51,DH2) -> 0 | DA18: =IFERROR(CZ18*100/CX18,"") | DC18: =IFERROR(DB18*100/CY18,"") | DD18: =CZ18-CV18 -> 0 | DE18: =DB18-CW18 -> 0 | DF18: =IFERROR((CZ18-CV18)*100/CV18,"") | DG18: =IFERROR((DB18-CW18)*100/CW18,"") | DJ18: =$B18 -> ترانشیپ | DK18: =$C18 -> تن | DL18: =SUMIFS([1]صادرات!$E$42:$E$51,[1]صادرات!$AA$42:$AA$51,DX2) -> 0 | DN18: =SUMIFS([1]صادرات!$I$42:$I$51,[1]صادرات!$AA$42:$AA$51,DX2) -> 0 | DP18: =SUMIFS([1]صادرات!$M$42:$M$51,[1]صادرات!$AA$42:$AA$51,DX2) -> 0 | DQ18: =IFERROR(DP18*100/DN18,"") | DS18: =IFERROR(DR18*100/DO18,"") | DT18: =DP18-DL18 -> 0 | DU18: =DR18-DM18 -> 0 | DV18: =IFERROR((DP18-DL18)*100/DL18,"") | DW18: =IFERROR((DR18-DM18)*100/DM18,"") | DZ18: =$B18 -> ترانشیپ | EA18: =$C18 -> تن | EB18: =SUMIFS([1]صادرات!$E$42:$E$51,[1]صادرات!$AA$42:$AA$51,EN2) -> 0 | ED18: =SUMIFS([1]صادرات!$I$42:$I$51,[1]صادرات!$AA$42:$AA$51,EN2) -> 0 | EF18: =SUMIFS([1]صادرات!$M$42:$M$51,[1]صادرات!$AA$42:$AA$51,EN2) -> 0 | EG18: =IFERROR(EF18*100/ED18,"") | EI18: =IFERROR(EH18*100/EE18,"") | EJ18: =EF18-EB18 -> 0 | EK18: =EH18-EC18 -> 0 | EL18: =IFERROR((EF18-EB18)*100/EB18,"") | EM18: =IFERROR((EH18-EC18)*100/EC18,"") | EP18: =$B18 -> ترانشیپ | EQ18: =$C18 -> تن | ER18: =SUMIFS([1]صادرات!$E$42:$E$51,[1]صادرات!$AA$42:$AA$51,FD2) -> 0 | ET18: =SUMIFS([1]صادرات!$I$42:$I$51,[1]صادرات!$AA$42:$AA$51,FD2) -> 0 | EV18: =SUMIFS([1]صادرات!$M$42:$M$51,[1]صادرات!$AA$42:$AA$51,FD2) -> 0 | EW18: =IFERROR(EV18*100/ET18,"") | EY18: =IFERROR(EX18*100/EU18,"") | EZ18: =EV18-ER18 -> 0 | FA18: =EX18-ES18 -> 0 | FB18: =IFERROR((EV18-ER18)*100/ER18,"") | FC18: =IFERROR((EX18-ES18)*100/ES18,"") | FF18: =$B18 -> ترانشیپ | FG18: =$C18 -> تن | FH18: =SUMIFS([1]صادرات!$E$42:$E$51,[1]صادرات!$AA$42:$AA$51,FT2) -> 0 | FJ18: =SUMIFS([1]صادرات!$I$42:$I$51,[1]صادرات!$AA$42:$AA$51,FT2) -> 0 | FL18: =SUMIFS([1]صادرات!$M$42:$M$51,[1]صادرات!$AA$42:$AA$51,FT2) -> 0 | FM18: =IFERROR(FL18*100/FJ18,"") | FO18: =IFERROR(FN18*100/FK18,"") | FP18: =FL18-FH18 -> 0 | FQ18: =FN18-FI18 -> 0 | FR18: =IFERROR((FL18-FH18)*100/FH18,"") | FS18: =IFERROR((FN18-FI18)*100/FI18,"")
B19: خدمات باربری | C19: میلیون ریال | E19: =SUM(U19,AK19,BA19,BQ19,CG19,CW19,DM19,EC19,ES19,FI19) -> 55252 | G19: =SUM(W19,AM19,BC19,BS19,CI19,CY19,DO19,EE19,EU19,FK19) -> 55246 | J19: =SUM(Z19,AP19,BF19,BV19,CL19,DB19,DR19,EH19,EX19,FN19) -> 34526 | K19: =IFERROR(J19*100/G19,"") -> 62.495022 | M19: =IFERROR(J19-E19,"") -> -20726 | O19: =IFERROR((J19-E19)*100/E19,"") -> -37.511764 | P19: 1 | R19: =$B19 -> خدمات باربری | S19: =$C19 -> میلیون ریال | U19: 12 | W19: 46 | Z19: 7 | AA19: =IFERROR(Z19*100/W19,"") -> 15.217391 | AC19: =Z19-U19 -> -5 | AE19: =IFERROR((Z19-U19)*100/U19,"") -> -41.666667 | AH19: =$B19 -> خدمات باربری | AI19: =$C19 -> میلیون ریال | AK19: 10009 | AM19: 22293 | AP19: 9912 | AQ19: =IFERROR(AP19*100/AM19,"") -> 44.462387 | AS19: =AP19-AK19 -> -97 | AU19: =IFERROR((AP19-AK19)*100/AK19,"") -> -0.96912778 | AX19: =$B19 -> خدمات باربری | AY19: =$C19 -> میلیون ریال | BA19: 356 | BC19: 294 | BF19: 582 | BG19: =IFERROR(BF19*100/BC19,"") -> 197.95918 | BI19: =BF19-BA19 -> 226 | BK19: =IFERROR((BF19-BA19)*100/BA19,"") -> 63.483146 | BN19: =$B19 -> خدمات باربری | BO19: =$C19 -> میلیون ریال | BQ19: 119 | BS19: 241 | BV19: 411 | BW19: =IFERROR(BV19*100/BS19,"") -> 170.53942 | BY19: =BV19-BQ19 -> 292 | CA19: =IFERROR((BV19-BQ19)*100/BQ19,"") -> 245.37815 | CD19: =$B19 -> خدمات باربری | CE19: =$C19 -> میلیون ریال | CM19: =IFERROR(CL19*100/CI19,"") | CO19: =CL19-CG19 -> 0 | CQ19: =IFERROR((CL19-CG19)*100/CG19,"") | CT19: =$B19 -> خدمات باربری | CU19: =$C19 -> میلیون ریال | CW19: 167 | CY19: 103 | DB19: 51 | DC19: =IFERROR(DB19*100/CY19,"") -> 49.514563 | DE19: =DB19-CW19 -> -116 | DG19: =IFERROR((DB19-CW19)*100/CW19,"") -> -69.461078 | DJ19: =$B19 -> خدمات باربری | DK19: =$C19 -> میلیون ریال | DM19: 44589 | DO19: 32269 | DR19: 23201 | DS19: =IFERROR(DR19*100/DO19,"") -> 71.898726 | DU19: =DR19-DM19 -> -21388 | DW19: =IFERROR((DR19-DM19)*100/DM19,"") -> -47.966987 | DZ19: =$B19 -> خدمات باربری | EA19: =$C19 -> میلیون ریال | EI19: =IFERROR(EH19*100/EE19,"") | EK19: =EH19-EC19 -> 0 | EM19: =IFERROR((EH19-EC19)*100/EC19,"") | EP19: =$B19 -> خدمات باربری | EQ19: =$C19 -> میلیون ریال | EX19: 3 | EY19: =IFERROR(EX19*100/EU19,"") | FA19: =EX19-ES19 -> 3 | FC19: =IFERROR((EX19-ES19)*100/ES19,"") | FF19: =$B19 -> خدمات باربری | FG19: =$C19 -> میلیون ریال | FN19: 359 | FO19: =IFERROR(FN19*100/FK19,"") | FQ19: =FN19-FI19 -> 359 | FS19: =IFERROR((FN19-FI19)*100/FI19,"")
B20: بیمه | C20: میلیون ریال | E20: =SUM(U20,AK20,BA20,BQ20,CG20,CW20,DM20,EC20,ES20,FI20) -> 2515 | G20: =SUM(W20,AM20,BC20,BS20,CI20,CY20,DO20,EE20,EU20,FK20) -> 4653 | J20: =SUM(Z20,AP20,BF20,BV20,CL20,DB20,DR20,EH20,EX20,FN20) -> 10575 | K20: =IFERROR(J20*100/G20,"") -> 227.27273 | M20: =IFERROR(J20-E20,"") -> 8060 | O20: =IFERROR((J20-E20)*100/E20,"") -> 320.47714 | P20: 0 | R20: =$B20 -> بیمه | S20: =$C20 -> میلیون ریال | U20: 71 | W20: 131 | Z20: 24 | AA20: =IFERROR(Z20*100/W20,"") -> 18.320611 | AC20: =Z20-U20 -> -47 | AE20: =IFERROR((Z20-U20)*100/U20,"") -> -66.197183 | AH20: =$B20 -> بیمه | AI20: =$C20 -> میلیون ریال | AK20: 687 | AM20: 1458 | AP20: 2180 | AQ20: =IFERROR(AP20*100/AM20,"") -> 149.51989 | AS20: =AP20-AK20 -> 1493 | AU20: =IFERROR((AP20-AK20)*100/AK20,"") -> 217.32169 | AX20: =$B20 -> بیمه | AY20: =$C20 -> میلیون ریال | BA20: 508 | BC20: 607 | BF20: 2121 | BG20: =IFERROR(BF20*100/BC20,"") -> 349.42339 | BI20: =BF20-BA20 -> 1613 | BK20: =IFERROR((BF20-BA20)*100/BA20,"") -> 317.51969 | BN20: =$B20 -> بیمه | BO20: =$C20 -> میلیون ریال | BQ20: 651 | BS20: 1695 | BV20: 3239 | BW20: =IFERROR(BV20*100/BS20,"") -> 191.09145 | BY20: =BV20-BQ20 -> 2588 | CA20: =IFERROR((BV20-BQ20)*100/BQ20,"") -> 397.54224 | CD20: =$B20 -> بیمه | CE20: =$C20 -> میلیون ریال | CM20: =IFERROR(CL20*100/CI20,"") | CO20: =CL20-CG20 -> 0 | CQ20: =IFERROR((CL20-CG20)*100/CG20,"") | CT20: =$B20 -> بیمه | CU20: =$C20 -> میلیون ریال | CW20: 431 | CY20: 607 | DB20: 1291 | DC20: =IFERROR(DB20*100/CY20,"") -> 212.68534 | DE20: =DB20-CW20 -> 860 | DG20: =IFERROR((DB20-CW20)*100/CW20,"") -> 199.53596 | DJ20: =$B20 -> بیمه | DK20: =$C20 -> میلیون ریال | DM20: 167 | DO20: 155 | DR20: 169 | DS20: =IFERROR(DR20*100/DO20,"") -> 109.03226 | DU20: =DR20-DM20 -> 2 | DW20: =IFERROR((DR20-DM20)*100/DM20,"") -> 1.1976048 | DZ20: =$B20 -> بیمه | EA20: =$C20 -> میلیون ریال | EI20: =IFERROR(EH20*100/EE20,"") | EK20: =EH20-EC20 -> 0 | EM20: =IFERROR((EH20-EC20)*100/EC20,"") | EP20: =$B20 -> بیمه | EQ20: =$C20 -> میلیون ریال | EY20: =IFERROR(EX20*100/EU20,"") | FA20: =EX20-ES20 -> 0 | FC20: =IFERROR((EX20-ES20)*100/ES20,"") | FF20: =$B20 -> بیمه | FG20: =$C20 -> میلیون ریال | FN20: 1551 | FO20: =IFERROR(FN20*100/FK20,"") | FQ20: =FN20-FI20 -> 1551 | FS20: =IFERROR((FN20-FI20)*100/FI20,"")
A21: حمل و نقل | B21: داخلی | C21: صدور بارنامه | K21: =IFERROR(J21*100/G21,"-") -> - | L21: =H21-D21 -> 0 | M21: =J21-E21 -> 0 | N21: =IFERROR((H21-D21)*100/D21,"-") -> - | O21: =IFERROR((J21-E21)*100/E21,"-") -> - | Q21: حمل و نقل | R21: داخلی | S21: صدور بارنامه | Y21: =IFERROR(X21*100/V21,"-") -> - | AA21: =IFERROR(Z21*100/W21,"-") -> - | AB21: =X21-T21 -> 0 | AC21: =Z21-U21 -> 0 | AD21: =IFERROR((X21-T21)*100/T21,"-") -> - | AE21: =IFERROR((Z21-U21)*100/U21,"-") -> - | AG21: حمل و نقل | AH21: داخلی | AI21: صدور بارنامه | AO21: =IFERROR(AN21*100/AL21,"-") -> - | AQ21: =IFERROR(AP21*100/AM21,"-") -> - | AR21: =AN21-AJ21 -> 0 | AS21: =AP21-AK21 -> 0 | AT21: =IFERROR((AN21-AJ21)*100/AJ21,"-") -> - | AU21: =IFERROR((AP21-AK21)*100/AK21,"-") -> - | AW21: حمل و نقل | AX21: داخلی | AY21: صدور بارنامه | BE21: =IFERROR(BD21*100/BB21,"-") -> - | BG21: =IFERROR(BF21*100/BC21,"-") -> - | BH21: =BD21-AZ21 -> 0 | BI21: =BF21-BA21 -> 0 | BJ21: =IFERROR((BD21-AZ21)*100/AZ21,"-") -> - | BK21: =IFERROR((BF21-BA21)*100/BA21,"-") -> - | BM21: حمل و نقل | BN21: داخلی | BO21: صدور بارنامه | BU21: =IFERROR(BT21*100/BR21,"-") -> - | BW21: =IFERROR(BV21*100/BS21,"-") -> - | BX21: =BT21-BP21 -> 0 | BY21: =BV21-BQ21 -> 0 | BZ21: =IFERROR((BT21-BP21)*100/BP21,"-") -> - | CA21: =IFERROR((BV21-BQ21)*100/BQ21,"-") -> - | CC21: حمل و نقل | CD21: داخلی | CE21: صدور بارنامه | CK21: =IFERROR(CJ21*100/CH21,"-") -> - | CM21: =IFERROR(CL21*100/CI21,"-") -> - | CN21: =CJ21-CF21 -> 0 | CO21: =CL21-CG21 -> 0 | CP21: =IFERROR((CJ21-CF21)*100/CF21,"-") -> - | CQ21: =IFERROR((CL21-CG21)*100/CG21,"-") -> - | CS21: حمل و نقل | CT21: داخلی | CU21: صدور بارنامه | DA21: =IFERROR(CZ21*100/CX21,"-") -> - | DC21: =IFERROR(DB21*100/CY21,"-") -> - | DD21: =CZ21-CV21 -> 0 | DE21: =DB21-CW21 -> 0 | DF21: =IFERROR((CZ21-CV21)*100/CV21,"-") -> - | DG21: =IFERROR((DB21-CW21)*100/CW21,"-") -> - | DI21: حمل و نقل | DJ21: داخلی | DK21: صدور بارنامه | DQ21: =IFERROR(DP21*100/DN21,"-") -> - | DS21: =IFERROR(DR21*100/DO21,"-") -> - | DT21: =DP21-DL21 -> 0 | DU21: =DR21-DM21 -> 0 | DV21: =IFERROR((DP21-DL21)*100/DL21,"-") -> - | DW21: =IFERROR((DR21-DM21)*100/DM21,"-") -> - | DY21: حمل و نقل | DZ21: داخلی | EA21: صدور بارنامه | EG21: =IFERROR(EF21*100/ED21,"-") -> - | EI21: =IFERROR(EH21*100/EE21,"-") -> - | EJ21: =EF21-EB21 -> 0 | EK21: =EH21-EC21 -> 0 | EL21: =IFERROR((EF21-EB21)*100/EB21,"-") -> - | EM21: =IFERROR((EH21-EC21)*100/EC21,"-") -> - | EO21: حمل و نقل | EP21: داخلی | EQ21: صدور بارنامه | EW21: =IFERROR(EV21*100/ET21,"-") -> - | EY21: =IFERROR(EX21*100/EU21,"-") -> - | EZ21: =EV21-ER21 -> 0 | FA21: =EX21-ES21 -> 0 | FB21: =IFERROR((EV21-ER21)*100/ER21,"-") -> - | FC21: =IFERROR((EX21-ES21)*100/ES21,"-") -> - | FE21: حمل و نقل | FF21: داخلی | FG21: صدور بارنامه | FM21: =IFERROR(FL21*100/FJ21,"-") -> - | FO21: =IFERROR(FN21*100/FK21,"-") -> - | FP21: =FL21-FH21 -> 0 | FQ21: =FN21-FI21 -> 0 | FR21: =IFERROR((FL21-FH21)*100/FH21,"-") -> - | FS21: =IFERROR((FN21-FI21)*100/FI21,"-") -> -
C22: حمل بار | K22: =IFERROR(J22*100/G22,"-") -> - | L22: =H22-D22 -> 0 | M22: =J22-E22 -> 0 | N22: =IFERROR((H22-D22)*100/D22,"-") -> - | O22: =IFERROR((J22-E22)*100/E22,"-") -> - | S22: حمل بار | Y22: =IFERROR(X22*100/V22,"-") -> - | AA22: =IFERROR(Z22*100/W22,"-") -> - | AB22: =X22-T22 -> 0 | AC22: =Z22-U22 -> 0 | AD22: =IFERROR((X22-T22)*100/T22,"-") -> - | AE22: =IFERROR((Z22-U22)*100/U22,"-") -> - | AI22: حمل بار | AO22: =IFERROR(AN22*100/AL22,"-") -> - | AQ22: =IFERROR(AP22*100/AM22,"-") -> - | AR22: =AN22-AJ22 -> 0 | AS22: =AP22-AK22 -> 0 | AT22: =IFERROR((AN22-AJ22)*100/AJ22,"-") -> - | AU22: =IFERROR((AP22-AK22)*100/AK22,"-") -> - | AY22: حمل بار | BE22: =IFERROR(BD22*100/BB22,"-") -> - | BG22: =IFERROR(BF22*100/BC22,"-") -> - | BH22: =BD22-AZ22 -> 0 | BI22: =BF22-BA22 -> 0 | BJ22: =IFERROR((BD22-AZ22)*100/AZ22,"-") -> - | BK22: =IFERROR((BF22-BA22)*100/BA22,"-") -> - | BO22: حمل بار | BU22: =IFERROR(BT22*100/BR22,"-") -> - | BW22: =IFERROR(BV22*100/BS22,"-") -> - | BX22: =BT22-BP22 -> 0 | BY22: =BV22-BQ22 -> 0 | BZ22: =IFERROR((BT22-BP22)*100/BP22,"-") -> - | CA22: =IFERROR((BV22-BQ22)*100/BQ22,"-") -> - | CE22: حمل بار | CK22: =IFERROR(CJ22*100/CH22,"-") -> - | CM22: =IFERROR(CL22*100/CI22,"-") -> - | CN22: =CJ22-CF22 -> 0 | CO22: =CL22-CG22 -> 0 | CP22: =IFERROR((CJ22-CF22)*100/CF22,"-") -> - | CQ22: =IFERROR((CL22-CG22)*100/CG22,"-") -> - | CU22: حمل بار | DA22: =IFERROR(CZ22*100/CX22,"-") -> - | DC22: =IFERROR(DB22*100/CY22,"-") -> - | DD22: =CZ22-CV22 -> 0 | DE22: =DB22-CW22 -> 0 | DF22: =IFERROR((CZ22-CV22)*100/CV22,"-") -> - | DG22: =IFERROR((DB22-CW22)*100/CW22,"-") -> - | DK22: حمل بار | DQ22: =IFERROR(DP22*100/DN22,"-") -> - | DS22: =IFERROR(DR22*100/DO22,"-") -> - | DT22: =DP22-DL22 -> 0 | DU22: =DR22-DM22 -> 0 | DV22: =IFERROR((DP22-DL22)*100/DL22,"-") -> - | DW22: =IFERROR((DR22-DM22)*100/DM22,"-") -> - | EA22: حمل بار | EG22: =IFERROR(EF22*100/ED22,"-") -> - | EI22: =IFERROR(EH22*100/EE22,"-") -> - | EJ22: =EF22-EB22 -> 0 | EK22: =EH22-EC22 -> 0 | EL22: =IFERROR((EF22-EB22)*100/EB22,"-") -> - | EM22: =IFERROR((EH22-EC22)*100/EC22,"-") -> - | EQ22: حمل بار | EW22: =IFERROR(EV22*100/ET22,"-") -> - | EY22: =IFERROR(EX22*100/EU22,"-") -> - | EZ22: =EV22-ER22 -> 0 | FA22: =EX22-ES22 -> 0 | FB22: =IFERROR((EV22-ER22)*100/ER22,"-") -> - | FC22: =IFERROR((EX22-ES22)*100/ES22,"-") -> - | FG22: حمل بار | FM22: =IFERROR(FL22*100/FJ22,"-") -> - | FO22: =IFERROR(FN22*100/FK22,"-") -> - | FP22: =FL22-FH22 -> 0 | FQ22: =FN22-FI22 -> 0 | FR22: =IFERROR((FL22-FH22)*100/FH22,"-") -> - | FS22: =IFERROR((FN22-FI22)*100/FI22,"-") -> -
B23: بین المللی | C23: صدور بارنامه | I23: =IFERROR(H23*100/F23,"-") -> - | K23: =IFERROR(J23*100/G23,"-") -> - | L23: =H23-D23 -> 0 | M23: =J23-E23 -> 0 | N23: =IFERROR((H23-D23)*100/D23,"-") -> - | O23: =IFERROR((J23-E23)*100/E23,"-") -> - | R23: بین المللی | S23: صدور بارنامه | Y23: =IFERROR(X23*100/V23,"-") -> - | AA23: =IFERROR(Z23*100/W23,"-") -> - | AB23: =X23-T23 -> 0 | AC23: =Z23-U23 -> 0 | AD23: =IFERROR((X23-T23)*100/T23,"-") -> - | AE23: =IFERROR((Z23-U23)*100/U23,"-") -> - | AH23: بین المللی | AI23: صدور بارنامه | AO23: =IFERROR(AN23*100/AL23,"-") -> - | AQ23: =IFERROR(AP23*100/AM23,"-") -> - | AR23: =AN23-AJ23 -> 0 | AS23: =AP23-AK23 -> 0 | AT23: =IFERROR((AN23-AJ23)*100/AJ23,"-") -> - | AU23: =IFERROR((AP23-AK23)*100/AK23,"-") -> - | AX23: بین المللی | AY23: صدور بارنامه | BE23: =IFERROR(BD23*100/BB23,"-") -> - | BG23: =IFERROR(BF23*100/BC23,"-") -> - | BH23: =BD23-AZ23 -> 0 | BI23: =BF23-BA23 -> 0 | BJ23: =IFERROR((BD23-AZ23)*100/AZ23,"-") -> - | BK23: =IFERROR((BF23-BA23)*100/BA23,"-") -> - | BN23: بین المللی | BO23: صدور بارنامه | BU23: =IFERROR(BT23*100/BR23,"-") -> - | BW23: =IFERROR(BV23*100/BS23,"-") -> - | BX23: =BT23-BP23 -> 0 | BY23: =BV23-BQ23 -> 0 | BZ23: =IFERROR((BT23-BP23)*100/BP23,"-") -> - | CA23: =IFERROR((BV23-BQ23)*100/BQ23,"-") -> - | CD23: بین المللی | CE23: صدور بارنامه | CK23: =IFERROR(CJ23*100/CH23,"-") -> - | CM23: =IFERROR(CL23*100/CI23,"-") -> - | CN23: =CJ23-CF23 -> 0 | CO23: =CL23-CG23 -> 0 | CP23: =IFERROR((CJ23-CF23)*100/CF23,"-") -> - | CQ23: =IFERROR((CL23-CG23)*100/CG23,"-") -> - | CT23: بین المللی | CU23: صدور بارنامه | DA23: =IFERROR(CZ23*100/CX23,"-") -> - | DC23: =IFERROR(DB23*100/CY23,"-") -> - | DD23: =CZ23-CV23 -> 0 | DE23: =DB23-CW23 -> 0 | DF23: =IFERROR((CZ23-CV23)*100/CV23,"-") -> - | DG23: =IFERROR((DB23-CW23)*100/CW23,"-") -> - | DJ23: بین المللی | DK23: صدور بارنامه | DQ23: =IFERROR(DP23*100/DN23,"-") -> - | DS23: =IFERROR(DR23*100/DO23,"-") -> - | DT23: =DP23-DL23 -> 0 | DU23: =DR23-DM23 -> 0 | DV23: =IFERROR((DP23-DL23)*100/DL23,"-") -> - | DW23: =IFERROR((DR23-DM23)*100/DM23,"-") -> - | DZ23: بین المللی | EA23: صدور بارنامه | EG23: =IFERROR(EF23*100/ED23,"-") -> - | EI23: =IFERROR(EH23*100/EE23,"-") -> - | EJ23: =EF23-EB23 -> 0 | EK23: =EH23-EC23 -> 0 | EL23: =IFERROR((EF23-EB23)*100/EB23,"-") -> - | EM23: =IFERROR((EH23-EC23)*100/EC23,"-") -> - | EP23: بین المللی | EQ23: صدور بارنامه | EW23: =IFERROR(EV23*100/ET23,"-") -> - | EY23: =IFERROR(EX23*100/EU23,"-") -> - | EZ23: =EV23-ER23 -> 0 | FA23: =EX23-ES23 -> 0 | FB23: =IFERROR((EV23-ER23)*100/ER23,"-") -> - | FC23: =IFERROR((EX23-ES23)*100/ES23,"-") -> - | FF23: بین المللی | FG23: صدور بارنامه | FM23: =IFERROR(FL23*100/FJ23,"-") -> - | FO23: =IFERROR(FN23*100/FK23,"-") -> - | FP23: =FL23-FH23 -> 0 | FQ23: =FN23-FI23 -> 0 | FR23: =IFERROR((FL23-FH23)*100/FH23,"-") -> - | FS23: =IFERROR((FN23-FI23)*100/FI23,"-") -> -
C24: حمل بار | I24: =IFERROR(H24*100/F24,"-") -> - | K24: =IFERROR(J24*100/G24,"-") -> - | L24: =H24-D24 -> 0 | M24: =J24-E24 -> 0 | N24: =IFERROR((H24-D24)*100/D24,"-") -> - | O24: =IFERROR((J24-E24)*100/E24,"-") -> - | S24: حمل بار | Y24: =IFERROR(X24*100/V24,"-") -> - | AA24: =IFERROR(Z24*100/W24,"-") -> - | AB24: =X24-T24 -> 0 | AC24: =Z24-U24 -> 0 | AD24: =IFERROR((X24-T24)*100/T24,"-") -> - | AE24: =IFERROR((Z24-U24)*100/U24,"-") -> - | AI24: حمل بار | AO24: =IFERROR(AN24*100/AL24,"-") -> - | AQ24: =IFERROR(AP24*100/AM24,"-") -> - | AR24: =AN24-AJ24 -> 0 | AS24: =AP24-AK24 -> 0 | AT24: =IFERROR((AN24-AJ24)*100/AJ24,"-") -> - | AU24: =IFERROR((AP24-AK24)*100/AK24,"-") -> - | AY24: حمل بار | BE24: =IFERROR(BD24*100/BB24,"-") -> - | BG24: =IFERROR(BF24*100/BC24,"-") -> - | BH24: =BD24-AZ24 -> 0 | BI24: =BF24-BA24 -> 0 | BJ24: =IFERROR((BD24-AZ24)*100/AZ24,"-") -> - | BK24: =IFERROR((BF24-BA24)*100/BA24,"-") -> - | BO24: حمل بار | BU24: =IFERROR(BT24*100/BR24,"-") -> - | BW24: =IFERROR(BV24*100/BS24,"-") -> - | BX24: =BT24-BP24 -> 0 | BY24: =BV24-BQ24 -> 0 | BZ24: =IFERROR((BT24-BP24)*100/BP24,"-") -> - | CA24: =IFERROR((BV24-BQ24)*100/BQ24,"-") -> - | CE24: حمل بار | CK24: =IFERROR(CJ24*100/CH24,"-") -> - | CM24: =IFERROR(CL24*100/CI24,"-") -> - | CN24: =CJ24-CF24 -> 0 | CO24: =CL24-CG24 -> 0 | CP24: =IFERROR((CJ24-CF24)*100/CF24,"-") -> - | CQ24: =IFERROR((CL24-CG24)*100/CG24,"-") -> - | CU24: حمل بار | DA24: =IFERROR(CZ24*100/CX24,"-") -> - | DC24: =IFERROR(DB24*100/CY24,"-") -> - | DD24: =CZ24-CV24 -> 0 | DE24: =DB24-CW24 -> 0 | DF24: =IFERROR((CZ24-CV24)*100/CV24,"-") -> - | DG24: =IFERROR((DB24-CW24)*100/CW24,"-") -> - | DK24: حمل بار | DQ24: =IFERROR(DP24*100/DN24,"-") -> - | DS24: =IFERROR(DR24*100/DO24,"-") -> - | DT24: =DP24-DL24 -> 0 | DU24: =DR24-DM24 -> 0 | DV24: =IFERROR((DP24-DL24)*100/DL24,"-") -> - | DW24: =IFERROR((DR24-DM24)*100/DM24,"-") -> - | EA24: حمل بار | EG24: =IFERROR(EF24*100/ED24,"-") -> - | EI24: =IFERROR(EH24*100/EE24,"-") -> - | EJ24: =EF24-EB24 -> 0 | EK24: =EH24-EC24 -> 0 | EL24: =IFERROR((EF24-EB24)*100/EB24,"-") -> - | EM24: =IFERROR((EH24-EC24)*100/EC24,"-") -> - | EQ24: حمل بار | EW24: =IFERROR(EV24*100/ET24,"-") -> - | EY24: =IFERROR(EX24*100/EU24,"-") -> - | EZ24: =EV24-ER24 -> 0 | FA24: =EX24-ES24 -> 0 | FB24: =IFERROR((EV24-ER24)*100/ER24,"-") -> - | FC24: =IFERROR((EX24-ES24)*100/ES24,"-") -> - | FG24: حمل بار | FM24: =IFERROR(FL24*100/FJ24,"-") -> - | FO24: =IFERROR(FN24*100/FK24,"-") -> - | FP24: =FL24-FH24 -> 0 | FQ24: =FN24-FI24 -> 0 | FR24: =IFERROR((FL24-FH24)*100/FH24,"-") -> - | FS24: =IFERROR((FN24-FI24)*100/FI24,"-") -> -
A25: =IF(SUM(P12,P20)=2,"جمع کل (درآمد عملیاتی)",IF(SUM(P12,P20)=0,"جمع کل (درآمد عملیاتی بدون بیمه)","")) -> جمع کل (درآمد عملیاتی بدون بیمه) | E25: =IFERROR(SUMPRODUCT(E$5:E$20,$P$5:$P$20),"") -> 1091418 | G25: =IFERROR(SUMPRODUCT(G$5:G$20,$P$5:$P$20),"") -> 1753136 | J25: =IFERROR(SUMPRODUCT(J$5:J$20,$P$5:$P$20),"") -> 2698410 | K25: =IFERROR(J25*100/G25,"") -> 153.91903 | M25: =IFERROR(J25-E25,"") -> 1606992 | O25: =IFERROR((J25-E25)*100/E25,"") -> 147.23891 | Q25: =$A$25 -> جمع کل (درآمد عملیاتی بدون بیمه) | U25: =IFERROR(SUMPRODUCT(U$5:U$20,$P$5:$P$20),"") -> 107877 | W25: =IFERROR(SUMPRODUCT(W$5:W$20,$P$5:$P$20),"") -> 388812 | Z25: =IFERROR(SUMPRODUCT(Z$5:Z$20,$P$5:$P$20),"") -> 52103 | AA25: =IFERROR(Z25*100/W25,"") -> 13.400564 | AC25: =Z25-U25 -> -55774 | AE25: =IFERROR((Z25-U25)*100/U25,"") -> -51.701475 | AG25: =$A$25 -> جمع کل (درآمد عملیاتی بدون بیمه) | AK25: =IFERROR(SUMPRODUCT(AK$5:AK$20,$P$5:$P$20),"") -> 97432 | AM25: =IFERROR(SUMPRODUCT(AM$5:AM$20,$P$5:$P$20),"") -> 190176 | AP25: =IFERROR(SUMPRODUCT(AP$5:AP$20,$P$5:$P$20),"") -> 1056293 | AQ25: =IFERROR(AP25*100/AM25,"") -> 555.42918 | AS25: =AP25-AK25 -> 958861 | AU25: =IFERROR((AP25-AK25)*100/AK25,"") -> 984.13355 | AW25: =$A$25 -> جمع کل (درآمد عملیاتی بدون بیمه) | BA25: =IFERROR(SUMPRODUCT(BA$5:BA$20,$P$5:$P$20),"") -> 84888 | BC25: =IFERROR(SUMPRODUCT(BC$5:BC$20,$P$5:$P$20),"") -> 139616 | BF25: =IFERROR(SUMPRODUCT(BF$5:BF$20,$P$5:$P$20),"") -> 122672 | BG25: =IFERROR(BF25*100/BC25,"") -> 87.863855 | BI25: =BF25-BA25 -> 37784 | BK25: =IFERROR((BF25-BA25)*100/BA25,"") -> 44.510414 | BM25: =$A$25 -> جمع کل (درآمد عملیاتی بدون بیمه) | BQ25: =IFERROR(SUMPRODUCT(BQ$5:BQ$20,$P$5:$P$20),"") -> 463426 | BS25: =IFERROR(SUMPRODUCT(BS$5:BS$20,$P$5:$P$20),"") -> 615028 | BV25: =IFERROR(SUMPRODUCT(BV$5:BV$20,$P$5:$P$20),"") -> 839456 | BW25: =IFERROR(BV25*100/BS25,"") -> 136.4907 | BY25: =BV25-BQ25 -> 376030 | CA25: =IFERROR((BV25-BQ25)*100/BQ25,"") -> 81.141326 | CC25: =$A$25 -> جمع کل (درآمد عملیاتی بدون بیمه) | CG25: =IFERROR(SUMPRODUCT(CG$5:CG$20,$P$5:$P$20),"") -> 115959 | CI25: =IFERROR(SUMPRODUCT(CI$5:CI$20,$P$5:$P$20),"") -> 98232 | CL25: =IFERROR(SUMPRODUCT(CL$5:CL$20,$P$5:$P$20),"") -> 170890 | CM25: =IFERROR(CL25*100/CI25,"") -> 173.96571 | CO25: =CL25-CG25 -> 54931 | CQ25: =IFERROR((CL25-CG25)*100/CG25,"") -> 47.371054 | CS25: =$A$25 -> جمع کل (درآمد عملیاتی بدون بیمه) | CW25: =IFERROR(SUMPRODUCT(CW$5:CW$20,$P$5:$P$20),"") -> 9367 | CY25: =IFERROR(SUMPRODUCT(CY$5:CY$20,$P$5:$P$20),"") -> 5444 | DB25: =IFERROR(SUMPRODUCT(DB$5:DB$20,$P$5:$P$20),"") -> 26005 | DC25: =IFERROR(DB25*100/CY25,"") -> 477.68185 | DE25: =DB25-CW25 -> 16638 | DG25: =IFERROR((DB25-CW25)*100/CW25,"") -> 177.62357 | DI25: =$A$25 -> جمع کل (درآمد عملیاتی بدون بیمه) | DM25: =IFERROR(SUMPRODUCT(DM$5:DM$20,$P$5:$P$20),"") -> 204072 | DO25: =IFERROR(SUMPRODUCT(DO$5:DO$20,$P$5:$P$20),"") -> 274150 | DR25: =IFERROR(SUMPRODUCT(DR$5:DR$20,$P$5:$P$20),"") -> 389082 | DS25: =IFERROR(DR25*100/DO25,"") -> 141.92303 | DU25: =DR25-DM25 -> 185010 | DW25: =IFERROR((DR25-DM25)*100/DM25,"") -> 90.659179 | DY25: =$A$25 -> جمع کل (درآمد عملیاتی بدون بیمه) | EC25: =IFERROR(SUMPRODUCT(EC$5:EC$20,$P$5:$P$20),"") -> 5472 | EE25: =IFERROR(SUMPRODUCT(EE$5:EE$20,$P$5:$P$20),"") -> 28968 | EH25: =IFERROR(SUMPRODUCT(EH$5:EH$20,$P$5:$P$20),"") -> 812 | EI25: =IFERROR(EH25*100/EE25,"") -> 2.8030931 | EK25: =EH25-EC25 -> -4660 | EM25: =IFERROR((EH25-EC25)*100/EC25,"") -> -85.160819 | EO25: =$A$25 -> جمع کل (درآمد عملیاتی بدون بیمه) | ES25: =IFERROR(SUMPRODUCT(ES$5:ES$20,$P$5:$P$20),"") -> 2925 | EU25: =IFERROR(SUMPRODUCT(EU$5:EU$20,$P$5:$P$20),"") -> 12710 | EX25: =IFERROR(SUMPRODUCT(EX$5:EX$20,$P$5:$P$20),"") -> 37848 | EY25: =IFERROR(EX25*100/EU25,"") -> 297.78127 | FA25: =EX25-ES25 -> 34923 | FC25: =IFERROR((EX25-ES25)*100/ES25,"") -> 1193.9487 | FE25: =$A$25 -> جمع کل (درآمد عملیاتی بدون بیمه) | FI25: =IFERROR(SUMPRODUCT(FI$5:FI$20,$P$5:$P$20),"") -> 0 | FK25: =IFERROR(SUMPRODUCT(FK$5:FK$20,$P$5:$P$20),"") -> 0 | FN25: =IFERROR(SUMPRODUCT(FN$5:FN$20,$P$5:$P$20),"") -> 3249 | FO25: =IFERROR(FN25*100/FK25,"") | FQ25: =FN25-FI25 -> 3249 | FS25: =IFERROR((FN25-FI25)*100/FI25,"")
U26: 1 | W26: 2 | Z26: 3 | AK26: =$U$26 -> 1 | AM26: =$W$26 -> 2 | AP26: =$Z$26 -> 3 | BA26: =$U$26 -> 1 | BC26: =$W$26 -> 2 | BF26: =$Z$26 -> 3 | BQ26: =$U$26 -> 1 | BS26: =$W$26 -> 2 | BV26: =$Z$26 -> 3 | CG26: =$U$26 -> 1 | CI26: =$W$26 -> 2 | CL26: =$Z$26 -> 3 | CW26: =$U$26 -> 1 | CY26: =$W$26 -> 2 | DB26: =$Z$26 -> 3 | DM26: =$U$26 -> 1 | DO26: =$W$26 -> 2 | DR26: =$Z$26 -> 3 | EC26: =$U$26 -> 1 | EE26: =$W$26 -> 2 | EH26: =$Z$26 -> 3 | ES26: =$U$26 -> 1 | EU26: =$W$26 -> 2 | EX26: =$Z$26 -> 3 | FI26: =$U$26 -> 1 | FK26: =$W$26 -> 2 | FN26: =$Z$26 -> 3
A28: توضیحات تکمیلی (دلایل انحرافات 10%± عملکرد و بودجه): 1- 2- 3- 4- | Q28: توضیحات تکمیلی (دلایل انحرافات 10%± عملکرد و بودجه): 1- انحراف نامساعد ایجاد شده در کلیه رویه های شعبه شهید کاوه به جهت فعالیت انبار شهرک صنعتی و حمایت های گمرک از این مجموعه و انتقال بخش زیادی از کالاها به این شرکت می باشد 2- 3- 4- | AG28: توضیحات تکمیلی (دلایل انحرافات 10%± عملکرد و بودجه): 1- مهمترین دلیل انحراف نامساعد ایجاد شده در رویه واردات به جهت فعالیت گمرک شهرک صنعتی توس به عنوان رقیب اصلی انبارهای عمومی بوده به شکلی که اغلب کالاهای وارداتی به این گمرک منتقل شده و موجب شده ورود برخی از کالا ها از جمله کالای برنج و و حبوبات کاهش چشمگیری داشته باشد. 2- انحراف مساعد در رویه حمل یکسره ورود کالای کنجاله آفتابگردان به صورت حمل یکسره 3- انحراف مساعد ایجاد شده ترانشیپ در رویه واردات : ورود کالای شکر و روغن در رویه ترانزیت و به منظور حمل ریلی و انتقال به آسیای میانه 4 | AW28: توضیحات تکمیلی (دلایل انحرافات 10%± عملکرد و بودجه): 1-انحراف نامساعد ایجاد شده در رویه واردات به دلیل کاهش صدور دستور تخلیه خودروهای سواری از سوی گمرک و به جهت محدودیت فضای انبار بارانداز شعبه بوده است همچنین محدودیت ورود کالای حبوبات و نخ پنبه به شعبه به دلیل شرایط جنگی در ماههای ابتدایی سال از جمله علل انحراف نامساعد ایجاد شده می باشند. 2- انحراف مساعد ایجاد شده در رویه صادرات و ترانشیپ صادرات به جهت ایجاد شرایط جنگی و بسته شدن مرزهای آبی در جنوب کشور و تغییر مسیر صادرات کالاها از مرزهای زمینی می باشد از جمله کالاهای مصنوعات پلاستیکی و فلزی ، ماشین آلات ، مواد خوراکی بلورجات و ... 3-انحراف مساعد ایجاد شده مدت توقف کالا در صاردات نیز به دلیل کمبود ناوگان حمل با توجه به محدودیت ایجاد شده توسط کشور ترکمنستان در نوع وسیله حمل (تاکید بر استفاده از وسیله حمل چادری) 4-انحراف مساعد ایجاد شده در رویه ترانشیپ صادرات : تناژ و درآمد صادرات در رویه واردات وارد شده است. | BM28: توضیحات تکمیلی (دلایل انحرافات 10%± عملکرد و بودجه): 1- مهمترین دلایل انحراف مساعد ایجاد شده در کلیه رویه های جاری شعبه : ایجاد شرایط جنگی و بسته شدن مرزهای آبی کشور و تغییر مسیر کالا به مرزهای زمینی - گسترش محوطه عملیاتی در زمین شرکت و استفاده بهینه از ظرفیت سکوی ریلی - افزایش تجهیزات عملیاتی از جمله لیفتراک - بازگشایی درب گمرک از محوطه 12 هکتاری شرکت موجب افزایش ظرفیت ترانشیپمنت شده است. 2-انحراف نامساعد ایجاد شده در مدت نگهداری کالادر رویه صادرات : درآمد انبارداری صادرات نسبت به تناژ آن کاهش داشته است . | CC28: توضیحات تکمیلی (دلایل انحرافات 10%± عملکرد و بودجه): 1-انحراف مساعد ایجاد شده به جهت ورود کالاهای جدید از جمله اسید فسفوریک و بدنه یخچال در شعبه بوده است. 2-انحراف مساعد ایجاد شده در رویه واردات انبارداری به جهت ماندگاری کالا در انبارهای شعبه بوده است. 3-انحراف مساعد ایجاد شده در انبارداری واردات به جهت افزایش میانگین مدت ماندگاری کالا می باشد. 4-- | CS28: توضیحات تکمیلی (دلایل انحرافات 10%± عملکرد و بودجه): 1-انحراف مساعد ایجاد شده در رویه واردات به دلیل افزایش سطح تعامالات با گمرک ستادی خراسان جنوبی ( بیرجند ) و مساعدت در ورود کالای شمش، مس، کنجد و حبوبات بوده است . 2- 3- 4- | DI28: توضیحات تکمیلی (دلایل انحرافات 10%± عملکرد و بودجه): 1- مهمترین دلایل انحراف مساعد ایجاد شده در شعبه ایجاد شرایط جنگی در کشور و تغییر مسیر کالاها از بنادر به سمت مرزهای زمینی بوده است همچنین مهمترین کالاهای وارداتی شعبه پنبه ، گوگرد ، حبوبات و مهمترین اقلام صادراتی ماشین آلات ، آهن آلات مواد اولیه بلورجات بوده است. 2-انحراف مساعد ایجاد شده در باربری واردات نسبت درآمد به تناژ بدلیل ورود کالاهای خاص و خطرناک مانند گوگرد و پنبه می باشد. | DY28: توضیحات تکمیلی (دلایل انحرافات 10%± عملکرد و بودجه): 1- مهمترین دلیل انحراف نامساعد ایجاد شده در رویه واردات شعبه صدور مجوز انبارهای اختصاصی توسط گمرک به واحدهای تولیدی بوده است . شایان ذکر است با توجه به فعالیتهای شرکتهای مرزنشین و صادرات انجام گرفته توسط این شرکتها در شش ماه دوم قطعاْ با افزایش حجم عملیات واردات توسط شرکتهای مرزنشینان در این شعبه روبرو خواهیم شد. 2- 3- | EO28: توضیحات تکمیلی (دلایل انحرافات 10%± عملکرد و بودجه): 1- مهمترین دلیل انحراف مساعد ایجاد شده در شعبه افزایش سطح تعاملات با گمرک و مساعدت گمرک در صدور دستور تخلیه کالا بوده است از جمله این کالاها برنج ، تخم آفتابگردان ، گردو و کنجد بوده است - شایان ذکر است جذب نیروهای بومی ، تهیه ملزومات عملیات از جمله پالت پلاستیکی و ... در میزان مساعدت گمرک در ورود کالا تاثیر گذار بوده است . 2- 3- 4- | FE28: توضیحات تکمیلی (دلایل انحرافات 10%± عملکرد و بودجه): 1- 2- 3- 4-
A30: 1- جدول مربوطه به تفکیک شرکت اصلی و شعب تابعه و همچنین به صورت تجمیعی تکمیل گردد. 2- ارقام تناژ عملکردهای عملیاتی در سال های قبل و جاری باید با گزارشات ارسالی به معاونت عملیات و امور گمرکی شرکت مرکزی و جدول عملکرد و بودجه عملیاتی گزارش مطابقت داشته باشد. 3- جمع کل ریالی به عنوان درآمد عملیاتی با جداول مالی مطابقت داشته باشد. 4- نحوه محاسبه باربری در جدول در بخش عملیاتی برابر با تناژ بارگیری * 2 می باشد و در بخش ریالی نیز فقط سرفصل درآمدی در حوزه باربری (بابت تخلیه و بارگیری کالاها) محاسبه می گردد. 5- نحوه محاسبه ترانشیپ در جدول در بخش عملیاتی برابر با تناژ ترانشیپ می باشد و در بخش ریالی نیز فقط سرفصل درآمدی ترانشیپ محاسبه می گردد. 6- نحوه محاسبه خدمات باربری در جدول در بخش عملیاتی فاقد اطلاعات بوده (خط تیره) و در بخش ریالی نیز فقط سایر سرفصل های درآمدی در حوزه باربری (دیماند، صدور بیجک، باربری مضاعف، استریپ، استافینگ، خن کاری، تسمه کشی، تفکیک قبض و ...) محاسبه می‌گردد. 7- برخی از سرفصل های درآمدی در سیستم حسابداری مانند پارکینگ، خدمات رایانه، بازبینی، باسکول و ... در بخش سایر درآمدهای عملیاتی محاسبه و منظور می‌گردد.

Sheet تعداد پرسنل
A1: =[1]روکش!D4 -> انبارهای عمومی و خدمات گمرکی ایران
A2: ="گزارش تعداد پرسنل و سرانه هزینه پرسنلی به تفکیک نوع قرارداد در دوره " & [1]روکش!$F$9 & " سال " & [1]روکش!$D$9&"- مجتمع خراسان" -> گزارش تعداد پرسنل و سرانه هزینه پرسنلی به تفکیک نوع قرارداد در دوره شش ماهه سال 1405- مجتمع خراسان
A3: شرح | B3: عملكرد دوره مشابه سال قبل | H3: بودجه دوره مورد رسیدگی سال جاری | N3: عملکرد دوره مورد رسیدگی سال جاری | T3: درصد تحقق بودجه
B4: رسمي | C4: موقت | D4: پرسنل پيمانكار | E4: جمع | F4: سرانه پرسنلی مستقیم | G4: سرانه پرسنلی پیمانکار | H4: رسمي | I4: موقت | J4: پرسنل پيمانكار | K4: جمع | L4: سرانه پرسنلی مستقیم | M4: سرانه پرسنلی پیمانکار | N4: رسمي | O4: موقت | P4: پرسنل پيمانكار | Q4: جمع | R4: سرانه پرسنلی مستقیم | S4: سرانه پرسنلی پیمانکار | T4: رسمي | V4: موقت | X4: پرسنل پيمانكار | Z4: جمع | AA4: سرانه پرسنلی مستقیم | AC4: سرانه پرسنلی پیمانکار
A5: متوسط تعداد پرسنل مستقیم توليد (نفر) | E5: =SUM(B5:D5) -> 0 | F5: =IF($A$1="صنایع شیر ایران",IFERROR(('[1]هزینه پرسنلی مستقیم تولید'!$B$31/(C5+B5+D5))/$AH$5,0),IFERROR(('[1]هزینه پرسنلی مستقیم تولید'!$B$31/(C5+B5))/$AH$5,0)) -> 0 | G5: =IFERROR((VLOOKUP($AH$6,'[1]هزینه سربار تولید'!$A:$F,2,FALSE)/(D5+D6))/$AH$5,0) -> 0 | H5: {=IF(ROW()-ROW($A$5)<'[1]الف-ب-ج'!$L$9,IF([1]روکش!$F$9="سه ماهه",INDIRECT("BudgetDB!FY"&('[1]الف-ب-ج'!$M$9+ROW()-ROW($A$5))),INDIRECT("BudgetDB!GB"&('[1]الف-ب-ج'!$M$9+ROW()-ROW($A$5)))),"")} -> #REF! | I5: {=IF(ROW()-ROW($A$5)<'[1]الف-ب-ج'!$L$9,IF([1]روکش!$F$9="سه ماهه",INDIRECT("BudgetDB!FZ"&('[1]الف-ب-ج'!$M$9+ROW()-ROW($A$5))),INDIRECT("BudgetDB!GC"&('[1]الف-ب-ج'!$M$9+ROW()-ROW($A$5)))),"")} -> #REF! | J5: {=IF(ROW()-ROW($A$5)<'[1]الف-ب-ج'!$L$9,IF([1]روکش!$F$9="سه ماهه",INDIRECT("BudgetDB!GA"&('[1]الف-ب-ج'!$M$9+ROW()-ROW($A$5))),INDIRECT("BudgetDB!GD"&('[1]الف-ب-ج'!$M$9+ROW()-ROW($A$5)))),"")} -> #REF! | K5: =SUM(H5:J5) -> #REF! | L5: =IF($A$1="صنایع شیر ایران",IFERROR(('[1]هزینه پرسنلی مستقیم تولید'!$C$31/(I5+H5+J5))/$AH$5,0),IFERROR(('[1]هزینه پرسنلی مستقیم تولید'!$C$31/(I5+H5))/$AH$5,0)) -> 0 | M5: =IFERROR((VLOOKUP($AH$6,'[1]هزینه سربار تولید'!$A:$F,3,FALSE)/(J5+J6))/$AH$5,0) -> 0 | Q5: =SUM(N5:P5) -> 0 | R5: =IF($A$1="صنایع شیر ایران",IFERROR(('[1]هزینه پرسنلی مستقیم تولید'!$D$31/(O5+N5+P5))/$AH$5,0),IFERROR(('[1]هزینه پرسنلی مستقیم تولید'!$D$31/(O5+N5))/$AH$5,0)) -> 0 | S5: =IFERROR((VLOOKUP($AH$6,'[1]هزینه سربار تولید'!$A:$F,4,FALSE)/(P5+P6))/$AH$5,0) -> 0 | T5: =IFERROR(N5*100/H5,"-") -> - | U5: =IFERROR(ABS(T5-100),500) -> 500 | V5: =IFERROR(O5*100/I5,"-") -> - | W5: =IFERROR(ABS(V5-100),500) -> 500 | X5: =IFERROR(P5*100/J5,"-") -> - | Y5: =IFERROR(ABS(X5-100),500) -> 500 | Z5: =IFERROR(Q5*100/K5,"-") -> - | AA5: =IFERROR(R5*100/L5,"-") -> - | AB5: =IFERROR(ABS(AA5-100),500) -> 500 | AC5: =IFERROR(S5*100/M5,"-") -> - | AD5: =IFERROR(ABS(AC5-100),500) -> 500 | AH5: =IF([1]روکش!$F$9="سه ماهه", 3,6) -> 6
A6: متوسط تعداد پرسنل غیرمستقیم توليد (نفر) | E6: =SUM(B6:D6) -> 0 | F6: =IF($A$1="صنایع شیر ایران",IFERROR(('[1]هزینه پرسنلی غیرمستقیم تولید'!$B$31/(C6+B6+D6))/$AH$5,0),IFERROR(('[1]هزینه پرسنلی غیرمستقیم تولید'!$B$31/(C6+B6))/$AH$5,0)) -> 0 | H6: {=IF(ROW()-ROW($A$5)<'[1]الف-ب-ج'!$L$9,IF([1]روکش!$F$9="سه ماهه",INDIRECT("BudgetDB!FY"&('[1]الف-ب-ج'!$M$9+ROW()-ROW($A$5))),INDIRECT("BudgetDB!GB"&('[1]الف-ب-ج'!$M$9+ROW()-ROW($A$5)))),"")} -> #REF! | I6: {=IF(ROW()-ROW($A$5)<'[1]الف-ب-ج'!$L$9,IF([1]روکش!$F$9="سه ماهه",INDIRECT("BudgetDB!FZ"&('[1]الف-ب-ج'!$M$9+ROW()-ROW($A$5))),INDIRECT("BudgetDB!GC"&('[1]الف-ب-ج'!$M$9+ROW()-ROW($A$5)))),"")} -> #REF! | J6: {=IF(ROW()-ROW($A$5)<'[1]الف-ب-ج'!$L$9,IF([1]روکش!$F$9="سه ماهه",INDIRECT("BudgetDB!GA"&('[1]الف-ب-ج'!$M$9+ROW()-ROW($A$5))),INDIRECT("BudgetDB!GD"&('[1]الف-ب-ج'!$M$9+ROW()-ROW($A$5)))),"")} -> #REF! | K6: =SUM(H6:J6) -> #REF! | L6: =IF($A$1="صنایع شیر ایران",IFERROR(('[1]هزینه پرسنلی غیرمستقیم تولید'!$C$31/(I6+H6+J6))/$AH$5,0),IFERROR(('[1]هزینه پرسنلی غیرمستقیم تولید'!$C$31/(I6+H6))/$AH$5,0)) -> 0 | Q6: =SUM(N6:P6) -> 0 | R6: =IF($A$1="صنایع شیر ایران",IFERROR(('[1]هزینه پرسنلی غیرمستقیم تولید'!$D$31/(O6+N6+P6))/$AH$5,0),IFERROR(('[1]هزینه پرسنلی غیرمستقیم تولید'!$D$31/(O6+N6))/$AH$5,0)) -> 0 | T6: =IFERROR(N6*100/H6,"-") -> - | U6: =IFERROR(ABS(T6-100),500) -> 500 | V6: =IFERROR(O6*100/I6,"-") -> - | W6: =IFERROR(ABS(V6-100),500) -> 500 | X6: =IFERROR(P6*100/J6,"-") -> - | Y6: =IFERROR(ABS(X6-100),500) -> 500 | Z6: =IFERROR(Q6*100/K6,"-") -> - | AA6: =IFERROR(R6*100/L6,"-") -> - | AB6: =IFERROR(ABS(AA6-100),500) -> 500 | AH6: هزینه پرسنل پیمانکار
A7: متوسط تعداد پرسنل مستقیم ارائه خدمات (نفر) | B7: =SUM(B24,B42,B60,B78,B96,B114,B132,B150,B168,B186) -> 0 | C7: =SUM(C24,C42,C60,C78,C96,C114,C132,C150,C168,C186) -> 166 | D7: =SUM(D24,D42,D60,D78,D96,D114,D132,D150,D168,D186) -> 23 | E7: =SUM(B7:D7) -> 189 | F7: =IFERROR(('هزینه پرسنلی مستقیم خدمات'!$B$31/(C8+B7))/$AH$5,0) -> 0 | G7: =IFERROR((VLOOKUP($AH$6,'[1]هزینه سربار خدمات'!$A:$F,2,FALSE)/(D7+D8))/$AH$5,0) -> 279.02174 | H7: =SUM(H24,H42,H60,H78,H96,H114,H132,H150,H168,H186) -> 0 | I7: =SUM(I24,I42,I60,I78,I96,I114,I132,I150,I168,I186) -> 166 | J7: =SUM(J24,J42,J60,J78,J96,J114,J132,J150,J168,J186) -> 95 | K7: =SUM(H7:J7) -> 261 | L7: =IFERROR(('هزینه پرسنلی مستقیم خدمات'!$C$31/(I7+H7))/$AH$5,0) -> 0 | M7: =IFERROR((VLOOKUP($AH$6,'[1]هزینه سربار خدمات'!$A:$F,3,FALSE)/(J7+J8))/$AH$5,0) -> 217.15088 | N7: =SUM(N24,N42,N60,N78,N96,N114,N132,N150,N168,N186) -> 0 | O7: =SUM(O24,O42,O60,O78,O96,O114,O132,O150,O168,O186) -> 163 | P7: =SUM(P24,P42,P60,P78,P96,P114,P132,P150,P168,P186) -> 40 | Q7: =SUM(N7:P7) -> 203 | R7: =IFERROR(('هزینه پرسنلی مستقیم خدمات'!$D$31/(O7+N7))/$AH$5,0) -> 1269.9847 | S7: =IFERROR((VLOOKUP($AH$6,'[1]هزینه سربار خدمات'!$A:$F,4,FALSE)/(P7+P8))/$AH$5,0) -> 1181.05 | T7: =IFERROR(N7*100/H7,"-") -> - | U7: =IFERROR(ABS(T7-100),500) -> 500 | V7: =IFERROR(O7*100/I7,"-") -> 98.192771 | W7: =IFERROR(ABS(V7-100),500) -> 1.8072289 | X7: =IFERROR(P7*100/J7,"-") -> 42.105263 | Y7: =IFERROR(ABS(X7-100),500) -> 57.894737 | Z7: =IFERROR(Q7*100/K7,"-") -> 77.777778 | AA7: =IFERROR(R7*100/L7,"-") -> - | AB7: =IFERROR(ABS(AA7-100),500) -> 500 | AC7: =IFERROR(S7*100/M7,"-") -> 543.88452 | AD7: =IFERROR(ABS(AC7-100),500) -> 443.88452
A8: متوسط تعداد پرسنل غیرمستقیم خدمات (نفر) | B8: =SUM(B25,B43,B61,B79,B97,B115,B133,B151,B169,B187) -> 0 | C8: =SUM(C25,C43,C61,C79,C97,C115,C133,C151,C169,C187) -> 0 | D8: =SUM(D25,D43,D61,D79,D97,D115,D133,D151,D169,D187) -> 0 | E8: =SUM(B8:D8) -> 0 | F8: =IFERROR(('[1]هزینه پرسنلی غیرمستقیم خدمات'!$B$31/(#REF!+B8))/$AH$5,0) -> 0 | H8: =SUM(H25,H43,H61,H79,H97,H115,H133,H151,H169,H187) -> 0 | I8: =SUM(I25,I43,I61,I79,I97,I115,I133,I151,I169,I187) -> 0 | J8: =SUM(J25,J43,J61,J79,J97,J115,J133,J151,J169,J187) -> 0 | K8: =SUM(H8:J8) -> 0 | L8: =IFERROR(('[1]هزینه پرسنلی غیرمستقیم خدمات'!$C$31/(I8+H8))/$AH$5,0) -> 0 | N8: =SUM(N25,N43,N61,N79,N97,N115,N133,N151,N169,N187) -> 0 | O8: =SUM(O25,O43,O61,O79,O97,O115,O133,O151,O169,O187) -> 0 | P8: =SUM(P25,P43,P61,P79,P97,P115,P133,P151,P169,P187) -> 0 | Q8: =SUM(N8:P8) -> 0 | R8: =IFERROR(('[1]هزینه پرسنلی غیرمستقیم خدمات'!$D$31/(O8+N8))/$AH$5,0) -> 0 | T8: =IFERROR(N8*100/H8,"-") -> - | U8: =IFERROR(ABS(T8-100),500) -> 500 | V8: =IFERROR(O8*100/I8,"-") -> - | W8: =IFERROR(ABS(V8-100),500) -> 500 | X8: =IFERROR(P8*100/J8,"-") -> - | Y8: =IFERROR(ABS(X8-100),500) -> 500 | Z8: =IFERROR(Q8*100/K8,"-") -> - | AA8: =IFERROR(R8*100/L8,"-") -> - | AB8: =IFERROR(ABS(AA8-100),500) -> 500
A9: متوسط تعداد پرسنل اداري، تشكيلاتي و فروش (نفر) | B9: =SUM(B26,B44,B62,B80,B98,B116,B134,B152,B170,B188) -> 0 | C9: =SUM(C26,C44,C62,C80,C98,C116,C134,C152,C170,C188) -> 31 | D9: =SUM(D26,D44,D62,D80,D98,D116,D134,D152,D170,D188) -> 9 | E9: =SUM(B9:D9) -> 40 | F9: =IF($A$1="صنایع شیر ایران",IFERROR(('[1]هزینه اداری عمومی'!$B$26/(C9+B9+D9))/$AH$5,0),IFERROR(('[1]هزینه اداری عمومی'!$B$26/(C9+B9))/$AH$5,0)) -> 760.06452 | G9: =IFERROR((VLOOKUP($AH$6,'[1]هزینه اداری عمومی'!$A:$F,2,FALSE)/D9)/$AH$5,0) -> 0 | H9: =SUM(H26,H44,H62,H80,H98,H116,H134,H152,H170,H188) -> 0 | I9: =SUM(I26,I44,I62,I80,I98,I116,I134,I152,I170,I188) -> 31 | J9: =SUM(J26,J44,J62,J80,J98,J116,J134,J152,J170,J188) -> 15 | K9: =SUM(H9:J9) -> 46 | L9: =IF($A$1="صنایع شیر ایران",IFERROR(('[1]هزینه اداری عمومی'!$C$26/(I9+H9+J9))/$AH$5,0),IFERROR(('[1]هزینه اداری عمومی'!$C$26/(I9+H9))/$AH$5,0)) -> 1021.129 | M9: =IFERROR((VLOOKUP($AH$6,'[1]هزینه اداری عمومی'!$A:$F,3,FALSE)/J9)/$AH$5,0) -> 319.23333 | N9: =SUM(N26,N44,N62,N80,N98,N116,N134,N152,N170,N188) -> 0 | O9: =SUM(O26,O44,O62,O80,O98,O116,O134,O152,O170,O188) -> 30 | P9: =SUM(P26,P44,P62,P80,P98,P116,P134,P152,P170,P188) -> 9 | Q9: =SUM(N9:P9) -> 39 | R9: =IF($A$1="صنایع شیر ایران",IFERROR(('[1]هزینه اداری عمومی'!$D$26/(O9+N9+P9))/$AH$5,0),IFERROR(('[1]هزینه اداری عمومی'!$D$26/(O9+N9))/$AH$5,0)) -> 1246.8556 | S9: =IFERROR((VLOOKUP($AH$6,'[1]هزینه اداری عمومی'!$A:$F,4,FALSE)/P9)/$AH$5,0) -> 0 | T9: =IFERROR(N9*100/H9,"-") -> - | U9: =IFERROR(ABS(T9-100),500) -> 500 | V9: =IFERROR(O9*100/I9,"-") -> 96.774194 | W9: =IFERROR(ABS(V9-100),500) -> 3.2258065 | X9: =IFERROR(P9*100/J9,"-") -> 60 | Y9: =IFERROR(ABS(X9-100),500) -> 40 | Z9: =IFERROR(Q9*100/K9,"-") -> 84.782609 | AA9: =IFERROR(R9*100/L9,"-") -> 122.10558 | AB9: =IFERROR(ABS(AA9-100),500) -> 22.105583 | AC9: =IFERROR(S9*100/M9,"-") -> 0 | AD9: =IFERROR(ABS(AC9-100),500) -> 100
A10: جمع (گروه) | B10: =SUM(B5:B9) -> 0 | C10: =SUM(C5:C9) -> 197 | D10: =SUM(D5:D9) -> 32 | E10: =SUM(E5:E9) -> 229 | F10: =IF($A$1="صنایع شیر ایران",IFERROR(((SUM(F6*(C6+B6+D6),F9*(C9+B9+D9),F5*(C5+B5+D5)))/(C10+B10+D10)),0),IFERROR(((SUM(F6*(C6+B6),F7*(C8+B7),F8*(#REF!+B8),F9*(C9+B9),F5*(C5+B5)))/(C10+B10)),0)) -> 0 | G10: =IFERROR((G5*(D6+D5)+G7*(D8+D7)+G9*D9)/(D10),0) -> 200.54688 | H10: =SUM(H5:H9) -> #REF! | I10: =SUM(I5:I9) -> #REF! | J10: =SUM(J5:J9) -> #REF! | K10: =SUM(K5:K9) -> #REF! | L10: =IF($A$1="صنایع شیر ایران",IFERROR(((SUM(L6*(I6+H6+J6),L9*(I9+H9+J9),L5*(I5+H5+J5)))/(I10+H10+J10)),0),IFERROR(((SUM(L6*(I6+H6),L7*(I7+H7),L8*(I8+H8),L9*(I9+H9),L5*(I5+H5)))/(I10+H10)),0)) -> 0 | M10: =IFERROR((M5*(J6+J5)+M7*(J8+J7)+M9*J9)/(J10),0) -> 0 | N10: =SUM(N5:N9) -> 0 | O10: =SUM(O5:O9) -> 193 | P10: =SUM(P5:P9) -> 49 | Q10: =SUM(Q5:Q9) -> 242 | R10: =IF($A$1="صنایع شیر ایران",IFERROR(((SUM(R6*(O6+N6+P6),R9*(O9+N9+P9),R5*(O5+N5+P5)))/(O10+N10+P10)),0),IFERROR(((SUM(R6*(O6+N6),R7*(O7+N7),R8*(O8+N8),R9*(O9+N9),R5*(O5+N5)))/(O10+N10)),0)) -> 1266.3895 | S10: =IFERROR((S5*(P6+P5)+S7*(P8+P7)+S9*P9)/(P10),0) -> 964.12245 | T10: =IFERROR(N10*100/H10,"-") -> - | U10: =IFERROR(ABS(T10-100),500) -> 500 | V10: =IFERROR(O10*100/I10,"-") -> - | W10: =IFERROR(ABS(V10-100),500) -> 500 | X10: =IFERROR(P10*100/J10,"-") -> - | Y10: =IFERROR(ABS(X10-100),500) -> 500 | Z10: =IFERROR(Q10*100/K10,"-") -> - | AA10: =IFERROR(R10*100/L10,"-") -> - | AB10: =IFERROR(ABS(AA10-100),500) -> 500 | AC10: =IFERROR(S10*100/M10,"-") -> - | AD10: =IFERROR(ABS(AC10-100),500) -> 500
A11: تعداد پرسنل شرکت اصلی | E11: =SUM(B11:D11) -> 0 | K11: =SUM(H11:J11) -> 0 | Q11: =SUM(N11:P11) -> 0 | T11: =IFERROR(N11*100/H11,"-") -> - | U11: =IFERROR(ABS(T11-100),500) -> 500 | V11: =IFERROR(O11*100/I11,"-") -> - | W11: =IFERROR(ABS(V11-100),500) -> 500 | X11: =IFERROR(P11*100/J11,"-") -> - | Y11: =IFERROR(ABS(X11-100),500) -> 500 | Z11: =IFERROR(Q11*100/K11,"-") -> - | AA11: =IFERROR(R11*100/L11,"-") -> - | AB11: =IFERROR(ABS(AA11-100),500) -> 500 | AC11: =IFERROR(S11*100/M11,"-") -> - | AD11: =IFERROR(ABS(AC11-100),500) -> 500
A19: ="گزارش تعداد پرسنل و سرانه هزینه پرسنلی به تفکیک نوع قرارداد در دوره " & [1]روکش!$F$9 & " سال " & [1]روکش!$D$9&"- مجتمع خراسان/ شعبه "&AE19 -> گزارش تعداد پرسنل و سرانه هزینه پرسنلی به تفکیک نوع قرارداد در دوره شش ماهه سال 1405- مجتمع خراسان/ شعبه شهید کاوه | AE19: =[1]واردات!$AA$42 -> شهید کاوه
A20: شرح | B20: عملكرد دوره مشابه سال قبل | H20: بودجه دوره مورد رسیدگی سال جاری | N20: عملکرد دوره مورد رسیدگی سال جاری | T20: درصد تحقق بودجه
B21: رسمي | C21: موقت | D21: پرسنل پيمانكار | E21: جمع | F21: سرانه پرسنلی مستقیم | G21: سرانه پرسنلی پیمانکار | H21: رسمي | I21: موقت | J21: پرسنل پيمانكار | K21: جمع | L21: سرانه پرسنلی مستقیم | M21: سرانه پرسنلی پیمانکار | N21: رسمي | O21: موقت | P21: پرسنل پيمانكار | Q21: جمع | R21: سرانه پرسنلی مستقیم | S21: سرانه پرسنلی پیمانکار | T21: رسمي | V21: موقت | X21: پرسنل پيمانكار | Z21: جمع | AA21: سرانه پرسنلی مستقیم | AC21: سرانه پرسنلی پیمانکار
A22: متوسط تعداد پرسنل مستقیم توليد (نفر) | E22: =SUM(B22:D22) -> 0 | F22: =IF($A$1="صنایع شیر ایران",IFERROR(('[1]هزینه پرسنلی مستقیم تولید'!$B$31/(C22+B22+D22))/$AH$5,0),IFERROR(('[1]هزینه پرسنلی مستقیم تولید'!$B$31/(C22+B22))/$AH$5,0)) -> 0 | G22: =IFERROR((VLOOKUP($AH$6,'[1]هزینه سربار تولید'!$A:$F,2,FALSE)/(D22+D23))/$AH$5,0) -> 0 | H22: 0 | I22: 0 | J22: 0 | K22: =SUM(H22:J22) -> 0 | L22: =IF($A$1="صنایع شیر ایران",IFERROR(('[1]هزینه پرسنلی مستقیم تولید'!$C$31/(I22+H22+J22))/$AH$5,0),IFERROR(('[1]هزینه پرسنلی مستقیم تولید'!$C$31/(I22+H22))/$AH$5,0)) -> 0 | M22: =IFERROR((VLOOKUP($AH$6,'[1]هزینه سربار تولید'!$A:$F,3,FALSE)/(J22+J23))/$AH$5,0) -> 0 | Q22: =SUM(N22:P22) -> 0 | R22: =IF($A$1="صنایع شیر ایران",IFERROR(('[1]هزینه پرسنلی مستقیم تولید'!$D$31/(O22+N22+P22))/$AH$5,0),IFERROR(('[1]هزینه پرسنلی مستقیم تولید'!$D$31/(O22+N22))/$AH$5,0)) -> 0 | S22: =IFERROR((VLOOKUP($AH$6,'[1]هزینه سربار تولید'!$A:$F,4,FALSE)/(P22+P23))/$AH$5,0) -> 0 | T22: =IFERROR(N22*100/H22,"-") -> - | U22: =IFERROR(ABS(T22-100),500) -> 500 | V22: =IFERROR(O22*100/I22,"-") -> - | W22: =IFERROR(ABS(V22-100),500) -> 500 | X22: =IFERROR(P22*100/J22,"-") -> - | Y22: =IFERROR(ABS(X22-100),500) -> 500 | Z22: =IFERROR(Q22*100/K22,"-") -> - | AA22: =IFERROR(R22*100/L22,"-") -> - | AB22: =IFERROR(ABS(AA22-100),500) -> 500 | AC22: =IFERROR(S22*100/M22,"-") -> - | AD22: =IFERROR(ABS(AC22-100),500) -> 500
A23: متوسط تعداد پرسنل غیرمستقیم توليد (نفر) | E23: =SUM(B23:D23) -> 0 | F23: =IF($A$1="صنایع شیر ایران",IFERROR(('[1]هزینه پرسنلی غیرمستقیم تولید'!$B$31/(C23+B23+D23))/$AH$5,0),IFERROR(('[1]هزینه پرسنلی غیرمستقیم تولید'!$B$31/(C23+B23))/$AH$5,0)) -> 0 | H23: 0 | I23: 0 | J23: 0 | K23: =SUM(H23:J23) -> 0 | L23: =IF($A$1="صنایع شیر ایران",IFERROR(('[1]هزینه پرسنلی غیرمستقیم تولید'!$C$31/(I23+H23+J23))/$AH$5,0),IFERROR(('[1]هزینه پرسنلی غیرمستقیم تولید'!$C$31/(I23+H23))/$AH$5,0)) -> 0 | Q23: =SUM(N23:P23) -> 0 | R23: =IF($A$1="صنایع شیر ایران",IFERROR(('[1]هزینه پرسنلی غیرمستقیم تولید'!$D$31/(O23+N23+P23))/$AH$5,0),IFERROR(('[1]هزینه پرسنلی غیرمستقیم تولید'!$D$31/(O23+N23))/$AH$5,0)) -> 0 | T23: =IFERROR(N23*100/H23,"-") -> - | U23: =IFERROR(ABS(T23-100),500) -> 500 | V23: =IFERROR(O23*100/I23,"-") -> - | W23: =IFERROR(ABS(V23-100),500) -> 500 | X23: =IFERROR(P23*100/J23,"-") -> - | Y23: =IFERROR(ABS(X23-100),500) -> 500 | Z23: =IFERROR(Q23*100/K23,"-") -> - | AA23: =IFERROR(R23*100/L23,"-") -> - | AB23: =IFERROR(ABS(AA23-100),500) -> 500
A24: متوسط تعداد پرسنل مستقیم ارائه خدمات (نفر) | C24: 21 | D24: 1 | E24: =SUM(B24:D24) -> 22 | F24: =IFERROR(('هزینه پرسنلی مستقیم خدمات'!$B$31/(C24+B24))/$AH$5,0) -> 6023.8889 | G24: =IFERROR((VLOOKUP($AH$6,'[1]هزینه سربار خدمات'!$A:$F,2,FALSE)/(D24+D25))/$AH$5,0) -> 6417.5 | I24: 21 | J24: 7 | K24: =SUM(H24:J24) -> 28 | L24: =IFERROR(('هزینه پرسنلی مستقیم خدمات'!$C$31/(I24+H24))/$AH$5,0) -> 0 | M24: =IFERROR((VLOOKUP($AH$6,'[1]هزینه سربار خدمات'!$A:$F,3,FALSE)/(J24+J25))/$AH$5,0) -> 2947.0476 | O24: 22 | P24: 1 | Q24: =SUM(N24:P24) -> 23 | R24: =IFERROR(('هزینه پرسنلی مستقیم خدمات'!$D$31/(O24+N24))/$AH$5,0) -> 9409.4318 | S24: =IFERROR((VLOOKUP($AH$6,'[1]هزینه سربار خدمات'!$A:$F,4,FALSE)/(P24+P25))/$AH$5,0) -> 47242 | T24: =IFERROR(N24*100/H24,"-") -> - | U24: =IFERROR(ABS(T24-100),500) -> 500 | V24: =IFERROR(O24*100/I24,"-") -> 104.7619 | W24: =IFERROR(ABS(V24-100),500) -> 4.7619048 | X24: =IFERROR(P24*100/J24,"-") -> 14.285714 | Y24: =IFERROR(ABS(X24-100),500) -> 85.714286 | Z24: =IFERROR(Q24*100/K24,"-") -> 82.142857 | AA24: =IFERROR(R24*100/L24,"-") -> - | AB24: =IFERROR(ABS(AA24-100),500) -> 500 | AC24: =IFERROR(S24*100/M24,"-") -> 1603.0281 | AD24: =IFERROR(ABS(AC24-100),500) -> 1503.0281
A25: متوسط تعداد پرسنل غیرمستقیم خدمات (نفر) | E25: =SUM(B25:D25) -> 0 | F25: =IFERROR(('[1]هزینه پرسنلی غیرمستقیم خدمات'!$B$31/(C25+B25))/$AH$5,0) -> 0 | K25: =SUM(H25:J25) -> 0 | L25: =IFERROR(('[1]هزینه پرسنلی غیرمستقیم خدمات'!$C$31/(I25+H25))/$AH$5,0) -> 0 | Q25: =SUM(N25:P25) -> 0 | R25: =IFERROR(('[1]هزینه پرسنلی غیرمستقیم خدمات'!$D$31/(O25+N25))/$AH$5,0) -> 0 | T25: =IFERROR(N25*100/H25,"-") -> - | U25: =IFERROR(ABS(T25-100),500) -> 500 | V25: =IFERROR(O25*100/I25,"-") -> - | W25: =IFERROR(ABS(V25-100),500) -> 500 | X25: =IFERROR(P25*100/J25,"-") -> - | Y25: =IFERROR(ABS(X25-100),500) -> 500 | Z25: =IFERROR(Q25*100/K25,"-") -> - | AA25: =IFERROR(R25*100/L25,"-") -> - | AB25: =IFERROR(ABS(AA25-100),500) -> 500
A26: متوسط تعداد پرسنل اداري، تشكيلاتي و فروش (نفر) | C26: 20 | D26: 5 | E26: =SUM(B26:D26) -> 25 | F26: =IF($A$1="صنایع شیر ایران",IFERROR(('[1]هزینه اداری عمومی'!$B$26/(C26+B26+D26))/$AH$5,0),IFERROR(('[1]هزینه اداری عمومی'!$B$26/(C26+B26))/$AH$5,0)) -> 1178.1 | G26: =IFERROR((VLOOKUP($AH$6,'[1]هزینه اداری عمومی'!$A:$F,2,FALSE)/D26)/$AH$5,0) -> 0 | I26: 20 | J26: 7 | K26: =SUM(H26:J26) -> 27 | L26: =IF($A$1="صنایع شیر ایران",IFERROR(('[1]هزینه اداری عمومی'!$C$26/(I26+H26+J26))/$AH$5,0),IFERROR(('[1]هزینه اداری عمومی'!$C$26/(I26+H26))/$AH$5,0)) -> 1582.75 | M26: =IFERROR((VLOOKUP($AH$6,'[1]هزینه اداری عمومی'!$A:$F,3,FALSE)/J26)/$AH$5,0) -> 684.07143 | O26: 18 | P26: 6 | Q26: =SUM(N26:P26) -> 24 | R26: =IF($A$1="صنایع شیر ایران",IFERROR(('[1]هزینه اداری عمومی'!$D$26/(O26+N26+P26))/$AH$5,0),IFERROR(('[1]هزینه اداری عمومی'!$D$26/(O26+N26))/$AH$5,0)) -> 2078.0926 | S26: =IFERROR((VLOOKUP($AH$6,'[1]هزینه اداری عمومی'!$A:$F,4,FALSE)/P26)/$AH$5,0) -> 0 | T26: =IFERROR(N26*100/H26,"-") -> - | U26: =IFERROR(ABS(T26-100),500) -> 500 | V26: =IFERROR(O26*100/I26,"-") -> 90 | W26: =IFERROR(ABS(V26-100),500) -> 10 | X26: =IFERROR(P26*100/J26,"-") -> 85.714286 | Y26: =IFERROR(ABS(X26-100),500) -> 14.285714 | Z26: =IFERROR(Q26*100/K26,"-") -> 88.888889 | AA26: =IFERROR(R26*100/L26,"-") -> 131.29633 | AB26: =IFERROR(ABS(AA26-100),500) -> 31.296326 | AC26: =IFERROR(S26*100/M26,"-") -> 0 | AD26: =IFERROR(ABS(AC26-100),500) -> 100
A27: جمع (گروه) | B27: =SUM(B22:B26) -> 0 | C27: =SUM(C22:C26) -> 41 | D27: =SUM(D22:D26) -> 6 | E27: =SUM(E22:E26) -> 47 | F27: =IF($A$1="صنایع شیر ایران",IFERROR(((SUM(F23*(C23+B23+D23),F26*(C26+B26+D26),F22*(C22+B22+D22)))/(C27+B27+D27)),0),IFERROR(((SUM(F23*(C23+B23),F24*(C24+B24),F25*(C25+B25),F26*(C26+B26),F22*(C22+B22)))/(C27+B27)),0)) -> 3660.0894 | G27: =IFERROR((G22*(D23+D22)+G24*(D25+D24)+G26*D26)/(D27),0) -> 1069.5833 | H27: =SUM(H22:H26) -> 0 | I27: =SUM(I22:I26) -> 41 | J27: =SUM(J22:J26) -> 14 | K27: =SUM(K22:K26) -> 55 | L27: =IF($A$1="صنایع شیر ایران",IFERROR(((SUM(L23*(I23+H23+J23),L26*(I26+H26+J26),L22*(I22+H22+J22)))/(I27+H27+J27)),0),IFERROR(((SUM(L23*(I23+H23),L24*(I24+H24),L25*(I25+H25),L26*(I26+H26),L22*(I22+H22)))/(I27+H27)),0)) -> 772.07317 | M27: =IFERROR((M22*(J23+J22)+M24*(J25+J24)+M26*J26)/(J27),0) -> 1815.5595 | N27: =SUM(N22:N26) -> 0 | O27: =SUM(O22:O26) -> 40 | P27: =SUM(P22:P26) -> 7 | Q27: =SUM(Q22:Q26) -> 47 | R27: =IF($A$1="صنایع شیر ایران",IFERROR(((SUM(R23*(O23+N23+P23),R26*(O26+N26+P26),R22*(O22+N22+P22)))/(O27+N27+P27)),0),IFERROR(((SUM(R23*(O23+N23),R24*(O24+N24),R25*(O25+N25),R26*(O26+N26),R22*(O22+N22)))/(O27+N27)),0)) -> 6110.3292 | S27: =IFERROR((S22*(P23+P22)+S24*(P25+P24)+S26*P26)/(P27),0) -> 6748.8571 | T27: =IFERROR(N27*100/H27,"-") -> - | U27: =IFERROR(ABS(T27-100),500) -> 500 | V27: =IFERROR(O27*100/I27,"-") -> 97.560976 | W27: =IFERROR(ABS(V27-100),500) -> 2.4390244 | X27: =IFERROR(P27*100/J27,"-") -> 50 | Y27: =IFERROR(ABS(X27-100),500) -> 50 | Z27: =IFERROR(Q27*100/K27,"-") -> 85.454545 | AA27: =IFERROR(R27*100/L27,"-") -> 791.4184 | AB27: =IFERROR(ABS(AA27-100),500) -> 691.4184 | AC27: =IFERROR(S27*100/M27,"-") -> 371.72327 | AD27: =IFERROR(ABS(AC27-100),500) -> 271.72327
A28: تعداد پرسنل شرکت اصلی | E28: =SUM(B28:D28) -> 0 | K28: =SUM(H28:J28) -> 0 | Q28: =SUM(N28:P28) -> 0 | T28: =IFERROR(N28*100/H28,"-") -> - | U28: =IFERROR(ABS(T28-100),500) -> 500 | V28: =IFERROR(O28*100/I28,"-") -> - | W28: =IFERROR(ABS(V28-100),500) -> 500 | X28: =IFERROR(P28*100/J28,"-") -> - | Y28: =IFERROR(ABS(X28-100),500) -> 500 | Z28: =IFERROR(Q28*100/K28,"-") -> - | AA28: =IFERROR(R28*100/L28,"-") -> - | AB28: =IFERROR(ABS(AA28-100),500) -> 500 | AC28: =IFERROR(S28*100/M28,"-") -> - | AD28: =IFERROR(ABS(AC28-100),500) -> 500
A30: توضیحات
A37: ="گزارش تعداد پرسنل و سرانه هزینه پرسنلی به تفکیک نوع قرارداد در دوره " & [1]روکش!$F$9 & " سال " & [1]روکش!$D$9&"- مجتمع خراسان/ شعبه "&AE37 -> گزارش تعداد پرسنل و سرانه هزینه پرسنلی به تفکیک نوع قرارداد در دوره شش ماهه سال 1405- مجتمع خراسان/ شعبه مطهری | AE37: =[1]واردات!$AA$43 -> مطهری
A38: شرح | B38: عملكرد دوره مشابه سال قبل | H38: بودجه دوره مورد رسیدگی سال جاری | N38: عملکرد دوره مورد رسیدگی سال جاری | T38: درصد تحقق بودجه
B39: رسمي | C39: موقت | D39: پرسنل پيمانكار | E39: جمع | F39: سرانه پرسنلی مستقیم | G39: سرانه پرسنلی پیمانکار | H39: رسمي | I39: موقت | J39: پرسنل پيمانكار | K39: جمع | L39: سرانه پرسنلی مستقیم | M39: سرانه پرسنلی پیمانکار | N39: رسمي | O39: موقت | P39: پرسنل پيمانكار | Q39: جمع | R39: سرانه پرسنلی مستقیم | S39: سرانه پرسنلی پیمانکار | T39: رسمي | V39: موقت | X39: پرسنل پيمانكار | Z39: جمع | AA39: سرانه پرسنلی مستقیم | AC39: سرانه پرسنلی پیمانکار
A40: متوسط تعداد پرسنل مستقیم توليد (نفر) | E40: =SUM(B40:D40) -> 0 | F40: =IF($A$1="صنایع شیر ایران",IFERROR(('[1]هزینه پرسنلی مستقیم تولید'!$B$31/(C40+B40+D40))/$AH$5,0),IFERROR(('[1]هزینه پرسنلی مستقیم تولید'!$B$31/(C40+B40))/$AH$5,0)) -> 0 | G40: =IFERROR((VLOOKUP($AH$6,'[1]هزینه سربار تولید'!$A:$F,2,FALSE)/(D40+D41))/$AH$5,0) -> 0 | H40: 0 | I40: 0 | J40: 0 | K40: =SUM(H40:J40) -> 0 | L40: =IF($A$1="صنایع شیر ایران",IFERROR(('[1]هزینه پرسنلی مستقیم تولید'!$C$31/(I40+H40+J40))/$AH$5,0),IFERROR(('[1]هزینه پرسنلی مستقیم تولید'!$C$31/(I40+H40))/$AH$5,0)) -> 0 | M40: =IFERROR((VLOOKUP($AH$6,'[1]هزینه سربار تولید'!$A:$F,3,FALSE)/(J40+J41))/$AH$5,0) -> 0 | Q40: =SUM(N40:P40) -> 0 | R40: =IF($A$1="صنایع شیر ایران",IFERROR(('[1]هزینه پرسنلی مستقیم تولید'!$D$31/(O40+N40+P40))/$AH$5,0),IFERROR(('[1]هزینه پرسنلی مستقیم تولید'!$D$31/(O40+N40))/$AH$5,0)) -> 0 | S40: =IFERROR((VLOOKUP($AH$6,'[1]هزینه سربار تولید'!$A:$F,4,FALSE)/(P40+P41))/$AH$5,0) -> 0 | T40: =IFERROR(N40*100/H40,"-") -> - | U40: =IFERROR(ABS(T40-100),500) -> 500 | V40: =IFERROR(O40*100/I40,"-") -> - | W40: =IFERROR(ABS(V40-100),500) -> 500 | X40: =IFERROR(P40*100/J40,"-") -> - | Y40: =IFERROR(ABS(X40-100),500) -> 500 | Z40: =IFERROR(Q40*100/K40,"-") -> - | AA40: =IFERROR(R40*100/L40,"-") -> - | AB40: =IFERROR(ABS(AA40-100),500) -> 500 | AC40: =IFERROR(S40*100/M40,"-") -> - | AD40: =IFERROR(ABS(AC40-100),500) -> 500
A41: متوسط تعداد پرسنل غیرمستقیم توليد (نفر) | E41: =SUM(B41:D41) -> 0 | F41: =IF($A$1="صنایع شیر ایران",IFERROR(('[1]هزینه پرسنلی غیرمستقیم تولید'!$B$31/(C41+B41+D41))/$AH$5,0),IFERROR(('[1]هزینه پرسنلی غیرمستقیم تولید'!$B$31/(C41+B41))/$AH$5,0)) -> 0 | H41: 0 | I41: 0 | J41: 0 | K41: =SUM(H41:J41) -> 0 | L41: =IF($A$1="صنایع شیر ایران",IFERROR(('[1]هزینه پرسنلی غیرمستقیم تولید'!$C$31/(I41+H41+J41))/$AH$5,0),IFERROR(('[1]هزینه پرسنلی غیرمستقیم تولید'!$C$31/(I41+H41))/$AH$5,0)) -> 0 | Q41: =SUM(N41:P41) -> 0 | R41: =IF($A$1="صنایع شیر ایران",IFERROR(('[1]هزینه پرسنلی غیرمستقیم تولید'!$D$31/(O41+N41+P41))/$AH$5,0),IFERROR(('[1]هزینه پرسنلی غیرمستقیم تولید'!$D$31/(O41+N41))/$AH$5,0)) -> 0 | T41: =IFERROR(N41*100/H41,"-") -> - | U41: =IFERROR(ABS(T41-100),500) -> 500 | V41: =IFERROR(O41*100/I41,"-") -> - | W41: =IFERROR(ABS(V41-100),500) -> 500 | X41: =IFERROR(P41*100/J41,"-") -> - | Y41: =IFERROR(ABS(X41-100),500) -> 500 | Z41: =IFERROR(Q41*100/K41,"-") -> - | AA41: =IFERROR(R41*100/L41,"-") -> - | AB41: =IFERROR(ABS(AA41-100),500) -> 500
A42: متوسط تعداد پرسنل مستقیم ارائه خدمات (نفر) | C42: 27 | D42: 7 | E42: =SUM(B42:D42) -> 34 | F42: =IFERROR(('هزینه پرسنلی مستقیم خدمات'!$B$31/(C42+B42))/$AH$5,0) -> 4685.2469 | G42: =IFERROR((VLOOKUP($AH$6,'[1]هزینه سربار خدمات'!$A:$F,2,FALSE)/(D42+D43))/$AH$5,0) -> 916.78571 | I42: 27 | J42: 11 | K42: =SUM(H42:J42) -> 38 | L42: =IFERROR(('هزینه پرسنلی مستقیم خدمات'!$C$31/(I42+H42))/$AH$5,0) -> 0 | M42: =IFERROR((VLOOKUP($AH$6,'[1]هزینه سربار خدمات'!$A:$F,3,FALSE)/(J42+J43))/$AH$5,0) -> 1875.3939 | O42: 27 | P42: 10 | Q42: =SUM(N42:P42) -> 37 | R42: =IFERROR(('هزینه پرسنلی مستقیم خدمات'!$D$31/(O42+N42))/$AH$5,0) -> 7666.9444 | S42: =IFERROR((VLOOKUP($AH$6,'[1]هزینه سربار خدمات'!$A:$F,4,FALSE)/(P42+P43))/$AH$5,0) -> 4724.2 | T42: =IFERROR(N42*100/H42,"-") -> - | U42: =IFERROR(ABS(T42-100),500) -> 500 | V42: =IFERROR(O42*100/I42,"-") -> 100 | W42: =IFERROR(ABS(V42-100),500) -> 0 | X42: =IFERROR(P42*100/J42,"-") -> 90.909091 | Y42: =IFERROR(ABS(X42-100),500) -> 9.0909091 | Z42: =IFERROR(Q42*100/K42,"-") -> 97.368421 | AA42: =IFERROR(R42*100/L42,"-") -> - | AB42: =IFERROR(ABS(AA42-100),500) -> 500 | AC42: =IFERROR(S42*100/M42,"-") -> 251.90441 | AD42: =IFERROR(ABS(AC42-100),500) -> 151.90441
A43: متوسط تعداد پرسنل غیرمستقیم خدمات (نفر) | E43: =SUM(B43:D43) -> 0 | F43: =IFERROR(('[1]هزینه پرسنلی غیرمستقیم خدمات'!$B$31/(C43+B43))/$AH$5,0) -> 0 | K43: =SUM(H43:J43) -> 0 | L43: =IFERROR(('[1]هزینه پرسنلی غیرمستقیم خدمات'!$C$31/(I43+H43))/$AH$5,0) -> 0 | Q43: =SUM(N43:P43) -> 0 | R43: =IFERROR(('[1]هزینه پرسنلی غیرمستقیم خدمات'!$D$31/(O43+N43))/$AH$5,0) -> 0 | T43: =IFERROR(N43*100/H43,"-") -> - | U43: =IFERROR(ABS(T43-100),500) -> 500 | V43: =IFERROR(O43*100/I43,"-") -> - | W43: =IFERROR(ABS(V43-100),500) -> 500 | X43: =IFERROR(P43*100/J43,"-") -> - | Y43: =IFERROR(ABS(X43-100),500) -> 500 | Z43: =IFERROR(Q43*100/K43,"-") -> - | AA43: =IFERROR(R43*100/L43,"-") -> - | AB43: =IFERROR(ABS(AA43-100),500) -> 500
A44: متوسط تعداد پرسنل اداري، تشكيلاتي و فروش (نفر) | C44: 1 | D44: 2 | E44: =SUM(B44:D44) -> 3 | F44: =IF($A$1="صنایع شیر ایران",IFERROR(('[1]هزینه اداری عمومی'!$B$26/(C44+B44+D44))/$AH$5,0),IFERROR(('[1]هزینه اداری عمومی'!$B$26/(C44+B44))/$AH$5,0)) -> 23562 | G44: =IFERROR((VLOOKUP($AH$6,'[1]هزینه اداری عمومی'!$A:$F,2,FALSE)/D44)/$AH$5,0) -> 0 | I44: 1 | J44: 2 | K44: =SUM(H44:J44) -> 3 | L44: =IF($A$1="صنایع شیر ایران",IFERROR(('[1]هزینه اداری عمومی'!$C$26/(I44+H44+J44))/$AH$5,0),IFERROR(('[1]هزینه اداری عمومی'!$C$26/(I44+H44))/$AH$5,0)) -> 31655 | M44: =IFERROR((VLOOKUP($AH$6,'[1]هزینه اداری عمومی'!$A:$F,3,FALSE)/J44)/$AH$5,0) -> 2394.25 | O44: 1 | P44: 2 | Q44: =SUM(N44:P44) -> 3 | R44: =IF($A$1="صنایع شیر ایران",IFERROR(('[1]هزینه اداری عمومی'!$D$26/(O44+N44+P44))/$AH$5,0),IFERROR(('[1]هزینه اداری عمومی'!$D$26/(O44+N44))/$AH$5,0)) -> 37405.667 | S44: =IFERROR((VLOOKUP($AH$6,'[1]هزینه اداری عمومی'!$A:$F,4,FALSE)/P44)/$AH$5,0) -> 0 | T44: =IFERROR(N44*100/H44,"-") -> - | U44: =IFERROR(ABS(T44-100),500) -> 500 | V44: =IFERROR(O44*100/I44,"-") -> 100 | W44: =IFERROR(ABS(V44-100),500) -> 0 | X44: =IFERROR(P44*100/J44,"-") -> 100 | Y44: =IFERROR(ABS(X44-100),500) -> 0 | Z44: =IFERROR(Q44*100/K44,"-") -> 100 | AA44: =IFERROR(R44*100/L44,"-") -> 118.16669 | AB44: =IFERROR(ABS(AA44-100),500) -> 18.166693 | AC44: =IFERROR(S44*100/M44,"-") -> 0 | AD44: =IFERROR(ABS(AC44-100),500) -> 100
A45: جمع (گروه) | B45: =SUM(B40:B44) -> 0 | C45: =SUM(C40:C44) -> 28 | D45: =SUM(D40:D44) -> 9 | E45: =SUM(E40:E44) -> 37 | F45: =IF($A$1="صنایع شیر ایران",IFERROR(((SUM(F41*(C41+B41+D41),F44*(C44+B44+D44),F40*(C40+B40+D40)))/(C45+B45+D45)),0),IFERROR(((SUM(F41*(C41+B41),F42*(C42+B42),F43*(C43+B43),F44*(C44+B44),F40*(C40+B40)))/(C45+B45)),0)) -> 5359.4167 | G45: =IFERROR((G40*(D41+D40)+G42*(D43+D42)+G44*D44)/(D45),0) -> 713.05556 | H45: =SUM(H40:H44) -> 0 | I45: =SUM(I40:I44) -> 28 | J45: =SUM(J40:J44) -> 13 | K45: =SUM(K40:K44) -> 41 | L45: =IF($A$1="صنایع شیر ایران",IFERROR(((SUM(L41*(I41+H41+J41),L44*(I44+H44+J44),L40*(I40+H40+J40)))/(I45+H45+J45)),0),IFERROR(((SUM(L41*(I41+H41),L42*(I42+H42),L43*(I43+H43),L44*(I44+H44),L40*(I40+H40)))/(I45+H45)),0)) -> 1130.5357 | M45: =IFERROR((M40*(J41+J40)+M42*(J43+J42)+M44*J44)/(J45),0) -> 1955.2179 | N45: =SUM(N40:N44) -> 0 | O45: =SUM(O40:O44) -> 28 | P45: =SUM(P40:P44) -> 12 | Q45: =SUM(Q40:Q44) -> 40 | R45: =IF($A$1="صنایع شیر ایران",IFERROR(((SUM(R41*(O41+N41+P41),R44*(O44+N44+P44),R40*(O40+N40+P40)))/(O45+N45+P45)),0),IFERROR(((SUM(R41*(O41+N41),R42*(O42+N42),R43*(O43+N43),R44*(O44+N44),R40*(O40+N40)))/(O45+N45)),0)) -> 8729.0417 | S45: =IFERROR((S40*(P41+P40)+S42*(P43+P42)+S44*P44)/(P45),0) -> 3936.8333 | T45: =IFERROR(N45*100/H45,"-") -> - | U45: =IFERROR(ABS(T45-100),500) -> 500 | V45: =IFERROR(O45*100/I45,"-") -> 100 | W45: =IFERROR(ABS(V45-100),500) -> 0 | X45: =IFERROR(P45*100/J45,"-") -> 92.307692 | Y45: =IFERROR(ABS(X45-100),500) -> 7.6923077 | Z45: =IFERROR(Q45*100/K45,"-") -> 97.560976 | AA45: =IFERROR(R45*100/L45,"-") -> 772.11552 | AB45: =IFERROR(ABS(AA45-100),500) -> 672.11552 | AC45: =IFERROR(S45*100/M45,"-") -> 201.3501 | AD45: =IFERROR(ABS(AC45-100),500) -> 101.3501
A46: تعداد پرسنل شرکت اصلی | E46: =SUM(B46:D46) -> 0 | K46: =SUM(H46:J46) -> 0 | Q46: =SUM(N46:P46) -> 0 | T46: =IFERROR(N46*100/H46,"-") -> - | U46: =IFERROR(ABS(T46-100),500) -> 500 | V46: =IFERROR(O46*100/I46,"-") -> - | W46: =IFERROR(ABS(V46-100),500) -> 500 | X46: =IFERROR(P46*100/J46,"-") -> - | Y46: =IFERROR(ABS(X46-100),500) -> 500 | Z46: =IFERROR(Q46*100/K46,"-") -> - | AA46: =IFERROR(R46*100/L46,"-") -> - | AB46: =IFERROR(ABS(AA46-100),500) -> 500 | AC46: =IFERROR(S46*100/M46,"-") -> - | AD46: =IFERROR(ABS(AC46-100),500) -> 500
A48: توضیحات
A55: ="گزارش تعداد پرسنل و سرانه هزینه پرسنلی به تفکیک نوع قرارداد در دوره " & [1]روکش!$F$9 & " سال " & [1]روکش!$D$9&"- مجتمع خراسان/ شعبه "&AE55 -> گزارش تعداد پرسنل و سرانه هزینه پرسنلی به تفکیک نوع قرارداد در دوره شش ماهه سال 1405- مجتمع خراسان/ شعبه سرخس | AE55: =[1]واردات!$AA$44 -> سرخس
A56: شرح | B56: عملكرد دوره مشابه سال قبل | H56: بودجه دوره مورد رسیدگی سال جاری | N56: عملکرد دوره مورد رسیدگی سال جاری | T56: درصد تحقق بودجه
B57: رسمي | C57: موقت | D57: پرسنل پيمانكار | E57: جمع | F57: سرانه پرسنلی مستقیم | G57: سرانه پرسنلی پیمانکار | H57: رسمي | I57: موقت | J57: پرسنل پيمانكار | K57: جمع | L57: سرانه پرسنلی مستقیم | M57: سرانه پرسنلی پیمانکار | N57: رسمي | O57: موقت | P57: پرسنل پيمانكار | Q57: جمع | R57: سرانه پرسنلی مستقیم | S57: سرانه پرسنلی پیمانکار | T57: رسمي | V57: موقت | X57: پرسنل پيمانكار | Z57: جمع | AA57: سرانه پرسنلی مستقیم | AC57: سرانه پرسنلی پیمانکار
A58: متوسط تعداد پرسنل مستقیم توليد (نفر) | E58: =SUM(B58:D58) -> 0 | F58: =IF($A$1="صنایع شیر ایران",IFERROR(('[1]هزینه پرسنلی مستقیم تولید'!$B$31/(C58+B58+D58))/$AH$5,0),IFERROR(('[1]هزینه پرسنلی مستقیم تولید'!$B$31/(C58+B58))/$AH$5,0)) -> 0 | G58: =IFERROR((VLOOKUP($AH$6,'[1]هزینه سربار تولید'!$A:$F,2,FALSE)/(D58+D59))/$AH$5,0) -> 0 | H58: 0 | I58: 0 | J58: 0 | K58: =SUM(H58:J58) -> 0 | L58: =IF($A$1="صنایع شیر ایران",IFERROR(('[1]هزینه پرسنلی مستقیم تولید'!$C$31/(I58+H58+J58))/$AH$5,0),IFERROR(('[1]هزینه پرسنلی مستقیم تولید'!$C$31/(I58+H58))/$AH$5,0)) -> 0 | M58: =IFERROR((VLOOKUP($AH$6,'[1]هزینه سربار تولید'!$A:$F,3,FALSE)/(J58+J59))/$AH$5,0) -> 0 | Q58: =SUM(N58:P58) -> 0 | R58: =IF($A$1="صنایع شیر ایران",IFERROR(('[1]هزینه پرسنلی مستقیم تولید'!$D$31/(O58+N58+P58))/$AH$5,0),IFERROR(('[1]هزینه پرسنلی مستقیم تولید'!$D$31/(O58+N58))/$AH$5,0)) -> 0 | S58: =IFERROR((VLOOKUP($AH$6,'[1]هزینه سربار تولید'!$A:$F,4,FALSE)/(P58+P59))/$AH$5,0) -> 0 | T58: =IFERROR(N58*100/H58,"-") -> - | U58: =IFERROR(ABS(T58-100),500) -> 500 | V58: =IFERROR(O58*100/I58,"-") -> - | W58: =IFERROR(ABS(V58-100),500) -> 500 | X58: =IFERROR(P58*100/J58,"-") -> - | Y58: =IFERROR(ABS(X58-100),500) -> 500 | Z58: =IFERROR(Q58*100/K58,"-") -> - | AA58: =IFERROR(R58*100/L58,"-") -> - | AB58: =IFERROR(ABS(AA58-100),500) -> 500 | AC58: =IFERROR(S58*100/M58,"-") -> - | AD58: =IFERROR(ABS(AC58-100),500) -> 500
A59: متوسط تعداد پرسنل غیرمستقیم توليد (نفر) | E59: =SUM(B59:D59) -> 0 | F59: =IF($A$1="صنایع شیر ایران",IFERROR(('[1]هزینه پرسنلی غیرمستقیم تولید'!$B$31/(C59+B59+D59))/$AH$5,0),IFERROR(('[1]هزینه پرسنلی غیرمستقیم تولید'!$B$31/(C59+B59))/$AH$5,0)) -> 0 | H59: 0 | I59: 0 | J59: 0 | K59: =SUM(H59:J59) -> 0 | L59: =IF($A$1="صنایع شیر ایران",IFERROR(('[1]هزینه پرسنلی غیرمستقیم تولید'!$C$31/(I59+H59+J59))/$AH$5,0),IFERROR(('[1]هزینه پرسنلی غیرمستقیم تولید'!$C$31/(I59+H59))/$AH$5,0)) -> 0 | Q59: =SUM(N59:P59) -> 0 | R59: =IF($A$1="صنایع شیر ایران",IFERROR(('[1]هزینه پرسنلی غیرمستقیم تولید'!$D$31/(O59+N59+P59))/$AH$5,0),IFERROR(('[1]هزینه پرسنلی غیرمستقیم تولید'!$D$31/(O59+N59))/$AH$5,0)) -> 0 | T59: =IFERROR(N59*100/H59,"-") -> - | U59: =IFERROR(ABS(T59-100),500) -> 500 | V59: =IFERROR(O59*100/I59,"-") -> - | W59: =IFERROR(ABS(V59-100),500) -> 500 | X59: =IFERROR(P59*100/J59,"-") -> - | Y59: =IFERROR(ABS(X59-100),500) -> 500 | Z59: =IFERROR(Q59*100/K59,"-") -> - | AA59: =IFERROR(R59*100/L59,"-") -> - | AB59: =IFERROR(ABS(AA59-100),500) -> 500
A60: متوسط تعداد پرسنل مستقیم ارائه خدمات (نفر) | C60: 19 | D60: 0 | E60: =SUM(B60:D60) -> 19 | F60: =IFERROR(('هزینه پرسنلی مستقیم خدمات'!$B$31/(C60+B60))/$AH$5,0) -> 6657.9825 | G60: =IFERROR((VLOOKUP($AH$6,'[1]هزینه سربار خدمات'!$A:$F,2,FALSE)/(D60+D61))/$AH$5,0) -> 0 | I60: 19 | J60: 3 | K60: =SUM(H60:J60) -> 22 | L60: =IFERROR(('هزینه پرسنلی مستقیم خدمات'!$C$31/(I60+H60))/$AH$5,0) -> 0 | M60: =IFERROR((VLOOKUP($AH$6,'[1]هزینه سربار خدمات'!$A:$F,3,FALSE)/(J60+J61))/$AH$5,0) -> 6876.4444 | O60: 19 | P60: 1 | Q60: =SUM(N60:P60) -> 20 | R60: =IFERROR(('هزینه پرسنلی مستقیم خدمات'!$D$31/(O60+N60))/$AH$5,0) -> 10895.132 | S60: =IFERROR((VLOOKUP($AH$6,'[1]هزینه سربار خدمات'!$A:$F,4,FALSE)/(P60+P61))/$AH$5,0) -> 47242 | T60: =IFERROR(N60*100/H60,"-") -> - | U60: =IFERROR(ABS(T60-100),500) -> 500 | V60: =IFERROR(O60*100/I60,"-") -> 100 | W60: =IFERROR(ABS(V60-100),500) -> 0 | X60: =IFERROR(P60*100/J60,"-") -> 33.333333 | Y60: =IFERROR(ABS(X60-100),500) -> 66.666667 | Z60: =IFERROR(Q60*100/K60,"-") -> 90.909091 | AA60: =IFERROR(R60*100/L60,"-") -> - | AB60: =IFERROR(ABS(AA60-100),500) -> 500 | AC60: =IFERROR(S60*100/M60,"-") -> 687.01202 | AD60: =IFERROR(ABS(AC60-100),500) -> 587.01202
A61: متوسط تعداد پرسنل غیرمستقیم خدمات (نفر) | E61: =SUM(B61:D61) -> 0 | F61: =IFERROR(('[1]هزینه پرسنلی غیرمستقیم خدمات'!$B$31/(C61+B61))/$AH$5,0) -> 0 | K61: =SUM(H61:J61) -> 0 | L61: =IFERROR(('[1]هزینه پرسنلی غیرمستقیم خدمات'!$C$31/(I61+H61))/$AH$5,0) -> 0 | Q61: =SUM(N61:P61) -> 0 | R61: =IFERROR(('[1]هزینه پرسنلی غیرمستقیم خدمات'!$D$31/(O61+N61))/$AH$5,0) -> 0 | T61: =IFERROR(N61*100/H61,"-") -> - | U61: =IFERROR(ABS(T61-100),500) -> 500 | V61: =IFERROR(O61*100/I61,"-") -> - | W61: =IFERROR(ABS(V61-100),500) -> 500 | X61: =IFERROR(P61*100/J61,"-") -> - | Y61: =IFERROR(ABS(X61-100),500) -> 500 | Z61: =IFERROR(Q61*100/K61,"-") -> - | AA61: =IFERROR(R61*100/L61,"-") -> - | AB61: =IFERROR(ABS(AA61-100),500) -> 500
A62: متوسط تعداد پرسنل اداري، تشكيلاتي و فروش (نفر) | C62: 4 | D62: 0 | E62: =SUM(B62:D62) -> 4 | F62: =IF($A$1="صنایع شیر ایران",IFERROR(('[1]هزینه اداری عمومی'!$B$26/(C62+B62+D62))/$AH$5,0),IFERROR(('[1]هزینه اداری عمومی'!$B$26/(C62+B62))/$AH$5,0)) -> 5890.5 | G62: =IFERROR((VLOOKUP($AH$6,'[1]هزینه اداری عمومی'!$A:$F,2,FALSE)/D62)/$AH$5,0) -> 0 | I62: 4 | J62: 1 | K62: =SUM(H62:J62) -> 5 | L62: =IF($A$1="صنایع شیر ایران",IFERROR(('[1]هزینه اداری عمومی'!$C$26/(I62+H62+J62))/$AH$5,0),IFERROR(('[1]هزینه اداری عمومی'!$C$26/(I62+H62))/$AH$5,0)) -> 7913.75 | M62: =IFERROR((VLOOKUP($AH$6,'[1]هزینه اداری عمومی'!$A:$F,3,FALSE)/J62)/$AH$5,0) -> 4788.5 | O62: 3 | P62: 0 | Q62: =SUM(N62:P62) -> 3 | R62: =IF($A$1="صنایع شیر ایران",IFERROR(('[1]هزینه اداری عمومی'!$D$26/(O62+N62+P62))/$AH$5,0),IFERROR(('[1]هزینه اداری عمومی'!$D$26/(O62+N62))/$AH$5,0)) -> 12468.556 | S62: =IFERROR((VLOOKUP($AH$6,'[1]هزینه اداری عمومی'!$A:$F,4,FALSE)/P62)/$AH$5,0) -> 0 | T62: =IFERROR(N62*100/H62,"-") -> - | U62: =IFERROR(ABS(T62-100),500) -> 500 | V62: =IFERROR(O62*100/I62,"-") -> 75 | W62: =IFERROR(ABS(V62-100),500) -> 25 | X62: =IFERROR(P62*100/J62,"-") -> 0 | Y62: =IFERROR(ABS(X62-100),500) -> 100 | Z62: =IFERROR(Q62*100/K62,"-") -> 60 | AA62: =IFERROR(R62*100/L62,"-") -> 157.55559 | AB62: =IFERROR(ABS(AA62-100),500) -> 57.555591 | AC62: =IFERROR(S62*100/M62,"-") -> 0 | AD62: =IFERROR(ABS(AC62-100),500) -> 100
A63: جمع (گروه) | B63: =SUM(B58:B62) -> 0 | C63: =SUM(C58:C62) -> 23 | D63: =SUM(D58:D62) -> 0 | E63: =SUM(E58:E62) -> 23 | F63: =IF($A$1="صنایع شیر ایران",IFERROR(((SUM(F59*(C59+B59+D59),F62*(C62+B62+D62),F58*(C58+B58+D58)))/(C63+B63+D63)),0),IFERROR(((SUM(F59*(C59+B59),F60*(C60+B60),F61*(C61+B61),F62*(C62+B62),F58*(C58+B58)))/(C63+B63)),0)) -> 6524.5072 | G63: =IFERROR((G58*(D59+D58)+G60*(D61+D60)+G62*D62)/(D63),0) -> 0 | H63: =SUM(H58:H62) -> 0 | I63: =SUM(I58:I62) -> 23 | J63: =SUM(J58:J62) -> 4 | K63: =SUM(K58:K62) -> 27 | L63: =IF($A$1="صنایع شیر ایران",IFERROR(((SUM(L59*(I59+H59+J59),L62*(I62+H62+J62),L58*(I58+H58+J58)))/(I63+H63+J63)),0),IFERROR(((SUM(L59*(I59+H59),L60*(I60+H60),L61*(I61+H61),L62*(I62+H62),L58*(I58+H58)))/(I63+H63)),0)) -> 1376.3043 | M63: =IFERROR((M58*(J59+J58)+M60*(J61+J60)+M62*J62)/(J63),0) -> 6354.4583 | N63: =SUM(N58:N62) -> 0 | O63: =SUM(O58:O62) -> 22 | P63: =SUM(P58:P62) -> 1 | Q63: =SUM(Q58:Q62) -> 23 | R63: =IF($A$1="صنایع شیر ایران",IFERROR(((SUM(R59*(O59+N59+P59),R62*(O62+N62+P62),R58*(O58+N58+P58)))/(O63+N63+P63)),0),IFERROR(((SUM(R59*(O59+N59),R60*(O60+N60),R61*(O61+N61),R62*(O62+N62),R58*(O58+N58)))/(O63+N63)),0)) -> 11109.689 | S63: =IFERROR((S58*(P59+P58)+S60*(P61+P60)+S62*P62)/(P63),0) -> 47242 | T63: =IFERROR(N63*100/H63,"-") -> - | U63: =IFERROR(ABS(T63-100),500) -> 500 | V63: =IFERROR(O63*100/I63,"-") -> 95.652174 | W63: =IFERROR(ABS(V63-100),500) -> 4.3478261 | X63: =IFERROR(P63*100/J63,"-") -> 25 | Y63: =IFERROR(ABS(X63-100),500) -> 75 | Z63: =IFERROR(Q63*100/K63,"-") -> 85.185185 | AA63: =IFERROR(R63*100/L63,"-") -> 807.21168 | AB63: =IFERROR(ABS(AA63-100),500) -> 707.21168 | AC63: =IFERROR(S63*100/M63,"-") -> 743.44653 | AD63: =IFERROR(ABS(AC63-100),500) -> 643.44653
A64: تعداد پرسنل شرکت اصلی | E64: =SUM(B64:D64) -> 0 | K64: =SUM(H64:J64) -> 0 | Q64: =SUM(N64:P64) -> 0 | T64: =IFERROR(N64*100/H64,"-") -> - | U64: =IFERROR(ABS(T64-100),500) -> 500 | V64: =IFERROR(O64*100/I64,"-") -> - | W64: =IFERROR(ABS(V64-100),500) -> 500 | X64: =IFERROR(P64*100/J64,"-") -> - | Y64: =IFERROR(ABS(X64-100),500) -> 500 | Z64: =IFERROR(Q64*100/K64,"-") -> - | AA64: =IFERROR(R64*100/L64,"-") -> - | AB64: =IFERROR(ABS(AA64-100),500) -> 500 | AC64: =IFERROR(S64*100/M64,"-") -> - | AD64: =IFERROR(ABS(AC64-100),500) -> 500
A66: توضیحات
A73: ="گزارش تعداد پرسنل و سرانه هزینه پرسنلی به تفکیک نوع قرارداد در دوره " & [1]روکش!$F$9 & " سال " & [1]روکش!$D$9&"- مجتمع خراسان/ شعبه "&AE73 -> گزارش تعداد پرسنل و سرانه هزینه پرسنلی به تفکیک نوع قرارداد در دوره شش ماهه سال 1405- مجتمع خراسان/ شعبه لطف آباد | AE73: =[1]واردات!$AA$45 -> لطف آباد
A74: شرح | B74: عملكرد دوره مشابه سال قبل | H74: بودجه دوره مورد رسیدگی سال جاری | N74: عملکرد دوره مورد رسیدگی سال جاری | T74: درصد تحقق بودجه
B75: رسمي | C75: موقت | D75: پرسنل پيمانكار | E75: جمع | F75: سرانه پرسنلی مستقیم | G75: سرانه پرسنلی پیمانکار | H75: رسمي | I75: موقت | J75: پرسنل پيمانكار | K75: جمع | L75: سرانه پرسنلی مستقیم | M75: سرانه پرسنلی پیمانکار | N75: رسمي | O75: موقت | P75: پرسنل پيمانكار | Q75: جمع | R75: سرانه پرسنلی مستقیم | S75: سرانه پرسنلی پیمانکار | T75: رسمي | V75: موقت | X75: پرسنل پيمانكار | Z75: جمع | AA75: سرانه پرسنلی مستقیم | AC75: سرانه پرسنلی پیمانکار
A76: متوسط تعداد پرسنل مستقیم توليد (نفر) | E76: =SUM(B76:D76) -> 0 | F76: =IF($A$1="صنایع شیر ایران",IFERROR(('[1]هزینه پرسنلی مستقیم تولید'!$B$31/(C76+B76+D76))/$AH$5,0),IFERROR(('[1]هزینه پرسنلی مستقیم تولید'!$B$31/(C76+B76))/$AH$5,0)) -> 0 | G76: =IFERROR((VLOOKUP($AH$6,'[1]هزینه سربار تولید'!$A:$F,2,FALSE)/(D76+D77))/$AH$5,0) -> 0 | H76: 0 | I76: 0 | J76: 0 | K76: =SUM(H76:J76) -> 0 | L76: =IF($A$1="صنایع شیر ایران",IFERROR(('[1]هزینه پرسنلی مستقیم تولید'!$C$31/(I76+H76+J76))/$AH$5,0),IFERROR(('[1]هزینه پرسنلی مستقیم تولید'!$C$31/(I76+H76))/$AH$5,0)) -> 0 | M76: =IFERROR((VLOOKUP($AH$6,'[1]هزینه سربار تولید'!$A:$F,3,FALSE)/(J76+J77))/$AH$5,0) -> 0 | Q76: =SUM(N76:P76) -> 0 | R76: =IF($A$1="صنایع شیر ایران",IFERROR(('[1]هزینه پرسنلی مستقیم تولید'!$D$31/(O76+N76+P76))/$AH$5,0),IFERROR(('[1]هزینه پرسنلی مستقیم تولید'!$D$31/(O76+N76))/$AH$5,0)) -> 0 | S76: =IFERROR((VLOOKUP($AH$6,'[1]هزینه سربار تولید'!$A:$F,4,FALSE)/(P76+P77))/$AH$5,0) -> 0 | T76: =IFERROR(N76*100/H76,"-") -> - | U76: =IFERROR(ABS(T76-100),500) -> 500 | V76: =IFERROR(O76*100/I76,"-") -> - | W76: =IFERROR(ABS(V76-100),500) -> 500 | X76: =IFERROR(P76*100/J76,"-") -> - | Y76: =IFERROR(ABS(X76-100),500) -> 500 | Z76: =IFERROR(Q76*100/K76,"-") -> - | AA76: =IFERROR(R76*100/L76,"-") -> - | AB76: =IFERROR(ABS(AA76-100),500) -> 500 | AC76: =IFERROR(S76*100/M76,"-") -> - | AD76: =IFERROR(ABS(AC76-100),500) -> 500
A77: متوسط تعداد پرسنل غیرمستقیم توليد (نفر) | E77: =SUM(B77:D77) -> 0 | F77: =IF($A$1="صنایع شیر ایران",IFERROR(('[1]هزینه پرسنلی غیرمستقیم تولید'!$B$31/(C77+B77+D77))/$AH$5,0),IFERROR(('[1]هزینه پرسنلی غیرمستقیم تولید'!$B$31/(C77+B77))/$AH$5,0)) -> 0 | H77: 0 | I77: 0 | J77: 0 | K77: =SUM(H77:J77) -> 0 | L77: =IF($A$1="صنایع شیر ایران",IFERROR(('[1]هزینه پرسنلی غیرمستقیم تولید'!$C$31/(I77+H77+J77))/$AH$5,0),IFERROR(('[1]هزینه پرسنلی غیرمستقیم تولید'!$C$31/(I77+H77))/$AH$5,0)) -> 0 | Q77: =SUM(N77:P77) -> 0 | R77: =IF($A$1="صنایع شیر ایران",IFERROR(('[1]هزینه پرسنلی غیرمستقیم تولید'!$D$31/(O77+N77+P77))/$AH$5,0),IFERROR(('[1]هزینه پرسنلی غیرمستقیم تولید'!$D$31/(O77+N77))/$AH$5,0)) -> 0 | T77: =IFERROR(N77*100/H77,"-") -> - | U77: =IFERROR(ABS(T77-100),500) -> 500 | V77: =IFERROR(O77*100/I77,"-") -> - | W77: =IFERROR(ABS(V77-100),500) -> 500 | X77: =IFERROR(P77*100/J77,"-") -> - | Y77: =IFERROR(ABS(X77-100),500) -> 500 | Z77: =IFERROR(Q77*100/K77,"-") -> - | AA77: =IFERROR(R77*100/L77,"-") -> - | AB77: =IFERROR(ABS(AA77-100),500) -> 500
A78: متوسط تعداد پرسنل مستقیم ارائه خدمات (نفر) | C78: 24 | D78: 7 | E78: =SUM(B78:D78) -> 31 | F78: =IFERROR(('هزینه پرسنلی مستقیم خدمات'!$B$31/(C78+B78))/$AH$5,0) -> 5270.9028 | G78: =IFERROR((VLOOKUP($AH$6,'[1]هزینه سربار خدمات'!$A:$F,2,FALSE)/(D78+D79))/$AH$5,0) -> 916.78571 | I78: 24 | J78: 39 | K78: =SUM(H78:J78) -> 63 | L78: =IFERROR(('هزینه پرسنلی مستقیم خدمات'!$C$31/(I78+H78))/$AH$5,0) -> 0 | M78: =IFERROR((VLOOKUP($AH$6,'[1]هزینه سربار خدمات'!$A:$F,3,FALSE)/(J78+J79))/$AH$5,0) -> 528.95726 | O78: 23 | P78: 13 | Q78: =SUM(N78:P78) -> 36 | R78: =IFERROR(('هزینه پرسنلی مستقیم خدمات'!$D$31/(O78+N78))/$AH$5,0) -> 9000.3261 | S78: =IFERROR((VLOOKUP($AH$6,'[1]هزینه سربار خدمات'!$A:$F,4,FALSE)/(P78+P79))/$AH$5,0) -> 3634 | T78: =IFERROR(N78*100/H78,"-") -> - | U78: =IFERROR(ABS(T78-100),500) -> 500 | V78: =IFERROR(O78*100/I78,"-") -> 95.833333 | W78: =IFERROR(ABS(V78-100),500) -> 4.1666667 | X78: =IFERROR(P78*100/J78,"-") -> 33.333333 | Y78: =IFERROR(ABS(X78-100),500) -> 66.666667 | Z78: =IFERROR(Q78*100/K78,"-") -> 57.142857 | AA78: =IFERROR(R78*100/L78,"-") -> - | AB78: =IFERROR(ABS(AA78-100),500) -> 500 | AC78: =IFERROR(S78*100/M78,"-") -> 687.01202 | AD78: =IFERROR(ABS(AC78-100),500) -> 587.01202
A79: متوسط تعداد پرسنل غیرمستقیم خدمات (نفر) | E79: =SUM(B79:D79) -> 0 | F79: =IFERROR(('[1]هزینه پرسنلی غیرمستقیم خدمات'!$B$31/(C79+B79))/$AH$5,0) -> 0 | K79: =SUM(H79:J79) -> 0 | L79: =IFERROR(('[1]هزینه پرسنلی غیرمستقیم خدمات'!$C$31/(I79+H79))/$AH$5,0) -> 0 | Q79: =SUM(N79:P79) -> 0 | R79: =IFERROR(('[1]هزینه پرسنلی غیرمستقیم خدمات'!$D$31/(O79+N79))/$AH$5,0) -> 0 | T79: =IFERROR(N79*100/H79,"-") -> - | U79: =IFERROR(ABS(T79-100),500) -> 500 | V79: =IFERROR(O79*100/I79,"-") -> - | W79: =IFERROR(ABS(V79-100),500) -> 500 | X79: =IFERROR(P79*100/J79,"-") -> - | Y79: =IFERROR(ABS(X79-100),500) -> 500 | Z79: =IFERROR(Q79*100/K79,"-") -> - | AA79: =IFERROR(R79*100/L79,"-") -> - | AB79: =IFERROR(ABS(AA79-100),500) -> 500
A80: متوسط تعداد پرسنل اداري، تشكيلاتي و فروش (نفر) | C80: 2 | D80: 1 | E80: =SUM(B80:D80) -> 3 | F80: =IF($A$1="صنایع شیر ایران",IFERROR(('[1]هزینه اداری عمومی'!$B$26/(C80+B80+D80))/$AH$5,0),IFERROR(('[1]هزینه اداری عمومی'!$B$26/(C80+B80))/$AH$5,0)) -> 11781 | G80: =IFERROR((VLOOKUP($AH$6,'[1]هزینه اداری عمومی'!$A:$F,2,FALSE)/D80)/$AH$5,0) -> 0 | I80: 2 | J80: 2 | K80: =SUM(H80:J80) -> 4 | L80: =IF($A$1="صنایع شیر ایران",IFERROR(('[1]هزینه اداری عمومی'!$C$26/(I80+H80+J80))/$AH$5,0),IFERROR(('[1]هزینه اداری عمومی'!$C$26/(I80+H80))/$AH$5,0)) -> 15827.5 | M80: =IFERROR((VLOOKUP($AH$6,'[1]هزینه اداری عمومی'!$A:$F,3,FALSE)/J80)/$AH$5,0) -> 2394.25 | O80: 3 | P80: 1 | Q80: =SUM(N80:P80) -> 4 | R80: =IF($A$1="صنایع شیر ایران",IFERROR(('[1]هزینه اداری عمومی'!$D$26/(O80+N80+P80))/$AH$5,0),IFERROR(('[1]هزینه اداری عمومی'!$D$26/(O80+N80))/$AH$5,0)) -> 12468.556 | S80: =IFERROR((VLOOKUP($AH$6,'[1]هزینه اداری عمومی'!$A:$F,4,FALSE)/P80)/$AH$5,0) -> 0 | T80: =IFERROR(N80*100/H80,"-") -> - | U80: =IFERROR(ABS(T80-100),500) -> 500 | V80: =IFERROR(O80*100/I80,"-") -> 150 | W80: =IFERROR(ABS(V80-100),500) -> 50 | X80: =IFERROR(P80*100/J80,"-") -> 50 | Y80: =IFERROR(ABS(X80-100),500) -> 50 | Z80: =IFERROR(Q80*100/K80,"-") -> 100 | AA80: =IFERROR(R80*100/L80,"-") -> 78.777795 | AB80: =IFERROR(ABS(AA80-100),500) -> 21.222205 | AC80: =IFERROR(S80*100/M80,"-") -> 0 | AD80: =IFERROR(ABS(AC80-100),500) -> 100
A81: جمع (گروه) | B81: =SUM(B76:B80) -> 0 | C81: =SUM(C76:C80) -> 26 | D81: =SUM(D76:D80) -> 8 | E81: =SUM(E76:E80) -> 34 | F81: =IF($A$1="صنایع شیر ایران",IFERROR(((SUM(F77*(C77+B77+D77),F80*(C80+B80+D80),F76*(C76+B76+D76)))/(C81+B81+D81)),0),IFERROR(((SUM(F77*(C77+B77),F78*(C78+B78),F79*(C79+B79),F80*(C80+B80),F76*(C76+B76)))/(C81+B81)),0)) -> 5771.6795 | G81: =IFERROR((G76*(D77+D76)+G78*(D79+D78)+G80*D80)/(D81),0) -> 802.1875 | H81: =SUM(H76:H80) -> 0 | I81: =SUM(I76:I80) -> 26 | J81: =SUM(J76:J80) -> 41 | K81: =SUM(K76:K80) -> 67 | L81: =IF($A$1="صنایع شیر ایران",IFERROR(((SUM(L77*(I77+H77+J77),L80*(I80+H80+J80),L76*(I76+H76+J76)))/(I81+H81+J81)),0),IFERROR(((SUM(L77*(I77+H77),L78*(I78+H78),L79*(I79+H79),L80*(I80+H80),L76*(I76+H76)))/(I81+H81)),0)) -> 1217.5 | M81: =IFERROR((M76*(J77+J76)+M78*(J79+J78)+M80*J80)/(J81),0) -> 619.94715 | N81: =SUM(N76:N80) -> 0 | O81: =SUM(O76:O80) -> 26 | P81: =SUM(P76:P80) -> 14 | Q81: =SUM(Q76:Q80) -> 40 | R81: =IF($A$1="صنایع شیر ایران",IFERROR(((SUM(R77*(O77+N77+P77),R80*(O80+N80+P80),R76*(O76+N76+P76)))/(O81+N81+P81)),0),IFERROR(((SUM(R77*(O77+N77),R78*(O78+N78),R79*(O79+N79),R80*(O80+N80),R76*(O76+N76)))/(O81+N81)),0)) -> 9400.5064 | S81: =IFERROR((S76*(P77+P76)+S78*(P79+P78)+S80*P80)/(P81),0) -> 3374.4286 | T81: =IFERROR(N81*100/H81,"-") -> - | U81: =IFERROR(ABS(T81-100),500) -> 500 | V81: =IFERROR(O81*100/I81,"-") -> 100 | W81: =IFERROR(ABS(V81-100),500) -> 0 | X81: =IFERROR(P81*100/J81,"-") -> 34.146341 | Y81: =IFERROR(ABS(X81-100),500) -> 65.853659 | Z81: =IFERROR(Q81*100/K81,"-") -> 59.701493 | AA81: =IFERROR(R81*100/L81,"-") -> 772.11552 | AB81: =IFERROR(ABS(AA81-100),500) -> 672.11552 | AC81: =IFERROR(S81*100/M81,"-") -> 544.30907 | AD81: =IFERROR(ABS(AC81-100),500) -> 444.30907
A82: تعداد پرسنل شرکت اصلی | E82: =SUM(B82:D82) -> 0 | K82: =SUM(H82:J82) -> 0 | Q82: =SUM(N82:P82) -> 0 | T82: =IFERROR(N82*100/H82,"-") -> - | U82: =IFERROR(ABS(T82-100),500) -> 500 | V82: =IFERROR(O82*100/I82,"-") -> - | W82: =IFERROR(ABS(V82-100),500) -> 500 | X82: =IFERROR(P82*100/J82,"-") -> - | Y82: =IFERROR(ABS(X82-100),500) -> 500 | Z82: =IFERROR(Q82*100/K82,"-") -> - | AA82: =IFERROR(R82*100/L82,"-") -> - | AB82: =IFERROR(ABS(AA82-100),500) -> 500 | AC82: =IFERROR(S82*100/M82,"-") -> - | AD82: =IFERROR(ABS(AC82-100),500) -> 500
A84: توضیحات
A91: ="گزارش تعداد پرسنل و سرانه هزینه پرسنلی به تفکیک نوع قرارداد در دوره " & [1]روکش!$F$9 & " سال " & [1]روکش!$D$9&"- مجتمع خراسان/ شعبه "&AE91 -> گزارش تعداد پرسنل و سرانه هزینه پرسنلی به تفکیک نوع قرارداد در دوره شش ماهه سال 1405- مجتمع خراسان/ شعبه نیشابور | AE91: =[1]واردات!$AA$46 -> نیشابور
A92: شرح | B92: عملكرد دوره مشابه سال قبل | H92: بودجه دوره مورد رسیدگی سال جاری | N92: عملکرد دوره مورد رسیدگی سال جاری | T92: درصد تحقق بودجه
B93: رسمي | C93: موقت | D93: پرسنل پيمانكار | E93: جمع | F93: سرانه پرسنلی مستقیم | G93: سرانه پرسنلی پیمانکار | H93: رسمي | I93: موقت | J93: پرسنل پيمانكار | K93: جمع | L93: سرانه پرسنلی مستقیم | M93: سرانه پرسنلی پیمانکار | N93: رسمي | O93: موقت | P93: پرسنل پيمانكار | Q93: جمع | R93: سرانه پرسنلی مستقیم | S93: سرانه پرسنلی پیمانکار | T93: رسمي | V93: موقت | X93: پرسنل پيمانكار | Z93: جمع | AA93: سرانه پرسنلی مستقیم | AC93: سرانه پرسنلی پیمانکار
A94: متوسط تعداد پرسنل مستقیم توليد (نفر) | E94: =SUM(B94:D94) -> 0 | F94: =IF($A$1="صنایع شیر ایران",IFERROR(('[1]هزینه پرسنلی مستقیم تولید'!$B$31/(C94+B94+D94))/$AH$5,0),IFERROR(('[1]هزینه پرسنلی مستقیم تولید'!$B$31/(C94+B94))/$AH$5,0)) -> 0 | G94: =IFERROR((VLOOKUP($AH$6,'[1]هزینه سربار تولید'!$A:$F,2,FALSE)/(D94+D95))/$AH$5,0) -> 0 | H94: 0 | I94: 0 | J94: 0 | K94: =SUM(H94:J94) -> 0 | L94: =IF($A$1="صنایع شیر ایران",IFERROR(('[1]هزینه پرسنلی مستقیم تولید'!$C$31/(I94+H94+J94))/$AH$5,0),IFERROR(('[1]هزینه پرسنلی مستقیم تولید'!$C$31/(I94+H94))/$AH$5,0)) -> 0 | M94: =IFERROR((VLOOKUP($AH$6,'[1]هزینه سربار تولید'!$A:$F,3,FALSE)/(J94+J95))/$AH$5,0) -> 0 | Q94: =SUM(N94:P94) -> 0 | R94: =IF($A$1="صنایع شیر ایران",IFERROR(('[1]هزینه پرسنلی مستقیم تولید'!$D$31/(O94+N94+P94))/$AH$5,0),IFERROR(('[1]هزینه پرسنلی مستقیم تولید'!$D$31/(O94+N94))/$AH$5,0)) -> 0 | S94: =IFERROR((VLOOKUP($AH$6,'[1]هزینه سربار تولید'!$A:$F,4,FALSE)/(P94+P95))/$AH$5,0) -> 0 | T94: =IFERROR(N94*100/H94,"-") -> - | U94: =IFERROR(ABS(T94-100),500) -> 500 | V94: =IFERROR(O94*100/I94,"-") -> - | W94: =IFERROR(ABS(V94-100),500) -> 500 | X94: =IFERROR(P94*100/J94,"-") -> - | Y94: =IFERROR(ABS(X94-100),500) -> 500 | Z94: =IFERROR(Q94*100/K94,"-") -> - | AA94: =IFERROR(R94*100/L94,"-") -> - | AB94: =IFERROR(ABS(AA94-100),500) -> 500 | AC94: =IFERROR(S94*100/M94,"-") -> - | AD94: =IFERROR(ABS(AC94-100),500) -> 500
A95: متوسط تعداد پرسنل غیرمستقیم توليد (نفر) | E95: =SUM(B95:D95) -> 0 | F95: =IF($A$1="صنایع شیر ایران",IFERROR(('[1]هزینه پرسنلی غیرمستقیم تولید'!$B$31/(C95+B95+D95))/$AH$5,0),IFERROR(('[1]هزینه پرسنلی غیرمستقیم تولید'!$B$31/(C95+B95))/$AH$5,0)) -> 0 | H95: 0 | I95: 0 | J95: 0 | K95: =SUM(H95:J95) -> 0 | L95: =IF($A$1="صنایع شیر ایران",IFERROR(('[1]هزینه پرسنلی غیرمستقیم تولید'!$C$31/(I95+H95+J95))/$AH$5,0),IFERROR(('[1]هزینه پرسنلی غیرمستقیم تولید'!$C$31/(I95+H95))/$AH$5,0)) -> 0 | Q95: =SUM(N95:P95) -> 0 | R95: =IF($A$1="صنایع شیر ایران",IFERROR(('[1]هزینه پرسنلی غیرمستقیم تولید'!$D$31/(O95+N95+P95))/$AH$5,0),IFERROR(('[1]هزینه پرسنلی غیرمستقیم تولید'!$D$31/(O95+N95))/$AH$5,0)) -> 0 | T95: =IFERROR(N95*100/H95,"-") -> - | U95: =IFERROR(ABS(T95-100),500) -> 500 | V95: =IFERROR(O95*100/I95,"-") -> - | W95: =IFERROR(ABS(V95-100),500) -> 500 | X95: =IFERROR(P95*100/J95,"-") -> - | Y95: =IFERROR(ABS(X95-100),500) -> 500 | Z95: =IFERROR(Q95*100/K95,"-") -> - | AA95: =IFERROR(R95*100/L95,"-") -> - | AB95: =IFERROR(ABS(AA95-100),500) -> 500
A96: متوسط تعداد پرسنل مستقیم ارائه خدمات (نفر) | C96: 2 | E96: =SUM(B96:D96) -> 2 | F96: =IFERROR(('هزینه پرسنلی مستقیم خدمات'!$B$31/(C96+B96))/$AH$5,0) -> 63250.833 | G96: =IFERROR((VLOOKUP($AH$6,'[1]هزینه سربار خدمات'!$A:$F,2,FALSE)/(D96+D97))/$AH$5,0) -> 0 | I96: 2 | J96: 1 | K96: =SUM(H96:J96) -> 3 | L96: =IFERROR(('هزینه پرسنلی مستقیم خدمات'!$C$31/(I96+H96))/$AH$5,0) -> 0 | M96: =IFERROR((VLOOKUP($AH$6,'[1]هزینه سربار خدمات'!$A:$F,3,FALSE)/(J96+J97))/$AH$5,0) -> 20629.333 | O96: 2 | Q96: =SUM(N96:P96) -> 2 | R96: =IFERROR(('هزینه پرسنلی مستقیم خدمات'!$D$31/(O96+N96))/$AH$5,0) -> 103503.75 | S96: =IFERROR((VLOOKUP($AH$6,'[1]هزینه سربار خدمات'!$A:$F,4,FALSE)/(P96+P97))/$AH$5,0) -> 0 | T96: =IFERROR(N96*100/H96,"-") -> - | U96: =IFERROR(ABS(T96-100),500) -> 500 | V96: =IFERROR(O96*100/I96,"-") -> 100 | W96: =IFERROR(ABS(V96-100),500) -> 0 | X96: =IFERROR(P96*100/J96,"-") -> 0 | Y96: =IFERROR(ABS(X96-100),500) -> 100 | Z96: =IFERROR(Q96*100/K96,"-") -> 66.666667 | AA96: =IFERROR(R96*100/L96,"-") -> - | AB96: =IFERROR(ABS(AA96-100),500) -> 500 | AC96: =IFERROR(S96*100/M96,"-") -> 0 | AD96: =IFERROR(ABS(AC96-100),500) -> 100
A97: متوسط تعداد پرسنل غیرمستقیم خدمات (نفر) | E97: =SUM(B97:D97) -> 0 | F97: =IFERROR(('[1]هزینه پرسنلی غیرمستقیم خدمات'!$B$31/(C97+B97))/$AH$5,0) -> 0 | K97: =SUM(H97:J97) -> 0 | L97: =IFERROR(('[1]هزینه پرسنلی غیرمستقیم خدمات'!$C$31/(I97+H97))/$AH$5,0) -> 0 | Q97: =SUM(N97:P97) -> 0 | R97: =IFERROR(('[1]هزینه پرسنلی غیرمستقیم خدمات'!$D$31/(O97+N97))/$AH$5,0) -> 0 | T97: =IFERROR(N97*100/H97,"-") -> - | U97: =IFERROR(ABS(T97-100),500) -> 500 | V97: =IFERROR(O97*100/I97,"-") -> - | W97: =IFERROR(ABS(V97-100),500) -> 500 | X97: =IFERROR(P97*100/J97,"-") -> - | Y97: =IFERROR(ABS(X97-100),500) -> 500 | Z97: =IFERROR(Q97*100/K97,"-") -> - | AA97: =IFERROR(R97*100/L97,"-") -> - | AB97: =IFERROR(ABS(AA97-100),500) -> 500
A98: متوسط تعداد پرسنل اداري، تشكيلاتي و فروش (نفر) | E98: =SUM(B98:D98) -> 0 | F98: =IF($A$1="صنایع شیر ایران",IFERROR(('[1]هزینه اداری عمومی'!$B$26/(C98+B98+D98))/$AH$5,0),IFERROR(('[1]هزینه اداری عمومی'!$B$26/(C98+B98))/$AH$5,0)) -> 0 | G98: =IFERROR((VLOOKUP($AH$6,'[1]هزینه اداری عمومی'!$A:$F,2,FALSE)/D98)/$AH$5,0) -> 0 | K98: =SUM(H98:J98) -> 0 | L98: =IF($A$1="صنایع شیر ایران",IFERROR(('[1]هزینه اداری عمومی'!$C$26/(I98+H98+J98))/$AH$5,0),IFERROR(('[1]هزینه اداری عمومی'!$C$26/(I98+H98))/$AH$5,0)) -> 0 | M98: =IFERROR((VLOOKUP($AH$6,'[1]هزینه اداری عمومی'!$A:$F,3,FALSE)/J98)/$AH$5,0) -> 0 | Q98: =SUM(N98:P98) -> 0 | R98: =IF($A$1="صنایع شیر ایران",IFERROR(('[1]هزینه اداری عمومی'!$D$26/(O98+N98+P98))/$AH$5,0),IFERROR(('[1]هزینه اداری عمومی'!$D$26/(O98+N98))/$AH$5,0)) -> 0 | S98: =IFERROR((VLOOKUP($AH$6,'[1]هزینه اداری عمومی'!$A:$F,4,FALSE)/P98)/$AH$5,0) -> 0 | T98: =IFERROR(N98*100/H98,"-") -> - | U98: =IFERROR(ABS(T98-100),500) -> 500 | V98: =IFERROR(O98*100/I98,"-") -> - | W98: =IFERROR(ABS(V98-100),500) -> 500 | X98: =IFERROR(P98*100/J98,"-") -> - | Y98: =IFERROR(ABS(X98-100),500) -> 500 | Z98: =IFERROR(Q98*100/K98,"-") -> - | AA98: =IFERROR(R98*100/L98,"-") -> - | AB98: =IFERROR(ABS(AA98-100),500) -> 500 | AC98: =IFERROR(S98*100/M98,"-") -> - | AD98: =IFERROR(ABS(AC98-100),500) -> 500
A99: جمع (گروه) | B99: =SUM(B94:B98) -> 0 | C99: =SUM(C94:C98) -> 2 | D99: =SUM(D94:D98) -> 0 | E99: =SUM(E94:E98) -> 2 | F99: =IF($A$1="صنایع شیر ایران",IFERROR(((SUM(F95*(C95+B95+D95),F98*(C98+B98+D98),F94*(C94+B94+D94)))/(C99+B99+D99)),0),IFERROR(((SUM(F95*(C95+B95),F96*(C96+B96),F97*(C97+B97),F98*(C98+B98),F94*(C94+B94)))/(C99+B99)),0)) -> 63250.833 | G99: =IFERROR((G94*(D95+D94)+G96*(D97+D96)+G98*D98)/(D99),0) -> 0 | H99: =SUM(H94:H98) -> 0 | I99: =SUM(I94:I98) -> 2 | J99: =SUM(J94:J98) -> 1 | K99: =SUM(K94:K98) -> 3 | L99: =IF($A$1="صنایع شیر ایران",IFERROR(((SUM(L95*(I95+H95+J95),L98*(I98+H98+J98),L94*(I94+H94+J94)))/(I99+H99+J99)),0),IFERROR(((SUM(L95*(I95+H95),L96*(I96+H96),L97*(I97+H97),L98*(I98+H98),L94*(I94+H94)))/(I99+H99)),0)) -> 0 | M99: =IFERROR((M94*(J95+J94)+M96*(J97+J96)+M98*J98)/(J99),0) -> 20629.333 | N99: =SUM(N94:N98) -> 0 | O99: =SUM(O94:O98) -> 2 | P99: =SUM(P94:P98) -> 0 | Q99: =SUM(Q94:Q98) -> 2 | R99: =IF($A$1="صنایع شیر ایران",IFERROR(((SUM(R95*(O95+N95+P95),R98*(O98+N98+P98),R94*(O94+N94+P94)))/(O99+N99+P99)),0),IFERROR(((SUM(R95*(O95+N95),R96*(O96+N96),R97*(O97+N97),R98*(O98+N98),R94*(O94+N94)))/(O99+N99)),0)) -> 103503.75 | S99: =IFERROR((S94*(P95+P94)+S96*(P97+P96)+S98*P98)/(P99),0) -> 0 | T99: =IFERROR(N99*100/H99,"-") -> - | U99: =IFERROR(ABS(T99-100),500) -> 500 | V99: =IFERROR(O99*100/I99,"-") -> 100 | W99: =IFERROR(ABS(V99-100),500) -> 0 | X99: =IFERROR(P99*100/J99,"-") -> 0 | Y99: =IFERROR(ABS(X99-100),500) -> 100 | Z99: =IFERROR(Q99*100/K99,"-") -> 66.666667 | AA99: =IFERROR(R99*100/L99,"-") -> - | AB99: =IFERROR(ABS(AA99-100),500) -> 500 | AC99: =IFERROR(S99*100/M99,"-") -> 0 | AD99: =IFERROR(ABS(AC99-100),500) -> 100
A100: تعداد پرسنل شرکت اصلی | E100: =SUM(B100:D100) -> 0 | K100: =SUM(H100:J100) -> 0 | Q100: =SUM(N100:P100) -> 0 | T100: =IFERROR(N100*100/H100,"-") -> - | U100: =IFERROR(ABS(T100-100),500) -> 500 | V100: =IFERROR(O100*100/I100,"-") -> - | W100: =IFERROR(ABS(V100-100),500) -> 500 | X100: =IFERROR(P100*100/J100,"-") -> - | Y100: =IFERROR(ABS(X100-100),500) -> 500 | Z100: =IFERROR(Q100*100/K100,"-") -> - | AA100: =IFERROR(R100*100/L100,"-") -> - | AB100: =IFERROR(ABS(AA100-100),500) -> 500 | AC100: =IFERROR(S100*100/M100,"-") -> - | AD100: =IFERROR(ABS(AC100-100),500) -> 500
A102: توضیحات
A109: ="گزارش تعداد پرسنل و سرانه هزینه پرسنلی به تفکیک نوع قرارداد در دوره " & [1]روکش!$F$9 & " سال " & [1]روکش!$D$9&"- مجتمع خراسان/ شعبه "&AE109 -> گزارش تعداد پرسنل و سرانه هزینه پرسنلی به تفکیک نوع قرارداد در دوره شش ماهه سال 1405- مجتمع خراسان/ شعبه ماهیرود | AE109: =[1]واردات!$AA$47 -> ماهیرود
A110: شرح | B110: عملكرد دوره مشابه سال قبل | H110: بودجه دوره مورد رسیدگی سال جاری | N110: عملکرد دوره مورد رسیدگی سال جاری | T110: درصد تحقق بودجه
B111: رسمي | C111: موقت | D111: پرسنل پيمانكار | E111: جمع | F111: سرانه پرسنلی مستقیم | G111: سرانه پرسنلی پیمانکار | H111: رسمي | I111: موقت | J111: پرسنل پيمانكار | K111: جمع | L111: سرانه پرسنلی مستقیم | M111: سرانه پرسنلی پیمانکار | N111: رسمي | O111: موقت | P111: پرسنل پيمانكار | Q111: جمع | R111: سرانه پرسنلی مستقیم | S111: سرانه پرسنلی پیمانکار | T111: رسمي | V111: موقت | X111: پرسنل پيمانكار | Z111: جمع | AA111: سرانه پرسنلی مستقیم | AC111: سرانه پرسنلی پیمانکار
A112: متوسط تعداد پرسنل مستقیم توليد (نفر) | E112: =SUM(B112:D112) -> 0 | F112: =IF($A$1="صنایع شیر ایران",IFERROR(('[1]هزینه پرسنلی مستقیم تولید'!$B$31/(C112+B112+D112))/$AH$5,0),IFERROR(('[1]هزینه پرسنلی مستقیم تولید'!$B$31/(C112+B112))/$AH$5,0)) -> 0 | G112: =IFERROR((VLOOKUP($AH$6,'[1]هزینه سربار تولید'!$A:$F,2,FALSE)/(D112+D113))/$AH$5,0) -> 0 | H112: 0 | I112: 0 | J112: 0 | K112: =SUM(H112:J112) -> 0 | L112: =IF($A$1="صنایع شیر ایران",IFERROR(('[1]هزینه پرسنلی مستقیم تولید'!$C$31/(I112+H112+J112))/$AH$5,0),IFERROR(('[1]هزینه پرسنلی مستقیم تولید'!$C$31/(I112+H112))/$AH$5,0)) -> 0 | M112: =IFERROR((VLOOKUP($AH$6,'[1]هزینه سربار تولید'!$A:$F,3,FALSE)/(J112+J113))/$AH$5,0) -> 0 | Q112: =SUM(N112:P112) -> 0 | R112: =IF($A$1="صنایع شیر ایران",IFERROR(('[1]هزینه پرسنلی مستقیم تولید'!$D$31/(O112+N112+P112))/$AH$5,0),IFERROR(('[1]هزینه پرسنلی مستقیم تولید'!$D$31/(O112+N112))/$AH$5,0)) -> 0 | S112: =IFERROR((VLOOKUP($AH$6,'[1]هزینه سربار تولید'!$A:$F,4,FALSE)/(P112+P113))/$AH$5,0) -> 0 | T112: =IFERROR(N112*100/H112,"-") -> - | U112: =IFERROR(ABS(T112-100),500) -> 500 | V112: =IFERROR(O112*100/I112,"-") -> - | W112: =IFERROR(ABS(V112-100),500) -> 500 | X112: =IFERROR(P112*100/J112,"-") -> - | Y112: =IFERROR(ABS(X112-100),500) -> 500 | Z112: =IFERROR(Q112*100/K112,"-") -> - | AA112: =IFERROR(R112*100/L112,"-") -> - | AB112: =IFERROR(ABS(AA112-100),500) -> 500 | AC112: =IFERROR(S112*100/M112,"-") -> - | AD112: =IFERROR(ABS(AC112-100),500) -> 500
A113: متوسط تعداد پرسنل غیرمستقیم توليد (نفر) | E113: =SUM(B113:D113) -> 0 | F113: =IF($A$1="صنایع شیر ایران",IFERROR(('[1]هزینه پرسنلی غیرمستقیم تولید'!$B$31/(C113+B113+D113))/$AH$5,0),IFERROR(('[1]هزینه پرسنلی غیرمستقیم تولید'!$B$31/(C113+B113))/$AH$5,0)) -> 0 | H113: 0 | I113: 0 | J113: 0 | K113: =SUM(H113:J113) -> 0 | L113: =IF($A$1="صنایع شیر ایران",IFERROR(('[1]هزینه پرسنلی غیرمستقیم تولید'!$C$31/(I113+H113+J113))/$AH$5,0),IFERROR(('[1]هزینه پرسنلی غیرمستقیم تولید'!$C$31/(I113+H113))/$AH$5,0)) -> 0 | Q113: =SUM(N113:P113) -> 0 | R113: =IF($A$1="صنایع شیر ایران",IFERROR(('[1]هزینه پرسنلی غیرمستقیم تولید'!$D$31/(O113+N113+P113))/$AH$5,0),IFERROR(('[1]هزینه پرسنلی غیرمستقیم تولید'!$D$31/(O113+N113))/$AH$5,0)) -> 0 | T113: =IFERROR(N113*100/H113,"-") -> - | U113: =IFERROR(ABS(T113-100),500) -> 500 | V113: =IFERROR(O113*100/I113,"-") -> - | W113: =IFERROR(ABS(V113-100),500) -> 500 | X113: =IFERROR(P113*100/J113,"-") -> - | Y113: =IFERROR(ABS(X113-100),500) -> 500 | Z113: =IFERROR(Q113*100/K113,"-") -> - | AA113: =IFERROR(R113*100/L113,"-") -> - | AB113: =IFERROR(ABS(AA113-100),500) -> 500
A114: متوسط تعداد پرسنل مستقیم ارائه خدمات (نفر) | C114: 10 | D114: 0 | E114: =SUM(B114:D114) -> 10 | F114: =IFERROR(('هزینه پرسنلی مستقیم خدمات'!$B$31/(C114+B114))/$AH$5,0) -> 12650.167 | G114: =IFERROR((VLOOKUP($AH$6,'[1]هزینه سربار خدمات'!$A:$F,2,FALSE)/(D114+D115))/$AH$5,0) -> 0 | I114: 10 | J114: 4 | K114: =SUM(H114:J114) -> 14 | L114: =IFERROR(('هزینه پرسنلی مستقیم خدمات'!$C$31/(I114+H114))/$AH$5,0) -> 0 | M114: =IFERROR((VLOOKUP($AH$6,'[1]هزینه سربار خدمات'!$A:$F,3,FALSE)/(J114+J115))/$AH$5,0) -> 5157.3333 | O114: 9 | P114: 0 | Q114: =SUM(N114:P114) -> 9 | R114: =IFERROR(('هزینه پرسنلی مستقیم خدمات'!$D$31/(O114+N114))/$AH$5,0) -> 23000.833 | S114: =IFERROR((VLOOKUP($AH$6,'[1]هزینه سربار خدمات'!$A:$F,4,FALSE)/(P114+P115))/$AH$5,0) -> 0 | T114: =IFERROR(N114*100/H114,"-") -> - | U114: =IFERROR(ABS(T114-100),500) -> 500 | V114: =IFERROR(O114*100/I114,"-") -> 90 | W114: =IFERROR(ABS(V114-100),500) -> 10 | X114: =IFERROR(P114*100/J114,"-") -> 0 | Y114: =IFERROR(ABS(X114-100),500) -> 100 | Z114: =IFERROR(Q114*100/K114,"-") -> 64.285714 | AA114: =IFERROR(R114*100/L114,"-") -> - | AB114: =IFERROR(ABS(AA114-100),500) -> 500 | AC114: =IFERROR(S114*100/M114,"-") -> 0 | AD114: =IFERROR(ABS(AC114-100),500) -> 100
A115: متوسط تعداد پرسنل غیرمستقیم خدمات (نفر) | E115: =SUM(B115:D115) -> 0 | F115: =IFERROR(('[1]هزینه پرسنلی غیرمستقیم خدمات'!$B$31/(C115+B115))/$AH$5,0) -> 0 | K115: =SUM(H115:J115) -> 0 | L115: =IFERROR(('[1]هزینه پرسنلی غیرمستقیم خدمات'!$C$31/(I115+H115))/$AH$5,0) -> 0 | Q115: =SUM(N115:P115) -> 0 | R115: =IFERROR(('[1]هزینه پرسنلی غیرمستقیم خدمات'!$D$31/(O115+N115))/$AH$5,0) -> 0 | T115: =IFERROR(N115*100/H115,"-") -> - | U115: =IFERROR(ABS(T115-100),500) -> 500 | V115: =IFERROR(O115*100/I115,"-") -> - | W115: =IFERROR(ABS(V115-100),500) -> 500 | X115: =IFERROR(P115*100/J115,"-") -> - | Y115: =IFERROR(ABS(X115-100),500) -> 500 | Z115: =IFERROR(Q115*100/K115,"-") -> - | AA115: =IFERROR(R115*100/L115,"-") -> - | AB115: =IFERROR(ABS(AA115-100),500) -> 500
A116: متوسط تعداد پرسنل اداري، تشكيلاتي و فروش (نفر) | C116: 0 | D116: 1 | E116: =SUM(B116:D116) -> 1 | F116: =IF($A$1="صنایع شیر ایران",IFERROR(('[1]هزینه اداری عمومی'!$B$26/(C116+B116+D116))/$AH$5,0),IFERROR(('[1]هزینه اداری عمومی'!$B$26/(C116+B116))/$AH$5,0)) -> 0 | G116: =IFERROR((VLOOKUP($AH$6,'[1]هزینه اداری عمومی'!$A:$F,2,FALSE)/D116)/$AH$5,0) -> 0 | I116: 0 | J116: 2 | K116: =SUM(H116:J116) -> 2 | L116: =IF($A$1="صنایع شیر ایران",IFERROR(('[1]هزینه اداری عمومی'!$C$26/(I116+H116+J116))/$AH$5,0),IFERROR(('[1]هزینه اداری عمومی'!$C$26/(I116+H116))/$AH$5,0)) -> 0 | M116: =IFERROR((VLOOKUP($AH$6,'[1]هزینه اداری عمومی'!$A:$F,3,FALSE)/J116)/$AH$5,0) -> 2394.25 | P116: 0 | Q116: =SUM(N116:P116) -> 0 | R116: =IF($A$1="صنایع شیر ایران",IFERROR(('[1]هزینه اداری عمومی'!$D$26/(O116+N116+P116))/$AH$5,0),IFERROR(('[1]هزینه اداری عمومی'!$D$26/(O116+N116))/$AH$5,0)) -> 0 | S116: =IFERROR((VLOOKUP($AH$6,'[1]هزینه اداری عمومی'!$A:$F,4,FALSE)/P116)/$AH$5,0) -> 0 | T116: =IFERROR(N116*100/H116,"-") -> - | U116: =IFERROR(ABS(T116-100),500) -> 500 | V116: =IFERROR(O116*100/I116,"-") -> - | W116: =IFERROR(ABS(V116-100),500) -> 500 | X116: =IFERROR(P116*100/J116,"-") -> 0 | Y116: =IFERROR(ABS(X116-100),500) -> 100 | Z116: =IFERROR(Q116*100/K116,"-") -> 0 | AA116: =IFERROR(R116*100/L116,"-") -> - | AB116: =IFERROR(ABS(AA116-100),500) -> 500 | AC116: =IFERROR(S116*100/M116,"-") -> 0 | AD116: =IFERROR(ABS(AC116-100),500) -> 100
A117: جمع (گروه) | B117: =SUM(B112:B116) -> 0 | C117: =SUM(C112:C116) -> 10 | D117: =SUM(D112:D116) -> 1 | E117: =SUM(E112:E116) -> 11 | F117: =IF($A$1="صنایع شیر ایران",IFERROR(((SUM(F113*(C113+B113+D113),F116*(C116+B116+D116),F112*(C112+B112+D112)))/(C117+B117+D117)),0),IFERROR(((SUM(F113*(C113+B113),F114*(C114+B114),F115*(C115+B115),F116*(C116+B116),F112*(C112+B112)))/(C117+B117)),0)) -> 12650.167 | G117: =IFERROR((G112*(D113+D112)+G114*(D115+D114)+G116*D116)/(D117),0) -> 0 | H117: =SUM(H112:H116) -> 0 | I117: =SUM(I112:I116) -> 10 | J117: =SUM(J112:J116) -> 6 | K117: =SUM(K112:K116) -> 16 | L117: =IF($A$1="صنایع شیر ایران",IFERROR(((SUM(L113*(I113+H113+J113),L116*(I116+H116+J116),L112*(I112+H112+J112)))/(I117+H117+J117)),0),IFERROR(((SUM(L113*(I113+H113),L114*(I114+H114),L115*(I115+H115),L116*(I116+H116),L112*(I112+H112)))/(I117+H117)),0)) -> 0 | M117: =IFERROR((M112*(J113+J112)+M114*(J115+J114)+M116*J116)/(J117),0) -> 4236.3056 | N117: =SUM(N112:N116) -> 0 | O117: =SUM(O112:O116) -> 9 | P117: =SUM(P112:P116) -> 0 | Q117: =SUM(Q112:Q116) -> 9 | R117: =IF($A$1="صنایع شیر ایران",IFERROR(((SUM(R113*(O113+N113+P113),R116*(O116+N116+P116),R112*(O112+N112+P112)))/(O117+N117+P117)),0),IFERROR(((SUM(R113*(O113+N113),R114*(O114+N114),R115*(O115+N115),R116*(O116+N116),R112*(O112+N112)))/(O117+N117)),0)) -> 23000.833 | S117: =IFERROR((S112*(P113+P112)+S114*(P115+P114)+S116*P116)/(P117),0) -> 0 | T117: =IFERROR(N117*100/H117,"-") -> - | U117: =IFERROR(ABS(T117-100),500) -> 500 | V117: =IFERROR(O117*100/I117,"-") -> 90 | W117: =IFERROR(ABS(V117-100),500) -> 10 | X117: =IFERROR(P117*100/J117,"-") -> 0 | Y117: =IFERROR(ABS(X117-100),500) -> 100 | Z117: =IFERROR(Q117*100/K117,"-") -> 56.25 | AA117: =IFERROR(R117*100/L117,"-") -> - | AB117: =IFERROR(ABS(AA117-100),500) -> 500 | AC117: =IFERROR(S117*100/M117,"-") -> 0 | AD117: =IFERROR(ABS(AC117-100),500) -> 100
A118: تعداد پرسنل شرکت اصلی | E118: =SUM(B118:D118) -> 0 | K118: =SUM(H118:J118) -> 0 | Q118: =SUM(N118:P118) -> 0 | T118: =IFERROR(N118*100/H118,"-") -> - | U118: =IFERROR(ABS(T118-100),500) -> 500 | V118: =IFERROR(O118*100/I118,"-") -> - | W118: =IFERROR(ABS(V118-100),500) -> 500 | X118: =IFERROR(P118*100/J118,"-") -> - | Y118: =IFERROR(ABS(X118-100),500) -> 500 | Z118: =IFERROR(Q118*100/K118,"-") -> - | AA118: =IFERROR(R118*100/L118,"-") -> - | AB118: =IFERROR(ABS(AA118-100),500) -> 500 | AC118: =IFERROR(S118*100/M118,"-") -> - | AD118: =IFERROR(ABS(AC118-100),500) -> 500
A120: توضیحات
A127: ="گزارش تعداد پرسنل و سرانه هزینه پرسنلی به تفکیک نوع قرارداد در دوره " & [1]روکش!$F$9 & " سال " & [1]روکش!$D$9&"- مجتمع خراسان/ شعبه "&AE127 -> گزارش تعداد پرسنل و سرانه هزینه پرسنلی به تفکیک نوع قرارداد در دوره شش ماهه سال 1405- مجتمع خراسان/ شعبه دوغارون | AE127: =[1]واردات!$AA$48 -> دوغارون
A128: شرح | B128: عملكرد دوره مشابه سال قبل | H128: بودجه دوره مورد رسیدگی سال جاری | N128: عملکرد دوره مورد رسیدگی سال جاری | T128: درصد تحقق بودجه
B129: رسمي | C129: موقت | D129: پرسنل پيمانكار | E129: جمع | F129: سرانه پرسنلی مستقیم | G129: سرانه پرسنلی پیمانکار | H129: رسمي | I129: موقت | J129: پرسنل پيمانكار | K129: جمع | L129: سرانه پرسنلی مستقیم | M129: سرانه پرسنلی پیمانکار | N129: رسمي | O129: موقت | P129: پرسنل پيمانكار | Q129: جمع | R129: سرانه پرسنلی مستقیم | S129: سرانه پرسنلی پیمانکار | T129: رسمي | V129: موقت | X129: پرسنل پيمانكار | Z129: جمع | AA129: سرانه پرسنلی مستقیم | AC129: سرانه پرسنلی پیمانکار
A130: متوسط تعداد پرسنل مستقیم توليد (نفر) | E130: =SUM(B130:D130) -> 0 | F130: =IF($A$1="صنایع شیر ایران",IFERROR(('[1]هزینه پرسنلی مستقیم تولید'!$B$31/(C130+B130+D130))/$AH$5,0),IFERROR(('[1]هزینه پرسنلی مستقیم تولید'!$B$31/(C130+B130))/$AH$5,0)) -> 0 | G130: =IFERROR((VLOOKUP($AH$6,'[1]هزینه سربار تولید'!$A:$F,2,FALSE)/(D130+D131))/$AH$5,0) -> 0 | H130: 0 | I130: 0 | J130: 0 | K130: =SUM(H130:J130) -> 0 | L130: =IF($A$1="صنایع شیر ایران",IFERROR(('[1]هزینه پرسنلی مستقیم تولید'!$C$31/(I130+H130+J130))/$AH$5,0),IFERROR(('[1]هزینه پرسنلی مستقیم تولید'!$C$31/(I130+H130))/$AH$5,0)) -> 0 | M130: =IFERROR((VLOOKUP($AH$6,'[1]هزینه سربار تولید'!$A:$F,3,FALSE)/(J130+J131))/$AH$5,0) -> 0 | Q130: =SUM(N130:P130) -> 0 | R130: =IF($A$1="صنایع شیر ایران",IFERROR(('[1]هزینه پرسنلی مستقیم تولید'!$D$31/(O130+N130+P130))/$AH$5,0),IFERROR(('[1]هزینه پرسنلی مستقیم تولید'!$D$31/(O130+N130))/$AH$5,0)) -> 0 | S130: =IFERROR((VLOOKUP($AH$6,'[1]هزینه سربار تولید'!$A:$F,4,FALSE)/(P130+P131))/$AH$5,0) -> 0 | T130: =IFERROR(N130*100/H130,"-") -> - | U130: =IFERROR(ABS(T130-100),500) -> 500 | V130: =IFERROR(O130*100/I130,"-") -> - | W130: =IFERROR(ABS(V130-100),500) -> 500 | X130: =IFERROR(P130*100/J130,"-") -> - | Y130: =IFERROR(ABS(X130-100),500) -> 500 | Z130: =IFERROR(Q130*100/K130,"-") -> - | AA130: =IFERROR(R130*100/L130,"-") -> - | AB130: =IFERROR(ABS(AA130-100),500) -> 500 | AC130: =IFERROR(S130*100/M130,"-") -> - | AD130: =IFERROR(ABS(AC130-100),500) -> 500
A131: متوسط تعداد پرسنل غیرمستقیم توليد (نفر) | E131: =SUM(B131:D131) -> 0 | F131: =IF($A$1="صنایع شیر ایران",IFERROR(('[1]هزینه پرسنلی غیرمستقیم تولید'!$B$31/(C131+B131+D131))/$AH$5,0),IFERROR(('[1]هزینه پرسنلی غیرمستقیم تولید'!$B$31/(C131+B131))/$AH$5,0)) -> 0 | H131: 0 | I131: 0 | J131: 0 | K131: =SUM(H131:J131) -> 0 | L131: =IF($A$1="صنایع شیر ایران",IFERROR(('[1]هزینه پرسنلی غیرمستقیم تولید'!$C$31/(I131+H131+J131))/$AH$5,0),IFERROR(('[1]هزینه پرسنلی غیرمستقیم تولید'!$C$31/(I131+H131))/$AH$5,0)) -> 0 | Q131: =SUM(N131:P131) -> 0 | R131: =IF($A$1="صنایع شیر ایران",IFERROR(('[1]هزینه پرسنلی غیرمستقیم تولید'!$D$31/(O131+N131+P131))/$AH$5,0),IFERROR(('[1]هزینه پرسنلی غیرمستقیم تولید'!$D$31/(O131+N131))/$AH$5,0)) -> 0 | T131: =IFERROR(N131*100/H131,"-") -> - | U131: =IFERROR(ABS(T131-100),500) -> 500 | V131: =IFERROR(O131*100/I131,"-") -> - | W131: =IFERROR(ABS(V131-100),500) -> 500 | X131: =IFERROR(P131*100/J131,"-") -> - | Y131: =IFERROR(ABS(X131-100),500) -> 500 | Z131: =IFERROR(Q131*100/K131,"-") -> - | AA131: =IFERROR(R131*100/L131,"-") -> - | AB131: =IFERROR(ABS(AA131-100),500) -> 500
A132: متوسط تعداد پرسنل مستقیم ارائه خدمات (نفر) | C132: 59 | D132: 8 | E132: =SUM(B132:D132) -> 67 | F132: =IFERROR(('هزینه پرسنلی مستقیم خدمات'!$B$31/(C132+B132))/$AH$5,0) -> 2144.096 | G132: =IFERROR((VLOOKUP($AH$6,'[1]هزینه سربار خدمات'!$A:$F,2,FALSE)/(D132+D133))/$AH$5,0) -> 802.1875 | I132: 59 | J132: 24 | K132: =SUM(H132:J132) -> 83 | L132: =IFERROR(('هزینه پرسنلی مستقیم خدمات'!$C$31/(I132+H132))/$AH$5,0) -> 0 | M132: =IFERROR((VLOOKUP($AH$6,'[1]هزینه سربار خدمات'!$A:$F,3,FALSE)/(J132+J133))/$AH$5,0) -> 859.55556 | O132: 57 | P132: 11 | Q132: =SUM(N132:P132) -> 68 | R132: =IFERROR(('هزینه پرسنلی مستقیم خدمات'!$D$31/(O132+N132))/$AH$5,0) -> 3631.7105 | S132: =IFERROR((VLOOKUP($AH$6,'[1]هزینه سربار خدمات'!$A:$F,4,FALSE)/(P132+P133))/$AH$5,0) -> 4294.7273 | T132: =IFERROR(N132*100/H132,"-") -> - | U132: =IFERROR(ABS(T132-100),500) -> 500 | V132: =IFERROR(O132*100/I132,"-") -> 96.610169 | W132: =IFERROR(ABS(V132-100),500) -> 3.3898305 | X132: =IFERROR(P132*100/J132,"-") -> 45.833333 | Y132: =IFERROR(ABS(X132-100),500) -> 54.166667 | Z132: =IFERROR(Q132*100/K132,"-") -> 81.927711 | AA132: =IFERROR(R132*100/L132,"-") -> - | AB132: =IFERROR(ABS(AA132-100),500) -> 500 | AC132: =IFERROR(S132*100/M132,"-") -> 499.64511 | AD132: =IFERROR(ABS(AC132-100),500) -> 399.64511
A133: متوسط تعداد پرسنل غیرمستقیم خدمات (نفر) | E133: =SUM(B133:D133) -> 0 | F133: =IFERROR(('[1]هزینه پرسنلی غیرمستقیم خدمات'!$B$31/(C133+B133))/$AH$5,0) -> 0 | K133: =SUM(H133:J133) -> 0 | L133: =IFERROR(('[1]هزینه پرسنلی غیرمستقیم خدمات'!$C$31/(I133+H133))/$AH$5,0) -> 0 | Q133: =SUM(N133:P133) -> 0 | R133: =IFERROR(('[1]هزینه پرسنلی غیرمستقیم خدمات'!$D$31/(O133+N133))/$AH$5,0) -> 0 | T133: =IFERROR(N133*100/H133,"-") -> - | U133: =IFERROR(ABS(T133-100),500) -> 500 | V133: =IFERROR(O133*100/I133,"-") -> - | W133: =IFERROR(ABS(V133-100),500) -> 500 | X133: =IFERROR(P133*100/J133,"-") -> - | Y133: =IFERROR(ABS(X133-100),500) -> 500 | Z133: =IFERROR(Q133*100/K133,"-") -> - | AA133: =IFERROR(R133*100/L133,"-") -> - | AB133: =IFERROR(ABS(AA133-100),500) -> 500
A134: متوسط تعداد پرسنل اداري، تشكيلاتي و فروش (نفر) | C134: 3 | D134: 0 | E134: =SUM(B134:D134) -> 3 | F134: =IF($A$1="صنایع شیر ایران",IFERROR(('[1]هزینه اداری عمومی'!$B$26/(C134+B134+D134))/$AH$5,0),IFERROR(('[1]هزینه اداری عمومی'!$B$26/(C134+B134))/$AH$5,0)) -> 7854 | G134: =IFERROR((VLOOKUP($AH$6,'[1]هزینه اداری عمومی'!$A:$F,2,FALSE)/D134)/$AH$5,0) -> 0 | I134: 3 | J134: 0 | K134: =SUM(H134:J134) -> 3 | L134: =IF($A$1="صنایع شیر ایران",IFERROR(('[1]هزینه اداری عمومی'!$C$26/(I134+H134+J134))/$AH$5,0),IFERROR(('[1]هزینه اداری عمومی'!$C$26/(I134+H134))/$AH$5,0)) -> 10551.667 | M134: =IFERROR((VLOOKUP($AH$6,'[1]هزینه اداری عمومی'!$A:$F,3,FALSE)/J134)/$AH$5,0) -> 0 | O134: 3 | P134: 0 | Q134: =SUM(N134:P134) -> 3 | R134: =IF($A$1="صنایع شیر ایران",IFERROR(('[1]هزینه اداری عمومی'!$D$26/(O134+N134+P134))/$AH$5,0),IFERROR(('[1]هزینه اداری عمومی'!$D$26/(O134+N134))/$AH$5,0)) -> 12468.556 | S134: =IFERROR((VLOOKUP($AH$6,'[1]هزینه اداری عمومی'!$A:$F,4,FALSE)/P134)/$AH$5,0) -> 0 | T134: =IFERROR(N134*100/H134,"-") -> - | U134: =IFERROR(ABS(T134-100),500) -> 500 | V134: =IFERROR(O134*100/I134,"-") -> 100 | W134: =IFERROR(ABS(V134-100),500) -> 0 | X134: =IFERROR(P134*100/J134,"-") -> - | Y134: =IFERROR(ABS(X134-100),500) -> 500 | Z134: =IFERROR(Q134*100/K134,"-") -> 100 | AA134: =IFERROR(R134*100/L134,"-") -> 118.16669 | AB134: =IFERROR(ABS(AA134-100),500) -> 18.166693 | AC134: =IFERROR(S134*100/M134,"-") -> - | AD134: =IFERROR(ABS(AC134-100),500) -> 500
A135: جمع (گروه) | B135: =SUM(B130:B134) -> 0 | C135: =SUM(C130:C134) -> 62 | D135: =SUM(D130:D134) -> 8 | E135: =SUM(E130:E134) -> 70 | F135: =IF($A$1="صنایع شیر ایران",IFERROR(((SUM(F131*(C131+B131+D131),F134*(C134+B134+D134),F130*(C130+B130+D130)))/(C135+B135+D135)),0),IFERROR(((SUM(F131*(C131+B131),F132*(C132+B132),F133*(C133+B133),F134*(C134+B134),F130*(C130+B130)))/(C135+B135)),0)) -> 2420.3817 | G135: =IFERROR((G130*(D131+D130)+G132*(D133+D132)+G134*D134)/(D135),0) -> 802.1875 | H135: =SUM(H130:H134) -> 0 | I135: =SUM(I130:I134) -> 62 | J135: =SUM(J130:J134) -> 24 | K135: =SUM(K130:K134) -> 86 | L135: =IF($A$1="صنایع شیر ایران",IFERROR(((SUM(L131*(I131+H131+J131),L134*(I134+H134+J134),L130*(I130+H130+J130)))/(I135+H135+J135)),0),IFERROR(((SUM(L131*(I131+H131),L132*(I132+H132),L133*(I133+H133),L134*(I134+H134),L130*(I130+H130)))/(I135+H135)),0)) -> 510.56452 | M135: =IFERROR((M130*(J131+J130)+M132*(J133+J132)+M134*J134)/(J135),0) -> 859.55556 | N135: =SUM(N130:N134) -> 0 | O135: =SUM(O130:O134) -> 60 | P135: =SUM(P130:P134) -> 11 | Q135: =SUM(Q130:Q134) -> 71 | R135: =IF($A$1="صنایع شیر ایران",IFERROR(((SUM(R131*(O131+N131+P131),R134*(O134+N134+P134),R130*(O130+N130+P130)))/(O135+N135+P135)),0),IFERROR(((SUM(R131*(O131+N131),R132*(O132+N132),R133*(O133+N133),R134*(O134+N134),R130*(O130+N130)))/(O135+N135)),0)) -> 4073.5528 | S135: =IFERROR((S130*(P131+P130)+S132*(P133+P132)+S134*P134)/(P135),0) -> 4294.7273 | T135: =IFERROR(N135*100/H135,"-") -> - | U135: =IFERROR(ABS(T135-100),500) -> 500 | V135: =IFERROR(O135*100/I135,"-") -> 96.774194 | W135: =IFERROR(ABS(V135-100),500) -> 3.2258065 | X135: =IFERROR(P135*100/J135,"-") -> 45.833333 | Y135: =IFERROR(ABS(X135-100),500) -> 54.166667 | Z135: =IFERROR(Q135*100/K135,"-") -> 82.55814 | AA135: =IFERROR(R135*100/L135,"-") -> 797.8527 | AB135: =IFERROR(ABS(AA135-100),500) -> 697.8527 | AC135: =IFERROR(S135*100/M135,"-") -> 499.64511 | AD135: =IFERROR(ABS(AC135-100),500) -> 399.64511
A136: تعداد پرسنل شرکت اصلی | E136: =SUM(B136:D136) -> 0 | K136: =SUM(H136:J136) -> 0 | Q136: =SUM(N136:P136) -> 0 | T136: =IFERROR(N136*100/H136,"-") -> - | U136: =IFERROR(ABS(T136-100),500) -> 500 | V136: =IFERROR(O136*100/I136,"-") -> - | W136: =IFERROR(ABS(V136-100),500) -> 500 | X136: =IFERROR(P136*100/J136,"-") -> - | Y136: =IFERROR(ABS(X136-100),500) -> 500 | Z136: =IFERROR(Q136*100/K136,"-") -> - | AA136: =IFERROR(R136*100/L136,"-") -> - | AB136: =IFERROR(ABS(AA136-100),500) -> 500 | AC136: =IFERROR(S136*100/M136,"-") -> - | AD136: =IFERROR(ABS(AC136-100),500) -> 500
A138: توضیحات
A145: ="گزارش تعداد پرسنل و سرانه هزینه پرسنلی به تفکیک نوع قرارداد در دوره " & [1]روکش!$F$9 & " سال " & [1]روکش!$D$9&"- مجتمع خراسان/ شعبه "&AE145 -> گزارش تعداد پرسنل و سرانه هزینه پرسنلی به تفکیک نوع قرارداد در دوره شش ماهه سال 1405- مجتمع خراسان/ شعبه بجنورد | AE145: =[1]واردات!$AA$49 -> بجنورد
A146: شرح | B146: عملكرد دوره مشابه سال قبل | H146: بودجه دوره مورد رسیدگی سال جاری | N146: عملکرد دوره مورد رسیدگی سال جاری | T146: درصد تحقق بودجه
B147: رسمي | C147: موقت | D147: پرسنل پيمانكار | E147: جمع | F147: سرانه پرسنلی مستقیم | G147: سرانه پرسنلی پیمانکار | H147: رسمي | I147: موقت | J147: پرسنل پيمانكار | K147: جمع | L147: سرانه پرسنلی مستقیم | M147: سرانه پرسنلی پیمانکار | N147: رسمي | O147: موقت | P147: پرسنل پيمانكار | Q147: جمع | R147: سرانه پرسنلی مستقیم | S147: سرانه پرسنلی پیمانکار | T147: رسمي | V147: موقت | X147: پرسنل پيمانكار | Z147: جمع | AA147: سرانه پرسنلی مستقیم | AC147: سرانه پرسنلی پیمانکار
A148: متوسط تعداد پرسنل مستقیم توليد (نفر) | E148: =SUM(B148:D148) -> 0 | F148: =IF($A$1="صنایع شیر ایران",IFERROR(('[1]هزینه پرسنلی مستقیم تولید'!$B$31/(C148+B148+D148))/$AH$5,0),IFERROR(('[1]هزینه پرسنلی مستقیم تولید'!$B$31/(C148+B148))/$AH$5,0)) -> 0 | G148: =IFERROR((VLOOKUP($AH$6,'[1]هزینه سربار تولید'!$A:$F,2,FALSE)/(D148+D149))/$AH$5,0) -> 0 | H148: 0 | I148: 0 | J148: 0 | K148: =SUM(H148:J148) -> 0 | L148: =IF($A$1="صنایع شیر ایران",IFERROR(('[1]هزینه پرسنلی مستقیم تولید'!$C$31/(I148+H148+J148))/$AH$5,0),IFERROR(('[1]هزینه پرسنلی مستقیم تولید'!$C$31/(I148+H148))/$AH$5,0)) -> 0 | M148: =IFERROR((VLOOKUP($AH$6,'[1]هزینه سربار تولید'!$A:$F,3,FALSE)/(J148+J149))/$AH$5,0) -> 0 | Q148: =SUM(N148:P148) -> 0 | R148: =IF($A$1="صنایع شیر ایران",IFERROR(('[1]هزینه پرسنلی مستقیم تولید'!$D$31/(O148+N148+P148))/$AH$5,0),IFERROR(('[1]هزینه پرسنلی مستقیم تولید'!$D$31/(O148+N148))/$AH$5,0)) -> 0 | S148: =IFERROR((VLOOKUP($AH$6,'[1]هزینه سربار تولید'!$A:$F,4,FALSE)/(P148+P149))/$AH$5,0) -> 0 | T148: =IFERROR(N148*100/H148,"-") -> - | U148: =IFERROR(ABS(T148-100),500) -> 500 | V148: =IFERROR(O148*100/I148,"-") -> - | W148: =IFERROR(ABS(V148-100),500) -> 500 | X148: =IFERROR(P148*100/J148,"-") -> - | Y148: =IFERROR(ABS(X148-100),500) -> 500 | Z148: =IFERROR(Q148*100/K148,"-") -> - | AA148: =IFERROR(R148*100/L148,"-") -> - | AB148: =IFERROR(ABS(AA148-100),500) -> 500 | AC148: =IFERROR(S148*100/M148,"-") -> - | AD148: =IFERROR(ABS(AC148-100),500) -> 500
A149: متوسط تعداد پرسنل غیرمستقیم توليد (نفر) | E149: =SUM(B149:D149) -> 0 | F149: =IF($A$1="صنایع شیر ایران",IFERROR(('[1]هزینه پرسنلی غیرمستقیم تولید'!$B$31/(C149+B149+D149))/$AH$5,0),IFERROR(('[1]هزینه پرسنلی غیرمستقیم تولید'!$B$31/(C149+B149))/$AH$5,0)) -> 0 | H149: 0 | I149: 0 | J149: 0 | K149: =SUM(H149:J149) -> 0 | L149: =IF($A$1="صنایع شیر ایران",IFERROR(('[1]هزینه پرسنلی غیرمستقیم تولید'!$C$31/(I149+H149+J149))/$AH$5,0),IFERROR(('[1]هزینه پرسنلی غیرمستقیم تولید'!$C$31/(I149+H149))/$AH$5,0)) -> 0 | Q149: =SUM(N149:P149) -> 0 | R149: =IF($A$1="صنایع شیر ایران",IFERROR(('[1]هزینه پرسنلی غیرمستقیم تولید'!$D$31/(O149+N149+P149))/$AH$5,0),IFERROR(('[1]هزینه پرسنلی غیرمستقیم تولید'!$D$31/(O149+N149))/$AH$5,0)) -> 0 | T149: =IFERROR(N149*100/H149,"-") -> - | U149: =IFERROR(ABS(T149-100),500) -> 500 | V149: =IFERROR(O149*100/I149,"-") -> - | W149: =IFERROR(ABS(V149-100),500) -> 500 | X149: =IFERROR(P149*100/J149,"-") -> - | Y149: =IFERROR(ABS(X149-100),500) -> 500 | Z149: =IFERROR(Q149*100/K149,"-") -> - | AA149: =IFERROR(R149*100/L149,"-") -> - | AB149: =IFERROR(ABS(AA149-100),500) -> 500
A150: متوسط تعداد پرسنل مستقیم ارائه خدمات (نفر) | C150: 4 | D150: 0 | E150: =SUM(B150:D150) -> 4 | F150: =IFERROR(('هزینه پرسنلی مستقیم خدمات'!$B$31/(C150+B150))/$AH$5,0) -> 31625.417 | G150: =IFERROR((VLOOKUP($AH$6,'[1]هزینه سربار خدمات'!$A:$F,2,FALSE)/(D150+D151))/$AH$5,0) -> 0 | I150: 4 | J150: 0 | K150: =SUM(H150:J150) -> 4 | L150: =IFERROR(('هزینه پرسنلی مستقیم خدمات'!$C$31/(I150+H150))/$AH$5,0) -> 0 | M150: =IFERROR((VLOOKUP($AH$6,'[1]هزینه سربار خدمات'!$A:$F,3,FALSE)/(J150+J151))/$AH$5,0) -> 0 | O150: 4 | P150: 0 | Q150: =SUM(N150:P150) -> 4 | R150: =IFERROR(('هزینه پرسنلی مستقیم خدمات'!$D$31/(O150+N150))/$AH$5,0) -> 51751.875 | S150: =IFERROR((VLOOKUP($AH$6,'[1]هزینه سربار خدمات'!$A:$F,4,FALSE)/(P150+P151))/$AH$5,0) -> 0 | T150: =IFERROR(N150*100/H150,"-") -> - | U150: =IFERROR(ABS(T150-100),500) -> 500 | V150: =IFERROR(O150*100/I150,"-") -> 100 | W150: =IFERROR(ABS(V150-100),500) -> 0 | X150: =IFERROR(P150*100/J150,"-") -> - | Y150: =IFERROR(ABS(X150-100),500) -> 500 | Z150: =IFERROR(Q150*100/K150,"-") -> 100 | AA150: =IFERROR(R150*100/L150,"-") -> - | AB150: =IFERROR(ABS(AA150-100),500) -> 500 | AC150: =IFERROR(S150*100/M150,"-") -> - | AD150: =IFERROR(ABS(AC150-100),500) -> 500
A151: متوسط تعداد پرسنل غیرمستقیم خدمات (نفر) | E151: =SUM(B151:D151) -> 0 | F151: =IFERROR(('[1]هزینه پرسنلی غیرمستقیم خدمات'!$B$31/(C151+B151))/$AH$5,0) -> 0 | K151: =SUM(H151:J151) -> 0 | L151: =IFERROR(('[1]هزینه پرسنلی غیرمستقیم خدمات'!$C$31/(I151+H151))/$AH$5,0) -> 0 | Q151: =SUM(N151:P151) -> 0 | R151: =IFERROR(('[1]هزینه پرسنلی غیرمستقیم خدمات'!$D$31/(O151+N151))/$AH$5,0) -> 0 | T151: =IFERROR(N151*100/H151,"-") -> - | U151: =IFERROR(ABS(T151-100),500) -> 500 | V151: =IFERROR(O151*100/I151,"-") -> - | W151: =IFERROR(ABS(V151-100),500) -> 500 | X151: =IFERROR(P151*100/J151,"-") -> - | Y151: =IFERROR(ABS(X151-100),500) -> 500 | Z151: =IFERROR(Q151*100/K151,"-") -> - | AA151: =IFERROR(R151*100/L151,"-") -> - | AB151: =IFERROR(ABS(AA151-100),500) -> 500
A152: متوسط تعداد پرسنل اداري، تشكيلاتي و فروش (نفر) | C152: 0 | D152: 0 | E152: =SUM(B152:D152) -> 0 | F152: =IF($A$1="صنایع شیر ایران",IFERROR(('[1]هزینه اداری عمومی'!$B$26/(C152+B152+D152))/$AH$5,0),IFERROR(('[1]هزینه اداری عمومی'!$B$26/(C152+B152))/$AH$5,0)) -> 0 | G152: =IFERROR((VLOOKUP($AH$6,'[1]هزینه اداری عمومی'!$A:$F,2,FALSE)/D152)/$AH$5,0) -> 0 | I152: 0 | J152: 0 | K152: =SUM(H152:J152) -> 0 | L152: =IF($A$1="صنایع شیر ایران",IFERROR(('[1]هزینه اداری عمومی'!$C$26/(I152+H152+J152))/$AH$5,0),IFERROR(('[1]هزینه اداری عمومی'!$C$26/(I152+H152))/$AH$5,0)) -> 0 | M152: =IFERROR((VLOOKUP($AH$6,'[1]هزینه اداری عمومی'!$A:$F,3,FALSE)/J152)/$AH$5,0) -> 0 | O152: 0 | P152: 0 | Q152: =SUM(N152:P152) -> 0 | R152: =IF($A$1="صنایع شیر ایران",IFERROR(('[1]هزینه اداری عمومی'!$D$26/(O152+N152+P152))/$AH$5,0),IFERROR(('[1]هزینه اداری عمومی'!$D$26/(O152+N152))/$AH$5,0)) -> 0 | S152: =IFERROR((VLOOKUP($AH$6,'[1]هزینه اداری عمومی'!$A:$F,4,FALSE)/P152)/$AH$5,0) -> 0 | T152: =IFERROR(N152*100/H152,"-") -> - | U152: =IFERROR(ABS(T152-100),500) -> 500 | V152: =IFERROR(O152*100/I152,"-") -> - | W152: =IFERROR(ABS(V152-100),500) -> 500 | X152: =IFERROR(P152*100/J152,"-") -> - | Y152: =IFERROR(ABS(X152-100),500) -> 500 | Z152: =IFERROR(Q152*100/K152,"-") -> - | AA152: =IFERROR(R152*100/L152,"-") -> - | AB152: =IFERROR(ABS(AA152-100),500) -> 500 | AC152: =IFERROR(S152*100/M152,"-") -> - | AD152: =IFERROR(ABS(AC152-100),500) -> 500
A153: جمع (گروه) | B153: =SUM(B148:B152) -> 0 | C153: =SUM(C148:C152) -> 4 | D153: =SUM(D148:D152) -> 0 | E153: =SUM(E148:E152) -> 4 | F153: =IF($A$1="صنایع شیر ایران",IFERROR(((SUM(F149*(C149+B149+D149),F152*(C152+B152+D152),F148*(C148+B148+D148)))/(C153+B153+D153)),0),IFERROR(((SUM(F149*(C149+B149),F150*(C150+B150),F151*(C151+B151),F152*(C152+B152),F148*(C148+B148)))/(C153+B153)),0)) -> 31625.417 | G153: =IFERROR((G148*(D149+D148)+G150*(D151+D150)+G152*D152)/(D153),0) -> 0 | H153: =SUM(H148:H152) -> 0 | I153: =SUM(I148:I152) -> 4 | J153: =SUM(J148:J152) -> 0 | K153: =SUM(K148:K152) -> 4 | L153: =IF($A$1="صنایع شیر ایران",IFERROR(((SUM(L149*(I149+H149+J149),L152*(I152+H152+J152),L148*(I148+H148+J148)))/(I153+H153+J153)),0),IFERROR(((SUM(L149*(I149+H149),L150*(I150+H150),L151*(I151+H151),L152*(I152+H152),L148*(I148+H148)))/(I153+H153)),0)) -> 0 | M153: =IFERROR((M148*(J149+J148)+M150*(J151+J150)+M152*J152)/(J153),0) -> 0 | N153: =SUM(N148:N152) -> 0 | O153: =SUM(O148:O152) -> 4 | P153: =SUM(P148:P152) -> 0 | Q153: =SUM(Q148:Q152) -> 4 | R153: =IF($A$1="صنایع شیر ایران",IFERROR(((SUM(R149*(O149+N149+P149),R152*(O152+N152+P152),R148*(O148+N148+P148)))/(O153+N153+P153)),0),IFERROR(((SUM(R149*(O149+N149),R150*(O150+N150),R151*(O151+N151),R152*(O152+N152),R148*(O148+N148)))/(O153+N153)),0)) -> 51751.875 | S153: =IFERROR((S148*(P149+P148)+S150*(P151+P150)+S152*P152)/(P153),0) -> 0 | T153: =IFERROR(N153*100/H153,"-") -> - | U153: =IFERROR(ABS(T153-100),500) -> 500 | V153: =IFERROR(O153*100/I153,"-") -> 100 | W153: =IFERROR(ABS(V153-100),500) -> 0 | X153: =IFERROR(P153*100/J153,"-") -> - | Y153: =IFERROR(ABS(X153-100),500) -> 500 | Z153: =IFERROR(Q153*100/K153,"-") -> 100 | AA153: =IFERROR(R153*100/L153,"-") -> - | AB153: =IFERROR(ABS(AA153-100),500) -> 500 | AC153: =IFERROR(S153*100/M153,"-") -> - | AD153: =IFERROR(ABS(AC153-100),500) -> 500
A154: تعداد پرسنل شرکت اصلی | E154: =SUM(B154:D154) -> 0 | K154: =SUM(H154:J154) -> 0 | Q154: =SUM(N154:P154) -> 0 | T154: =IFERROR(N154*100/H154,"-") -> - | U154: =IFERROR(ABS(T154-100),500) -> 500 | V154: =IFERROR(O154*100/I154,"-") -> - | W154: =IFERROR(ABS(V154-100),500) -> 500 | X154: =IFERROR(P154*100/J154,"-") -> - | Y154: =IFERROR(ABS(X154-100),500) -> 500 | Z154: =IFERROR(Q154*100/K154,"-") -> - | AA154: =IFERROR(R154*100/L154,"-") -> - | AB154: =IFERROR(ABS(AA154-100),500) -> 500 | AC154: =IFERROR(S154*100/M154,"-") -> - | AD154: =IFERROR(ABS(AC154-100),500) -> 500
A156: توضیحات
A163: ="گزارش تعداد پرسنل و سرانه هزینه پرسنلی به تفکیک نوع قرارداد در دوره " & [1]روکش!$F$9 & " سال " & [1]روکش!$D$9&"- مجتمع خراسان/ شعبه "&AE163 -> گزارش تعداد پرسنل و سرانه هزینه پرسنلی به تفکیک نوع قرارداد در دوره شش ماهه سال 1405- مجتمع خراسان/ شعبه بیرجند | AE163: =[1]واردات!$AA$50 -> بیرجند
...

Sheet هزینه پرسنلی مستقیم خدمات
A1: =[1]روکش!D4 -> انبارهای عمومی و خدمات گمرکی ایران
A2: ="صورت ريز هزينه‌هاي پرسنلي مستقیم ارائه خدمات در دوره " & [1]روکش!F9 & " سال " & [1]روکش!D9 -> صورت ريز هزينه‌هاي پرسنلي مستقیم ارائه خدمات در دوره شش ماهه سال 1405
F3: مبالغ به میلیون ریال
A4: شرح | B4: عملكرد دوره مشابه سال قبل | C4: دوره مورد رسیدگی سال جاری
C5: بودجه | D5: عملکرد | E5: درصد اختلاف با دوره مشابه سال قبل | F5: درصد تحقق بودجه | I5: انحراف | L5: کمکی صفحه بندی
A6: =IF(ROW()-ROW($A$6)<'[1]الف-ب-ج'!$L$9,INDIRECT("BudgetDB!DN"&('[1]الف-ب-ج'!$M$9+ROW()-ROW($A$6))),"") -> #REF! | B6: 140765 | C6: 245350 | D6: 226961 | E6: =IFERROR((D6-B6)*100/B6,"-") -> 61.233972 | F6: =IFERROR(D6*100/C6,"-") -> 92.504993 | G6: =IFERROR(ABS(F6-100),500) -> 7.4950071 | I6: =IF(AND(C6=0,D6>0),100,IFERROR(ABS(F6-100),"-")) -> 7.4950071 | L6: =IFERROR(B6+C6+D6,0) -> 613076 | M6: =AND(COUNTIF($A6,"*سایر*")=1,$B6/$B$31>0.2) -> FALSE | N6: =AND(COUNTIF($A6,"*سایر*")=1,$D6/$D$31>0.2) -> FALSE
A7: =IF(ROW()-ROW($A$6)<'[1]الف-ب-ج'!$L$9,INDIRECT("BudgetDB!DN"&('[1]الف-ب-ج'!$M$9+ROW()-ROW($A$6))),"") -> #REF! | B7: 81506 | C7: 109679 | D7: 143774 | E7: =IFERROR((D7-B7)*100/B7,"-") -> 76.39683 | F7: =IFERROR(D7*100/C7,"-") -> 131.08617 | G7: =IFERROR(ABS(F7-100),500) -> 31.08617 | I7: =IF(AND(C7=0,D7>0),100,IFERROR(ABS(F7-100),"-")) -> 31.08617 | L7: =IFERROR(B7+C7+D7,0) -> 334959 | M7: =AND(COUNTIF($A7,"*سایر*")=1,$B7/$B$31>0.2) -> FALSE | N7: =AND(COUNTIF($A7,"*سایر*")=1,$D7/$D$31>0.2) -> FALSE
A8: =IF(ROW()-ROW($A$6)<'[1]الف-ب-ج'!$L$9,INDIRECT("BudgetDB!DN"&('[1]الف-ب-ج'!$M$9+ROW()-ROW($A$6))),"") -> #REF! | B8: 91365 | C8: 161384 | D8: 36713 | E8: =IFERROR((D8-B8)*100/B8,"-") -> -59.817217 | F8: =IFERROR(D8*100/C8,"-") -> 22.748847 | G8: =IFERROR(ABS(F8-100),500) -> 77.251153 | I8: =IF(AND(C8=0,D8>0),100,IFERROR(ABS(F8-100),"-")) -> 77.251153 | L8: =IFERROR(B8+C8+D8,0) -> 289462 | M8: =AND(COUNTIF($A8,"*سایر*")=1,$B8/$B$31>0.2) -> FALSE | N8: =AND(COUNTIF($A8,"*سایر*")=1,$D8/$D$31>0.2) -> FALSE
A9: =IF(ROW()-ROW($A$6)<'[1]الف-ب-ج'!$L$9,INDIRECT("BudgetDB!DN"&('[1]الف-ب-ج'!$M$9+ROW()-ROW($A$6))),"") -> #REF! | B9: 99616 | C9: 194485 | D9: 288045 | E9: =IFERROR((D9-B9)*100/B9,"-") -> 189.15536 | F9: =IFERROR(D9*100/C9,"-") -> 148.10654 | G9: =IFERROR(ABS(F9-100),500) -> 48.106538 | I9: =IF(AND(C9=0,D9>0),100,IFERROR(ABS(F9-100),"-")) -> 48.106538 | L9: =IFERROR(B9+C9+D9,0) -> 582146 | M9: =AND(COUNTIF($A9,"*سایر*")=1,$B9/$B$31>0.2) -> FALSE | N9: =AND(COUNTIF($A9,"*سایر*")=1,$D9/$D$31>0.2) -> FALSE
A10: =IF(ROW()-ROW($A$6)<'[1]الف-ب-ج'!$L$9,INDIRECT("BudgetDB!DN"&('[1]الف-ب-ج'!$M$9+ROW()-ROW($A$6))),"") -> #REF! | B10: 109320 | C10: 122442 | D10: 137188 | E10: =IFERROR((D10-B10)*100/B10,"-") -> 25.492133 | F10: =IFERROR(D10*100/C10,"-") -> 112.04325 | G10: =IFERROR(ABS(F10-100),500) -> 12.043253 | I10: =IF(AND(C10=0,D10>0),100,IFERROR(ABS(F10-100),"-")) -> 12.043253 | L10: =IFERROR(B10+C10+D10,0) -> 368950 | M10: =AND(COUNTIF($A10,"*سایر*")=1,$B10/$B$31>0.2) -> FALSE | N10: =AND(COUNTIF($A10,"*سایر*")=1,$D10/$D$31>0.2) -> FALSE
A11: =IF(ROW()-ROW($A$6)<'[1]الف-ب-ج'!$L$9,INDIRECT("BudgetDB!DN"&('[1]الف-ب-ج'!$M$9+ROW()-ROW($A$6))),"") -> #REF! | B11: 21272 | C11: 55985 | D11: 50965 | E11: =IFERROR((D11-B11)*100/B11,"-") -> 139.58725 | F11: =IFERROR(D11*100/C11,"-") -> 91.033312 | G11: =IFERROR(ABS(F11-100),500) -> 8.9666875 | I11: =IF(AND(C11=0,D11>0),100,IFERROR(ABS(F11-100),"-")) -> 8.9666875 | L11: =IFERROR(B11+C11+D11,0) -> 128222 | M11: =AND(COUNTIF($A11,"*سایر*")=1,$B11/$B$31>0.2) -> FALSE | N11: =AND(COUNTIF($A11,"*سایر*")=1,$D11/$D$31>0.2) -> FALSE
A12: =IF(ROW()-ROW($A$6)<'[1]الف-ب-ج'!$L$9,INDIRECT("BudgetDB!DN"&('[1]الف-ب-ج'!$M$9+ROW()-ROW($A$6))),"") -> #REF! | B12: 6943 | C12: 8985 | D12: 8602 | E12: =IFERROR((D12-B12)*100/B12,"-") -> 23.89457 | F12: =IFERROR(D12*100/C12,"-") -> 95.73734 | G12: =IFERROR(ABS(F12-100),500) -> 4.26266 | I12: =IF(AND(C12=0,D12>0),100,IFERROR(ABS(F12-100),"-")) -> 4.26266 | L12: =IFERROR(B12+C12+D12,0) -> 24530 | M12: =AND(COUNTIF($A12,"*سایر*")=1,$B12/$B$31>0.2) -> FALSE | N12: =AND(COUNTIF($A12,"*سایر*")=1,$D12/$D$31>0.2) -> FALSE
A13: =IF(ROW()-ROW($A$6)<'[1]الف-ب-ج'!$L$9,INDIRECT("BudgetDB!DN"&('[1]الف-ب-ج'!$M$9+ROW()-ROW($A$6))),"") -> #REF! | B13: 5876 | C13: 7772 | D13: 8677 | E13: =IFERROR((D13-B13)*100/B13,"-") -> 47.668482 | F13: =IFERROR(D13*100/C13,"-") -> 111.64436 | G13: =IFERROR(ABS(F13-100),500) -> 11.644364 | I13: =IF(AND(C13=0,D13>0),100,IFERROR(ABS(F13-100),"-")) -> 11.644364 | L13: =IFERROR(B13+C13+D13,0) -> 22325 | M13: =AND(COUNTIF($A13,"*سایر*")=1,$B13/$B$31>0.2) -> FALSE | N13: =AND(COUNTIF($A13,"*سایر*")=1,$D13/$D$31>0.2) -> FALSE
A14: =IF(ROW()-ROW($A$6)<'[1]الف-ب-ج'!$L$9,INDIRECT("BudgetDB!DN"&('[1]الف-ب-ج'!$M$9+ROW()-ROW($A$6))),"") -> #REF! | B14: 43098 | C14: 38788 | D14: 96757 | E14: =IFERROR((D14-B14)*100/B14,"-") -> 124.50462 | F14: =IFERROR(D14*100/C14,"-") -> 249.45086 | G14: =IFERROR(ABS(F14-100),500) -> 149.45086 | I14: =IF(AND(C14=0,D14>0),100,IFERROR(ABS(F14-100),"-")) -> 149.45086 | L14: =IFERROR(B14+C14+D14,0) -> 178643 | M14: =AND(COUNTIF($A14,"*سایر*")=1,$B14/$B$31>0.2) -> FALSE | N14: =AND(COUNTIF($A14,"*سایر*")=1,$D14/$D$31>0.2) -> FALSE
A15: =IF(ROW()-ROW($A$6)<'[1]الف-ب-ج'!$L$9,INDIRECT("BudgetDB!DN"&('[1]الف-ب-ج'!$M$9+ROW()-ROW($A$6))),"") -> #REF! | B15: 26 | C15: 23 | E15: =IFERROR((D15-B15)*100/B15,"-") -> -100 | F15: =IFERROR(D15*100/C15,"-") -> 0 | G15: =IFERROR(ABS(F15-100),500) -> 100 | I15: =IF(AND(C15=0,D15>0),100,IFERROR(ABS(F15-100),"-")) -> 100 | L15: =IFERROR(B15+C15+D15,0) -> 49 | M15: =AND(COUNTIF($A15,"*سایر*")=1,$B15/$B$31>0.2) -> FALSE | N15: =AND(COUNTIF($A15,"*سایر*")=1,$D15/$D$31>0.2) -> FALSE
A16: =IF(ROW()-ROW($A$6)<'[1]الف-ب-ج'!$L$9,INDIRECT("BudgetDB!DN"&('[1]الف-ب-ج'!$M$9+ROW()-ROW($A$6))),"") -> #REF! | B16: 58611 | C16: 78298 | D16: 92436 | E16: =IFERROR((D16-B16)*100/B16,"-") -> 57.71101 | F16: =IFERROR(D16*100/C16,"-") -> 118.05666 | G16: =IFERROR(ABS(F16-100),500) -> 18.056655 | I16: =IF(AND(C16=0,D16>0),100,IFERROR(ABS(F16-100),"-")) -> 18.056655 | L16: =IFERROR(B16+C16+D16,0) -> 229345 | M16: =AND(COUNTIF($A16,"*سایر*")=1,$B16/$B$31>0.2) -> FALSE | N16: =AND(COUNTIF($A16,"*سایر*")=1,$D16/$D$31>0.2) -> FALSE
A17: =IF(ROW()-ROW($A$6)<'[1]الف-ب-ج'!$L$9,INDIRECT("BudgetDB!DN"&('[1]الف-ب-ج'!$M$9+ROW()-ROW($A$6))),"") -> #REF! | B17: 3464 | C17: 5158 | D17: 5660 | E17: =IFERROR((D17-B17)*100/B17,"-") -> 63.394919 | F17: =IFERROR(D17*100/C17,"-") -> 109.73245 | G17: =IFERROR(ABS(F17-100),500) -> 9.7324544 | I17: =IF(AND(C17=0,D17>0),100,IFERROR(ABS(F17-100),"-")) -> 9.7324544 | L17: =IFERROR(B17+C17+D17,0) -> 14282 | M17: =AND(COUNTIF($A17,"*سایر*")=1,$B17/$B$31>0.2) -> FALSE | N17: =AND(COUNTIF($A17,"*سایر*")=1,$D17/$D$31>0.2) -> FALSE
A18: =IF(ROW()-ROW($A$6)<'[1]الف-ب-ج'!$L$9,INDIRECT("BudgetDB!DN"&('[1]الف-ب-ج'!$M$9+ROW()-ROW($A$6))),"") -> #REF! | C18: 167 | E18: =IFERROR((D18-B18)*100/B18,"-") -> - | F18: =IFERROR(D18*100/C18,"-") -> 0 | G18: =IFERROR(ABS(F18-100),500) -> 100 | I18: =IF(AND(C18=0,D18>0),100,IFERROR(ABS(F18-100),"-")) -> 100 | L18: =IFERROR(B18+C18+D18,0) -> 167 | M18: =AND(COUNTIF($A18,"*سایر*")=1,$B18/$B$31>0.2) -> FALSE | N18: =AND(COUNTIF($A18,"*سایر*")=1,$D18/$D$31>0.2) -> FALSE
A19: =IF(ROW()-ROW($A$6)<'[1]الف-ب-ج'!$L$9,INDIRECT("BudgetDB!DN"&('[1]الف-ب-ج'!$M$9+ROW()-ROW($A$6))),"") -> #REF! | B19: 53441 | C19: 0 | D19: 31944 | E19: =IFERROR((D19-B19)*100/B19,"-") -> -40.225669 | F19: =IFERROR(D19*100/C19,"-") -> - | G19: =IFERROR(ABS(F19-100),500) -> 500 | I19: =IF(AND(C19=0,D19>0),100,IFERROR(ABS(F19-100),"-")) -> 100 | L19: =IFERROR(B19+C19+D19,0) -> 85385 | M19: =AND(COUNTIF($A19,"*سایر*")=1,$B19/$B$31>0.2) -> FALSE | N19: =AND(COUNTIF($A19,"*سایر*")=1,$D19/$D$31>0.2) -> FALSE
A20: =IF(ROW()-ROW($A$6)<'[1]الف-ب-ج'!$L$9,INDIRECT("BudgetDB!DN"&('[1]الف-ب-ج'!$M$9+ROW()-ROW($A$6))),"") -> #REF! | B20: 1887 | C20: 9445 | D20: 5536 | E20: =IFERROR((D20-B20)*100/B20,"-") -> 193.37573 | F20: =IFERROR(D20*100/C20,"-") -> 58.613023 | G20: =IFERROR(ABS(F20-100),500) -> 41.386977 | I20: =IF(AND(C20=0,D20>0),100,IFERROR(ABS(F20-100),"-")) -> 41.386977 | L20: =IFERROR(B20+C20+D20,0) -> 16868 | M20: =AND(COUNTIF($A20,"*سایر*")=1,$B20/$B$31>0.2) -> FALSE | N20: =AND(COUNTIF($A20,"*سایر*")=1,$D20/$D$31>0.2) -> FALSE
A21: =IF(ROW()-ROW($A$6)<'[1]الف-ب-ج'!$L$9,INDIRECT("BudgetDB!DN"&('[1]الف-ب-ج'!$M$9+ROW()-ROW($A$6))),"") -> #REF! | B21: 12545 | C21: 40747 | D21: 6532 | E21: =IFERROR((D21-B21)*100/B21,"-") -> -47.931447 | F21: =IFERROR(D21*100/C21,"-") -> 16.030628 | G21: =IFERROR(ABS(F21-100),500) -> 83.969372 | I21: =IF(AND(C21=0,D21>0),100,IFERROR(ABS(F21-100),"-")) -> 83.969372 | L21: =IFERROR(B21+C21+D21,0) -> 59824 | M21: =AND(COUNTIF($A21,"*سایر*")=1,$B21/$B$31>0.2) -> FALSE | N21: =AND(COUNTIF($A21,"*سایر*")=1,$D21/$D$31>0.2) -> FALSE
A22: =IF(ROW()-ROW($A$6)<'[1]الف-ب-ج'!$L$9,INDIRECT("BudgetDB!DN"&('[1]الف-ب-ج'!$M$9+ROW()-ROW($A$6))),"") -> #REF! | C22: 548 | D22: 40 | E22: =IFERROR((D22-B22)*100/B22,"-") -> - | F22: =IFERROR(D22*100/C22,"-") -> 7.2992701 | G22: =IFERROR(ABS(F22-100),500) -> 92.70073 | I22: =IF(AND(C22=0,D22>0),100,IFERROR(ABS(F22-100),"-")) -> 92.70073 | L22: =IFERROR(B22+C22+D22,0) -> 588 | M22: =AND(COUNTIF($A22,"*سایر*")=1,$B22/$B$31>0.2) -> FALSE | N22: =AND(COUNTIF($A22,"*سایر*")=1,$D22/$D$31>0.2) -> FALSE
A23: =IF(ROW()-ROW($A$6)<'[1]الف-ب-ج'!$L$9,INDIRECT("BudgetDB!DN"&('[1]الف-ب-ج'!$M$9+ROW()-ROW($A$6))),"") -> #REF! | B23: 20377 | C23: 0 | D23: 20630 | E23: =IFERROR((D23-B23)*100/B23,"-") -> 1.2415959 | F23: =IFERROR(D23*100/C23,"-") -> - | G23: =IFERROR(ABS(F23-100),500) -> 500 | I23: =IF(AND(C23=0,D23>0),100,IFERROR(ABS(F23-100),"-")) -> 100 | L23: =IFERROR(B23+C23+D23,0) -> 41007 | M23: =AND(COUNTIF($A23,"*سایر*")=1,$B23/$B$31>0.2) -> FALSE | N23: =AND(COUNTIF($A23,"*سایر*")=1,$D23/$D$31>0.2) -> FALSE
A24: هزینه پس انداز صندوق پس انداز | B24: 7214 | C24: 9759 | D24: 11633 | E24: =IFERROR((D24-B24)*100/B24,"-") -> 61.255891 | F24: =IFERROR(D24*100/C24,"-") -> 119.20279 | G24: =IFERROR(ABS(F24-100),500) -> 19.202787 | I24: =IF(AND(C24=0,D24>0),100,IFERROR(ABS(F24-100),"-")) -> 19.202787 | L24: =IFERROR(B24+C24+D24,0) -> 28606 | M24: =AND(COUNTIF($A24,"*سایر*")=1,$B24/$B$31>0.2) -> FALSE | N24: =AND(COUNTIF($A24,"*سایر*")=1,$D24/$D$31>0.2) -> FALSE
A25: سایر | B25: 1684 | C25: 77343 | D25: 69952 | E25: =IFERROR((D25-B25)*100/B25,"-") -> 4053.9192 | F25: =IFERROR(D25*100/C25,"-") -> 90.443867 | G25: =IFERROR(ABS(F25-100),500) -> 9.5561331 | I25: =IF(AND(C25=0,D25>0),100,IFERROR(ABS(F25-100),"-")) -> 9.5561331 | L25: =IFERROR(B25+C25+D25,0) -> 148979 | M25: =AND(COUNTIF($A25,"*سایر*")=1,$B25/$B$31>0.2) -> FALSE | N25: =AND(COUNTIF($A25,"*سایر*")=1,$D25/$D$31>0.2) -> FALSE
C26: 0 | E26: =IFERROR((D26-B26)*100/B26,"-") -> - | F26: =IFERROR(D26*100/C26,"-") -> - | G26: =IFERROR(ABS(F26-100),500) -> 500 | I26: =IF(AND(C26=0,D26>0),100,IFERROR(ABS(F26-100),"-")) -> - | L26: =IFERROR(B26+C26+D26,0) -> 0 | M26: =AND(COUNTIF($A26,"*سایر*")=1,$B26/$B$31>0.2) -> FALSE | N26: =AND(COUNTIF($A26,"*سایر*")=1,$D26/$D$31>0.2) -> FALSE
C27: {=IF(ROW()-ROW($A$6)<'[2]الف-ب-ج'!$L$9,IF([2]روکش!$F$9="سه ماهه",INDIRECT("BudgetDB!DO"&('[2]الف-ب-ج'!$M$9+ROW()-ROW($A$6))),INDIRECT("BudgetDB!DP"&('[2]الف-ب-ج'!$M$9+ROW()-ROW($A$6)))),"")} -> #REF! | E27: =IFERROR((D27-B27)*100/B27,"-") -> - | F27: =IFERROR(D27*100/C27,"-") -> - | G27: =IFERROR(ABS(F27-100),500) -> 500 | I27: =IF(AND(C27=0,D27>0),100,IFERROR(ABS(F27-100),"-")) -> #REF! | L27: =IFERROR(B27+C27+D27,0) -> 0 | M27: =AND(COUNTIF($A27,"*سایر*")=1,$B27/$B$31>0.2) -> FALSE | N27: =AND(COUNTIF($A27,"*سایر*")=1,$D27/$D$31>0.2) -> FALSE
A28: =IF(ROW()-ROW($A$6)<'[1]الف-ب-ج'!$L$9,INDIRECT("BudgetDB!DN"&('[1]الف-ب-ج'!$M$9+ROW()-ROW($A$6))),"") -> #REF! | C28: {=IF(ROW()-ROW($A$6)<'[2]الف-ب-ج'!$L$9,IF([2]روکش!$F$9="سه ماهه",INDIRECT("BudgetDB!DO"&('[2]الف-ب-ج'!$M$9+ROW()-ROW($A$6))),INDIRECT("BudgetDB!DP"&('[2]الف-ب-ج'!$M$9+ROW()-ROW($A$6)))),"")} -> #REF! | E28: =IFERROR((D28-B28)*100/B28,"-") -> - | F28: =IFERROR(D28*100/C28,"-") -> - | G28: =IFERROR(ABS(F28-100),500) -> 500 | I28: =IF(AND(C28=0,D28>0),100,IFERROR(ABS(F28-100),"-")) -> #REF! | L28: =IFERROR(B28+C28+D28,0) -> 0 | M28: =AND(COUNTIF($A28,"*سایر*")=1,$B28/$B$31>0.2) -> FALSE | N28: =AND(COUNTIF($A28,"*سایر*")=1,$D28/$D$31>0.2) -> FALSE
A29: =IF(ROW()-ROW($A$6)<'[1]الف-ب-ج'!$L$9,INDIRECT("BudgetDB!DN"&('[1]الف-ب-ج'!$M$9+ROW()-ROW($A$6))),"") -> #REF! | C29: {=IF(ROW()-ROW($A$6)<'[2]الف-ب-ج'!$L$9,IF([2]روکش!$F$9="سه ماهه",INDIRECT("BudgetDB!DO"&('[2]الف-ب-ج'!$M$9+ROW()-ROW($A$6))),INDIRECT("BudgetDB!DP"&('[2]الف-ب-ج'!$M$9+ROW()-ROW($A$6)))),"")} -> #REF! | E29: =IFERROR((D29-B29)*100/B29,"-") -> - | F29: =IFERROR(D29*100/C29,"-") -> - | G29: =IFERROR(ABS(F29-100),500) -> 500 | I29: =IF(AND(C29=0,D29>0),100,IFERROR(ABS(F29-100),"-")) -> #REF! | L29: =IFERROR(B29+C29+D29,0) -> 0 | M29: =AND(COUNTIF($A29,"*سایر*")=1,$B29/$B$31>0.2) -> FALSE | N29: =AND(COUNTIF($A29,"*سایر*")=1,$D29/$D$31>0.2) -> FALSE
A30: =IF(ROW()-ROW($A$6)<'[1]الف-ب-ج'!$L$9,INDIRECT("BudgetDB!DN"&('[1]الف-ب-ج'!$M$9+ROW()-ROW($A$6))),"") -> #REF! | C30: {=IF(ROW()-ROW($A$6)<'[2]الف-ب-ج'!$L$9,IF([2]روکش!$F$9="سه ماهه",INDIRECT("BudgetDB!DO"&('[2]الف-ب-ج'!$M$9+ROW()-ROW($A$6))),INDIRECT("BudgetDB!DP"&('[2]الف-ب-ج'!$M$9+ROW()-ROW($A$6)))),"")} -> #REF! | E30: =IFERROR((D30-B30)*100/B30,"-") -> - | F30: =IFERROR(D30*100/C30,"-") -> - | G30: =IFERROR(ABS(F30-100),500) -> 500 | I30: =IF(AND(C30=0,D30>0),100,IFERROR(ABS(F30-100),"-")) -> #REF! | L30: =IFERROR(B30+C30+D30,0) -> 0 | M30: =AND(COUNTIF($A30,"*سایر*")=1,$B30/$B$31>0.2) -> FALSE | N30: =AND(COUNTIF($A30,"*سایر*")=1,$D30/$D$31>0.2) -> FALSE
