Workbook

Sheet تجمیعی
B2: تجمیعی مجتمع خراسان | J2: فرودگاه هاشمی نژاد
B3: ماه | C3: تخلیه | D3: بارگیری | E3: حمل یکسره | F3: ترانشیپمنت | G3: رسوب | H3: جمع عملیاتی | J3: ماه | K3: تخلیه | L3: بارگیری | M3: حمل یکسره | N3: ترانشیپمنت | O3: رسوب | P3: جمع عملیاتی | S3: رسوب محاسبه شده
B4: فروردین | C4: =IF(SUM(K4,C20,K20,C36,K36,C52,K52,C68,K68,C84)=0,"",SUM(K4,C20,K20,C36,K36,C52,K52,C68,K68,C84,K84)) -> 19240 | D4: =IF(SUM(L4,D20,L20,D36,L36,D52,L52,D68,L68,D84)=0,"",SUM(L4,D20,L20,D36,L36,D52,L52,D68,L68,D84,L84)) -> 22149 | E4: =IF(SUM(M4,E20,M20,E36,M36,E52,M52,E68,M68,E84)=0,"",SUM(M4,E20,M20,E36,M36,E52,M52,E68,M68,E84,M84)) -> 407 | F4: =IF(SUM(N4,F20,N20,F36,N36,F52,N52,F68,N68,F84)=0,"",SUM(N4,F20,N20,F36,N36,F52,N52,F68,N68,F84,N84)) -> 126204 | G4: =IF(SUM(O4,G20,O20,G36,O36,G52,O52,G68,O68,G84)=0,"",SUM(O4,G20,O20,G36,O36,G52,O52,G68,O68,G84,O84)) -> 30660 | H4: =SUM(C4:F4) -> 168000 | J4: فروردین | P4: =SUM(K4:N4) -> 0 | S4: =IF(SUM(G4)=0,"",IFERROR(G4,"")) -> 30660 | T4: =IFERROR(S4-G4,"") -> 0 | U4: =IF(SUM(O4)=0,"",IFERROR(O4,"")) | V4: =IFERROR(U4-O4,"")
B5: اردیبهشت | C5: =IF(SUM(K5,C21,K21,C37,K37,C53,K53,C69,K69,C85)=0,"",SUM(K5,C21,K21,C37,K37,C53,K53,C69,K69,C85,K85)) -> 21048 | D5: =IF(SUM(L5,D21,L21,D37,L37,D53,L53,D69,L69,D85)=0,"",SUM(L5,D21,L21,D37,L37,D53,L53,D69,L69,D85,L85)) -> 22533 | E5: =IF(SUM(M5,E21,M21,E37,M37,E53,M53,E69,M69,E85)=0,"",SUM(M5,E21,M21,E37,M37,E53,M53,E69,M69,E85,M85)) -> 657 | F5: =IF(SUM(N5,F21,N21,F37,N37,F53,N53,F69,N69,F85)=0,"",SUM(N5,F21,N21,F37,N37,F53,N53,F69,N69,F85,N85)) -> 138956 | G5: =IF(SUM(O5,G21,O21,G37,O37,G53,O53,G69,O69,G85)=0,"",SUM(O5,G21,O21,G37,O37,G53,O53,G69,O69,G85,O85)) -> 31020 | H5: =SUM(C5:F5) -> 183194 | J5: اردیبهشت | K5: =IFERROR(IF(SUM(واردات!K5,صادرات!K5)=0,"",SUM(واردات!K5,صادرات!K5)),"") | L5: =IFERROR(IF(SUM(واردات!L5,صادرات!L5)=0,"",SUM(واردات!L5,صادرات!L5)),"") | M5: =IFERROR(IF(SUM(واردات!M5,صادرات!M5)=0,"",SUM(واردات!M5,صادرات!M5)),"") | N5: =IFERROR(IF(SUM(واردات!N5,صادرات!N5)=0,"",SUM(واردات!N5,صادرات!N5)),"") | O5: =IFERROR(IF(SUM(واردات!O5,صادرات!O5)=0,"",SUM(واردات!O5,صادرات!O5)),"") | P5: =SUM(K5:N5) -> 0 | S5: =IF(OR(SUM(C5:G5)=0,SUM(G$4:G5)=0),"",IF(SUM(S$4:S4)=0,G5,IFERROR(SUM(S4,C5,-D5),""))) -> 29175 | T5: =IFERROR(S5-G5,"") -> -1845 | U5: =IF(OR(SUM(K5:O5)=0,SUM(O$4:O5)=0),"",IF(SUM(U$4:U4)=0,O5,IFERROR(SUM(U4,K5,-L5),""))) | V5: =IFERROR(U5-O5,"")
B6: خرداد | C6: =IF(SUM(K6,C22,K22,C38,K38,C54,K54,C70,K70,C86)=0,"",SUM(K6,C22,K22,C38,K38,C54,K54,C70,K70,C86,K86)) -> 20077 | D6: =IF(SUM(L6,D22,L22,D38,L38,D54,L54,D70,L70,D86)=0,"",SUM(L6,D22,L22,D38,L38,D54,L54,D70,L70,D86,L86)) -> 18019 | E6: =IF(SUM(M6,E22,M22,E38,M38,E54,M54,E70,M70,E86)=0,"",SUM(M6,E22,M22,E38,M38,E54,M54,E70,M70,E86,M86)) -> 863 | F6: =IF(SUM(N6,F22,N22,F38,N38,F54,N54,F70,N70,F86)=0,"",SUM(N6,F22,N22,F38,N38,F54,N54,F70,N70,F86,N86)) -> 115856 | G6: =IF(SUM(O6,G22,O22,G38,O38,G54,O54,G70,O70,G86)=0,"",SUM(O6,G22,O22,G38,O38,G54,O54,G70,O70,G86,O86)) -> 31543 | H6: =SUM(C6:F6) -> 154815 | J6: خرداد | K6: =IFERROR(IF(SUM(واردات!K6,صادرات!K6)=0,"",SUM(واردات!K6,صادرات!K6)),"") | L6: =IFERROR(IF(SUM(واردات!L6,صادرات!L6)=0,"",SUM(واردات!L6,صادرات!L6)),"") | M6: =IFERROR(IF(SUM(واردات!M6,صادرات!M6)=0,"",SUM(واردات!M6,صادرات!M6)),"") | N6: =IFERROR(IF(SUM(واردات!N6,صادرات!N6)=0,"",SUM(واردات!N6,صادرات!N6)),"") | O6: =IFERROR(IF(SUM(واردات!O6,صادرات!O6)=0,"",SUM(واردات!O6,صادرات!O6)),"") | P6: =SUM(K6:N6) -> 0 | S6: =IF(OR(SUM(C6:G6)=0,SUM(G$4:G6)=0),"",IF(SUM(S$4:S5)=0,G6,IFERROR(SUM(S5,C6,-D6),""))) -> 31233 | T6: =IFERROR(S6-G6,"") -> -310 | U6: =IF(OR(SUM(K6:O6)=0,SUM(O$4:O6)=0),"",IF(SUM(U$4:U5)=0,O6,IFERROR(SUM(U5,K6,-L6),""))) | V6: =IFERROR(U6-O6,"")
B7: تیر | C7: =IF(SUM(K7,C23,K23,C39,K39,C55,K55,C71,K71,C87)=0,"",SUM(K7,C23,K23,C39,K39,C55,K55,C71,K71,C87,K87)) -> 16347 | D7: =IF(SUM(L7,D23,L23,D39,L39,D55,L55,D71,L71,D87)=0,"",SUM(L7,D23,L23,D39,L39,D55,L55,D71,L71,D87,L87)) -> 23311 | E7: =IF(SUM(M7,E23,M23,E39,M39,E55,M55,E71,M71,E87)=0,"",SUM(M7,E23,M23,E39,M39,E55,M55,E71,M71,E87,M87)) -> 293 | F7: =IF(SUM(N7,F23,N23,F39,N39,F55,N55,F71,N71,F87)=0,"",SUM(N7,F23,N23,F39,N39,F55,N55,F71,N71,F87,N87)) -> 158591 | G7: =IF(SUM(O7,G23,O23,G39,O39,G55,O55,G71,O71,G87)=0,"",SUM(O7,G23,O23,G39,O39,G55,O55,G71,O71,G87,O87)) -> 27054 | H7: =SUM(C7:F7) -> 198542 | J7: تیر | K7: =IFERROR(IF(SUM(واردات!K7,صادرات!K7)=0,"",SUM(واردات!K7,صادرات!K7)),"") | L7: =IFERROR(IF(SUM(واردات!L7,صادرات!L7)=0,"",SUM(واردات!L7,صادرات!L7)),"") | M7: =IFERROR(IF(SUM(واردات!M7,صادرات!M7)=0,"",SUM(واردات!M7,صادرات!M7)),"") | N7: =IFERROR(IF(SUM(واردات!N7,صادرات!N7)=0,"",SUM(واردات!N7,صادرات!N7)),"") | O7: =IFERROR(IF(SUM(واردات!O7,صادرات!O7)=0,"",SUM(واردات!O7,صادرات!O7)),"") | P7: =SUM(K7:N7) -> 0 | S7: =IF(OR(SUM(C7:G7)=0,SUM(G$4:G7)=0),"",IF(SUM(S$4:S6)=0,G7,IFERROR(SUM(S6,C7,-D7),""))) -> 24269 | T7: =IFERROR(S7-G7,"") -> -2785 | U7: =IF(OR(SUM(K7:O7)=0,SUM(O$4:O7)=0),"",IF(SUM(U$4:U6)=0,O7,IFERROR(SUM(U6,K7,-L7),""))) | V7: =IFERROR(U7-O7,"")
B8: مرداد | C8: =IF(SUM(K8,C24,K24,C40,K40,C56,K56,C72,K72,C88)=0,"",SUM(K8,C24,K24,C40,K40,C56,K56,C72,K72,C88,K88)) -> 23531 | D8: =IF(SUM(L8,D24,L24,D40,L40,D56,L56,D72,L72,D88)=0,"",SUM(L8,D24,L24,D40,L40,D56,L56,D72,L72,D88,L88)) -> 30208 | E8: =IF(SUM(M8,E24,M24,E40,M40,E56,M56,E72,M72,E88)=0,"",SUM(M8,E24,M24,E40,M40,E56,M56,E72,M72,E88,M88)) -> 1520 | F8: =IF(SUM(N8,F24,N24,F40,N40,F56,N56,F72,N72,F88)=0,"",SUM(N8,F24,N24,F40,N40,F56,N56,F72,N72,F88,N88)) -> 163307 | G8: =IF(SUM(O8,G24,O24,G40,O40,G56,O56,G72,O72,G88)=0,"",SUM(O8,G24,O24,G40,O40,G56,O56,G72,O72,G88,O88)) -> 21674 | H8: =SUM(C8:F8) -> 218566 | J8: مرداد | K8: =IFERROR(IF(SUM(واردات!K8,صادرات!K8)=0,"",SUM(واردات!K8,صادرات!K8)),"") | L8: =IFERROR(IF(SUM(واردات!L8,صادرات!L8)=0,"",SUM(واردات!L8,صادرات!L8)),"") | M8: =IFERROR(IF(SUM(واردات!M8,صادرات!M8)=0,"",SUM(واردات!M8,صادرات!M8)),"") | N8: =IFERROR(IF(SUM(واردات!N8,صادرات!N8)=0,"",SUM(واردات!N8,صادرات!N8)),"") | O8: =IFERROR(IF(SUM(واردات!O8,صادرات!O8)=0,"",SUM(واردات!O8,صادرات!O8)),"") | P8: =SUM(K8:N8) -> 0 | S8: =IF(OR(SUM(C8:G8)=0,SUM(G$4:G8)=0),"",IF(SUM(S$4:S7)=0,G8,IFERROR(SUM(S7,C8,-D8),""))) -> 17592 | T8: =IFERROR(S8-G8,"") -> -4082 | U8: =IF(OR(SUM(K8:O8)=0,SUM(O$4:O8)=0),"",IF(SUM(U$4:U7)=0,O8,IFERROR(SUM(U7,K8,-L8),""))) | V8: =IFERROR(U8-O8,"")
B9: شهریور | C9: =IF(SUM(K9,C25,K25,C41,K41,C57,K57,C73,K73,C89)=0,"",SUM(K9,C25,K25,C41,K41,C57,K57,C73,K73,C89,K89)) -> 27327 | D9: =IF(SUM(L9,D25,L25,D41,L41,D57,L57,D73,L73,D89)=0,"",SUM(L9,D25,L25,D41,L41,D57,L57,D73,L73,D89,L89)) -> 23858 | E9: =IF(SUM(M9,E25,M25,E41,M41,E57,M57,E73,M73,E89)=0,"",SUM(M9,E25,M25,E41,M41,E57,M57,E73,M73,E89,M89)) -> 180 | F9: =IF(SUM(N9,F25,N25,F41,N41,F57,N57,F73,N73,F89)=0,"",SUM(N9,F25,N25,F41,N41,F57,N57,F73,N73,F89,N89)) -> 174182 | G9: =IF(SUM(O9,G25,O25,G41,O41,G57,O57,G73,O73,G89)=0,"",SUM(O9,G25,O25,G41,O41,G57,O57,G73,O73,G89,O89)) -> 24373 | H9: =SUM(C9:F9) -> 225547 | J9: شهریور | K9: =IFERROR(IF(SUM(واردات!K9,صادرات!K9)=0,"",SUM(واردات!K9,صادرات!K9)),"") | L9: =IFERROR(IF(SUM(واردات!L9,صادرات!L9)=0,"",SUM(واردات!L9,صادرات!L9)),"") | M9: =IFERROR(IF(SUM(واردات!M9,صادرات!M9)=0,"",SUM(واردات!M9,صادرات!M9)),"") | N9: =IFERROR(IF(SUM(واردات!N9,صادرات!N9)=0,"",SUM(واردات!N9,صادرات!N9)),"") | O9: =IFERROR(IF(SUM(واردات!O9,صادرات!O9)=0,"",SUM(واردات!O9,صادرات!O9)),"") | P9: =SUM(K9:N9) -> 0 | S9: =IF(OR(SUM(C9:G9)=0,SUM(G$4:G9)=0),"",IF(SUM(S$4:S8)=0,G9,IFERROR(SUM(S8,C9,-D9),""))) -> 21061 | T9: =IFERROR(S9-G9,"") -> -3312 | U9: =IF(OR(SUM(K9:O9)=0,SUM(O$4:O9)=0),"",IF(SUM(U$4:U8)=0,O9,IFERROR(SUM(U8,K9,-L9),""))) | V9: =IFERROR(U9-O9,"")
B10: مهر | C10: =IF(SUM(K10,C26,K26,C42,K42,C58,K58,C74,K74,C90)=0,"",SUM(K10,C26,K26,C42,K42,C58,K58,C74,K74,C90,K90)) -> 24847 | D10: =IF(SUM(L10,D26,L26,D42,L42,D58,L58,D74,L74,D90)=0,"",SUM(L10,D26,L26,D42,L42,D58,L58,D74,L74,D90,L90)) -> 24761 | E10: =IF(SUM(M10,E26,M26,E42,M42,E58,M58,E74,M74,E90)=0,"",SUM(M10,E26,M26,E42,M42,E58,M58,E74,M74,E90,M90)) | F10: =IF(SUM(N10,F26,N26,F42,N42,F58,N58,F74,N74,F90)=0,"",SUM(N10,F26,N26,F42,N42,F58,N58,F74,N74,F90,N90)) -> 182744 | G10: =IF(SUM(O10,G26,O26,G42,O42,G58,O58,G74,O74,G90)=0,"",SUM(O10,G26,O26,G42,O42,G58,O58,G74,O74,G90,O90)) -> 24529 | H10: =SUM(C10:F10) -> 232352 | J10: مهر | K10: =IFERROR(IF(SUM(واردات!K10,صادرات!K10)=0,"",SUM(واردات!K10,صادرات!K10)),"") | L10: =IFERROR(IF(SUM(واردات!L10,صادرات!L10)=0,"",SUM(واردات!L10,صادرات!L10)),"") | M10: =IFERROR(IF(SUM(واردات!M10,صادرات!M10)=0,"",SUM(واردات!M10,صادرات!M10)),"") | N10: =IFERROR(IF(SUM(واردات!N10,صادرات!N10)=0,"",SUM(واردات!N10,صادرات!N10)),"") | O10: =IFERROR(IF(SUM(واردات!O10,صادرات!O10)=0,"",SUM(واردات!O10,صادرات!O10)),"") | P10: =SUM(K10:N10) -> 0 | S10: =IF(OR(SUM(C10:G10)=0,SUM(G$4:G10)=0),"",IF(SUM(S$4:S9)=0,G10,IFERROR(SUM(S9,C10,-D10),""))) -> 21147 | T10: =IFERROR(S10-G10,"") -> -3382 | U10: =IF(OR(SUM(K10:O10)=0,SUM(O$4:O10)=0),"",IF(SUM(U$4:U9)=0,O10,IFERROR(SUM(U9,K10,-L10),""))) | V10: =IFERROR(U10-O10,"")
B11: آبان | C11: =IF(SUM(K11,C27,K27,C43,K43,C59,K59,C75,K75,C91)=0,"",SUM(K11,C27,K27,C43,K43,C59,K59,C75,K75,C91,K91)) -> 40962 | D11: =IF(SUM(L11,D27,L27,D43,L43,D59,L59,D75,L75,D91)=0,"",SUM(L11,D27,L27,D43,L43,D59,L59,D75,L75,D91,L91)) -> 28144 | E11: =IF(SUM(M11,E27,M27,E43,M43,E59,M59,E75,M75,E91)=0,"",SUM(M11,E27,M27,E43,M43,E59,M59,E75,M75,E91,M91)) | F11: =IF(SUM(N11,F27,N27,F43,N43,F59,N59,F75,N75,F91)=0,"",SUM(N11,F27,N27,F43,N43,F59,N59,F75,N75,F91,N91)) -> 179945 | G11: =IF(SUM(O11,G27,O27,G43,O43,G59,O59,G75,O75,G91)=0,"",SUM(O11,G27,O27,G43,O43,G59,O59,G75,O75,G91,O91)) -> 36606 | H11: =SUM(C11:F11) -> 249051 | J11: آبان | K11: =IFERROR(IF(SUM(واردات!K11,صادرات!K11)=0,"",SUM(واردات!K11,صادرات!K11)),"") | L11: =IFERROR(IF(SUM(واردات!L11,صادرات!L11)=0,"",SUM(واردات!L11,صادرات!L11)),"") | M11: =IFERROR(IF(SUM(واردات!M11,صادرات!M11)=0,"",SUM(واردات!M11,صادرات!M11)),"") | N11: =IFERROR(IF(SUM(واردات!N11,صادرات!N11)=0,"",SUM(واردات!N11,صادرات!N11)),"") | O11: =IFERROR(IF(SUM(واردات!O11,صادرات!O11)=0,"",SUM(واردات!O11,صادرات!O11)),"") | P11: =SUM(K11:N11) -> 0 | S11: =IF(OR(SUM(C11:G11)=0,SUM(G$4:G11)=0),"",IF(SUM(S$4:S10)=0,G11,IFERROR(SUM(S10,C11,-D11),""))) -> 33965 | T11: =IFERROR(S11-G11,"") -> -2641 | U11: =IF(OR(SUM(K11:O11)=0,SUM(O$4:O11)=0),"",IF(SUM(U$4:U10)=0,O11,IFERROR(SUM(U10,K11,-L11),""))) | V11: =IFERROR(U11-O11,"")
B12: آذر | C12: =IF(SUM(K12,C28,K28,C44,K44,C60,K60,C76,K76,C92)=0,"",SUM(K12,C28,K28,C44,K44,C60,K60,C76,K76,C92,K92)) -> 31087 | D12: =IF(SUM(L12,D28,L28,D44,L44,D60,L60,D76,L76,D92)=0,"",SUM(L12,D28,L28,D44,L44,D60,L60,D76,L76,D92,L92)) -> 28457 | E12: =IF(SUM(M12,E28,M28,E44,M44,E60,M60,E76,M76,E92)=0,"",SUM(M12,E28,M28,E44,M44,E60,M60,E76,M76,E92,M92)) -> 4 | F12: =IF(SUM(N12,F28,N28,F44,N44,F60,N60,F76,N76,F92)=0,"",SUM(N12,F28,N28,F44,N44,F60,N60,F76,N76,F92,N92)) -> 167136 | G12: =IF(SUM(O12,G28,O28,G44,O44,G60,O60,G76,O76,G92)=0,"",SUM(O12,G28,O28,G44,O44,G60,O60,G76,O76,G92,O92)) -> 38854 | H12: =SUM(C12:F12) -> 226684 | J12: آذر | K12: =IFERROR(IF(SUM(واردات!K12,صادرات!K12)=0,"",SUM(واردات!K12,صادرات!K12)),"") | L12: =IFERROR(IF(SUM(واردات!L12,صادرات!L12)=0,"",SUM(واردات!L12,صادرات!L12)),"") | M12: =IFERROR(IF(SUM(واردات!M12,صادرات!M12)=0,"",SUM(واردات!M12,صادرات!M12)),"") | N12: =IFERROR(IF(SUM(واردات!N12,صادرات!N12)=0,"",SUM(واردات!N12,صادرات!N12)),"") | O12: =IFERROR(IF(SUM(واردات!O12,صادرات!O12)=0,"",SUM(واردات!O12,صادرات!O12)),"") | P12: =SUM(K12:N12) -> 0 | S12: =IF(OR(SUM(C12:G12)=0,SUM(G$4:G12)=0),"",IF(SUM(S$4:S11)=0,G12,IFERROR(SUM(S11,C12,-D12),""))) -> 36595 | T12: =IFERROR(S12-G12,"") -> -2259 | U12: =IF(OR(SUM(K12:O12)=0,SUM(O$4:O12)=0),"",IF(SUM(U$4:U11)=0,O12,IFERROR(SUM(U11,K12,-L12),""))) | V12: =IFERROR(U12-O12,"")
B13: دی | C13: =IF(SUM(K13,C29,K29,C45,K45,C61,K61,C77,K77,C93)=0,"",SUM(K13,C29,K29,C45,K45,C61,K61,C77,K77,C93,K93)) -> 20475 | D13: =IF(SUM(L13,D29,L29,D45,L45,D61,L61,D77,L77,D93)=0,"",SUM(L13,D29,L29,D45,L45,D61,L61,D77,L77,D93,L93)) -> 29848 | E13: =IF(SUM(M13,E29,M29,E45,M45,E61,M61,E77,M77,E93)=0,"",SUM(M13,E29,M29,E45,M45,E61,M61,E77,M77,E93,M93)) -> 20 | F13: =IF(SUM(N13,F29,N29,F45,N45,F61,N61,F77,N77,F93)=0,"",SUM(N13,F29,N29,F45,N45,F61,N61,F77,N77,F93,N93)) -> 152328 | G13: =IF(SUM(O13,G29,O29,G45,O45,G61,O61,G77,O77,G93)=0,"",SUM(O13,G29,O29,G45,O45,G61,O61,G77,O77,G93,O93)) -> 30796 | H13: =SUM(C13:F13) -> 202671 | J13: دی | K13: =IFERROR(IF(SUM(واردات!K13,صادرات!K13)=0,"",SUM(واردات!K13,صادرات!K13)),"") | L13: =IFERROR(IF(SUM(واردات!L13,صادرات!L13)=0,"",SUM(واردات!L13,صادرات!L13)),"") | M13: =IFERROR(IF(SUM(واردات!M13,صادرات!M13)=0,"",SUM(واردات!M13,صادرات!M13)),"") | N13: =IFERROR(IF(SUM(واردات!N13,صادرات!N13)=0,"",SUM(واردات!N13,صادرات!N13)),"") | O13: =IFERROR(IF(SUM(واردات!O13,صادرات!O13)=0,"",SUM(واردات!O13,صادرات!O13)),"") | P13: =SUM(K13:N13) -> 0 | S13: =IF(OR(SUM(C13:G13)=0,SUM(G$4:G13)=0),"",IF(SUM(S$4:S12)=0,G13,IFERROR(SUM(S12,C13,-D13),""))) -> 27222 | T13: =IFERROR(S13-G13,"") -> -3574 | U13: =IF(OR(SUM(K13:O13)=0,SUM(O$4:O13)=0),"",IF(SUM(U$4:U12)=0,O13,IFERROR(SUM(U12,K13,-L13),""))) | V13: =IFERROR(U13-O13,"")
B14: بهمن | C14: =IF(SUM(K14,C30,K30,C46,K46,C62,K62,C78,K78,C94)=0,"",SUM(K14,C30,K30,C46,K46,C62,K62,C78,K78,C94,K94)) -> 26021.758 | D14: =IF(SUM(L14,D30,L30,D46,L46,D62,L62,D78,L78,D94)=0,"",SUM(L14,D30,L30,D46,L46,D62,L62,D78,L78,D94,L94)) -> 29296.137 | E14: =IF(SUM(M14,E30,M30,E46,M46,E62,M62,E78,M78,E94)=0,"",SUM(M14,E30,M30,E46,M46,E62,M62,E78,M78,E94,M94)) | F14: =IF(SUM(N14,F30,N30,F46,N46,F62,N62,F78,N78,F94)=0,"",SUM(N14,F30,N30,F46,N46,F62,N62,F78,N78,F94,N94)) -> 186756 | G14: =IF(SUM(O14,G30,O30,G46,O46,G62,O62,G78,O78,G94)=0,"",SUM(O14,G30,O30,G46,O46,G62,O62,G78,O78,G94,O94)) -> 30204.621 | H14: =SUM(C14:F14) -> 242073.9 | J14: بهمن | K14: =IFERROR(IF(SUM(واردات!K14,صادرات!K14)=0,"",SUM(واردات!K14,صادرات!K14)),"") | L14: =IFERROR(IF(SUM(واردات!L14,صادرات!L14)=0,"",SUM(واردات!L14,صادرات!L14)),"") | M14: =IFERROR(IF(SUM(واردات!M14,صادرات!M14)=0,"",SUM(واردات!M14,صادرات!M14)),"") | N14: =IFERROR(IF(SUM(واردات!N14,صادرات!N14)=0,"",SUM(واردات!N14,صادرات!N14)),"") | O14: =IFERROR(IF(SUM(واردات!O14,صادرات!O14)=0,"",SUM(واردات!O14,صادرات!O14)),"") | P14: =SUM(K14:N14) -> 0 | S14: =IF(OR(SUM(C14:G14)=0,SUM(G$4:G14)=0),"",IF(SUM(S$4:S13)=0,G14,IFERROR(SUM(S13,C14,-D14),""))) -> 23947.621 | T14: =IFERROR(S14-G14,"") -> -6257 | U14: =IF(OR(SUM(K14:O14)=0,SUM(O$4:O14)=0),"",IF(SUM(U$4:U13)=0,O14,IFERROR(SUM(U13,K14,-L14),""))) | V14: =IFERROR(U14-O14,"")
B15: اسفند | C15: =IF(SUM(K15,C31,K31,C47,K47,C63,K63,C79,K79,C95)=0,"",SUM(K15,C31,K31,C47,K47,C63,K63,C79,K79,C95,K95)) -> 26757 | D15: =IF(SUM(L15,D31,L31,D47,L47,D63,L63,D79,L79,D95)=0,"",SUM(L15,D31,L31,D47,L47,D63,L63,D79,L79,D95,L95)) -> 26932 | E15: =IF(SUM(M15,E31,M31,E47,M47,E63,M63,E79,M79,E95)=0,"",SUM(M15,E31,M31,E47,M47,E63,M63,E79,M79,E95,M95)) | F15: =IF(SUM(N15,F31,N31,F47,N47,F63,N63,F79,N79,F95)=0,"",SUM(N15,F31,N31,F47,N47,F63,N63,F79,N79,F95,N95)) -> 174665 | G15: =IF(SUM(O15,G31,O31,G47,O47,G63,O63,G79,O79,G95)=0,"",SUM(O15,G31,O31,G47,O47,G63,O63,G79,O79,G95,O95)) -> 26366 | H15: =SUM(C15:F15) -> 228354 | J15: اسفند | K15: =IFERROR(IF(SUM(واردات!K15,صادرات!K15)=0,"",SUM(واردات!K15,صادرات!K15)),"") | L15: =IFERROR(IF(SUM(واردات!L15,صادرات!L15)=0,"",SUM(واردات!L15,صادرات!L15)),"") | M15: =IFERROR(IF(SUM(واردات!M15,صادرات!M15)=0,"",SUM(واردات!M15,صادرات!M15)),"") | N15: =IFERROR(IF(SUM(واردات!N15,صادرات!N15)=0,"",SUM(واردات!N15,صادرات!N15)),"") | O15: =IFERROR(IF(SUM(واردات!O15,صادرات!O15)=0,"",SUM(واردات!O15,صادرات!O15)),"") | P15: =SUM(K15:N15) -> 0 | S15: =IF(OR(SUM(C15:G15)=0,SUM(G$4:G15)=0),"",IF(SUM(S$4:S14)=0,G15,IFERROR(SUM(S14,C15,-D15),""))) -> 23772.621 | T15: =IFERROR(S15-G15,"") -> -2593.379 | U15: =IF(OR(SUM(K15:O15)=0,SUM(O$4:O15)=0),"",IF(SUM(U$4:U14)=0,O15,IFERROR(SUM(U14,K15,-L15),""))) | V15: =IFERROR(U15-O15,"")
B16: جمع | C16: =SUM(C4:C15) -> 297719.76 | D16: =SUM(D4:D15) -> 307516.14 | E16: =SUM(E4:E15) -> 3944 | F16: =SUM(F4:F15) -> 1920670 | G16: =IF(G15<>"",G15,IF(G14<>"",G14,IF(G13<>"",G13,IF(G12<>"",G12,IF(G11<>"",G11,IF(G10<>"",G10,IF(G9<>"",G9,IF(G8<>"",G8,IF(G7<>"",G7,IF(G6<>"",G6,IF(G5<>"",G5,IF(G4<>"",G4,"")))))))))))) -> 26366 | H16: =SUM(C16:F16) -> 2529849.9 | J16: جمع | K16: =SUM(K4:K15) -> 0 | L16: =SUM(L4:L15) -> 0 | M16: =SUM(M4:M15) -> 0 | N16: =SUM(N4:N15) -> 0 | O16: =IF(O15<>"",O15,IF(O14<>"",O14,IF(O13<>"",O13,IF(O12<>"",O12,IF(O11<>"",O11,IF(O10<>"",O10,IF(O9<>"",O9,IF(O8<>"",O8,IF(O7<>"",O7,IF(O6<>"",O6,IF(O5<>"",O5,IF(O4<>"",O4,"")))))))))))) | P16: =SUM(K16:N16) -> 0
B18: شهید کاوه | J18: مطهری
B19: ماه | C19: تخلیه | D19: بارگیری | E19: حمل یکسره | F19: ترانشیپمنت | G19: رسوب | H19: جمع عملیاتی | J19: ماه | K19: تخلیه | L19: بارگیری | M19: حمل یکسره | N19: ترانشیپمنت | O19: رسوب | P19: جمع عملیاتی
B20: فروردین | C20: =IFERROR(IF(SUM(واردات!C20,صادرات!C20)=0,"",SUM(واردات!C20,صادرات!C20)),"") -> 1297 | D20: =IFERROR(IF(SUM(واردات!D20,صادرات!D20)=0,"",SUM(واردات!D20,صادرات!D20)),"") -> 1101 | E20: =IFERROR(IF(SUM(واردات!E20,صادرات!E20)=0,"",SUM(واردات!E20,صادرات!E20)),"") -> 407 | F20: =IFERROR(IF(SUM(واردات!F20,صادرات!F20)=0,"",SUM(واردات!F20,صادرات!F20)),"") | G20: =IFERROR(IF(SUM(واردات!G20,صادرات!G20)=0,"",SUM(واردات!G20,صادرات!G20)),"") -> 3019 | H20: =SUM(C20:F20) -> 2805 | J20: فروردین | K20: =IFERROR(IF(SUM(واردات!K20,صادرات!K20)=0,"",SUM(واردات!K20,صادرات!K20)),"") -> 3435 | L20: =IFERROR(IF(SUM(واردات!L20,صادرات!L20)=0,"",SUM(واردات!L20,صادرات!L20)),"") -> 4224 | M20: =IFERROR(IF(SUM(واردات!M20,صادرات!M20)=0,"",SUM(واردات!M20,صادرات!M20)),"") | N20: =IFERROR(IF(SUM(واردات!N20,صادرات!N20)=0,"",SUM(واردات!N20,صادرات!N20)),"") -> 34498 | O20: =IFERROR(IF(SUM(واردات!O20,صادرات!O20)=0,"",SUM(واردات!O20,صادرات!O20)),"") -> 6494 | P20: =SUM(K20:N20) -> 42157 | S20: =IF(SUM(G20)=0,"",IFERROR(G20,"")) -> 3019 | T20: =IFERROR(S20-G20,"") -> 0 | U20: =IF(SUM(O20)=0,"",IFERROR(O20,"")) -> 6494 | V20: =IFERROR(U20-O20,"") -> 0
B21: اردیبهشت | C21: =IFERROR(IF(SUM(واردات!C21,صادرات!C21)=0,"",SUM(واردات!C21,صادرات!C21)),"") -> 2608 | D21: =IFERROR(IF(SUM(واردات!D21,صادرات!D21)=0,"",SUM(واردات!D21,صادرات!D21)),"") -> 1650 | E21: =IFERROR(IF(SUM(واردات!E21,صادرات!E21)=0,"",SUM(واردات!E21,صادرات!E21)),"") -> 578 | F21: =IFERROR(IF(SUM(واردات!F21,صادرات!F21)=0,"",SUM(واردات!F21,صادرات!F21)),"") | G21: =IFERROR(IF(SUM(واردات!G21,صادرات!G21)=0,"",SUM(واردات!G21,صادرات!G21)),"") -> 4165 | H21: =SUM(C21:F21) -> 4836 | J21: اردیبهشت | K21: =IFERROR(IF(SUM(واردات!K21,صادرات!K21)=0,"",SUM(واردات!K21,صادرات!K21)),"") -> 3480 | L21: =IFERROR(IF(SUM(واردات!L21,صادرات!L21)=0,"",SUM(واردات!L21,صادرات!L21)),"") -> 4724 | M21: =IFERROR(IF(SUM(واردات!M21,صادرات!M21)=0,"",SUM(واردات!M21,صادرات!M21)),"") | N21: =IFERROR(IF(SUM(واردات!N21,صادرات!N21)=0,"",SUM(واردات!N21,صادرات!N21)),"") -> 50468 | O21: =IFERROR(IF(SUM(واردات!O21,صادرات!O21)=0,"",SUM(واردات!O21,صادرات!O21)),"") -> 5103 | P21: =SUM(K21:N21) -> 58672 | S21: =IF(OR(SUM(C21:G21)=0,SUM(G$20:G21)=0),"",IF(SUM(S$20:S20)=0,G21,IFERROR(SUM(S20,C21,-D21),""))) -> 3977 | T21: =IFERROR(S21-G21,"") -> -188 | U21: =IF(OR(SUM(K21:O21)=0,SUM(O$20:O21)=0),"",IF(SUM(U$20:U20)=0,O21,IFERROR(SUM(U20,K21,-L21),""))) -> 5250 | V21: =IFERROR(U21-O21,"") -> 147
B22: خرداد | C22: =IFERROR(IF(SUM(واردات!C22,صادرات!C22)=0,"",SUM(واردات!C22,صادرات!C22)),"") -> 1558 | D22: =IFERROR(IF(SUM(واردات!D22,صادرات!D22)=0,"",SUM(واردات!D22,صادرات!D22)),"") -> 2007 | E22: =IFERROR(IF(SUM(واردات!E22,صادرات!E22)=0,"",SUM(واردات!E22,صادرات!E22)),"") -> 863 | F22: =IFERROR(IF(SUM(واردات!F22,صادرات!F22)=0,"",SUM(واردات!F22,صادرات!F22)),"") | G22: =IFERROR(IF(SUM(واردات!G22,صادرات!G22)=0,"",SUM(واردات!G22,صادرات!G22)),"") -> 3669 | H22: =SUM(C22:F22) -> 4428 | J22: خرداد | K22: =IFERROR(IF(SUM(واردات!K22,صادرات!K22)=0,"",SUM(واردات!K22,صادرات!K22)),"") -> 4745 | L22: =IFERROR(IF(SUM(واردات!L22,صادرات!L22)=0,"",SUM(واردات!L22,صادرات!L22)),"") -> 3614 | M22: =IFERROR(IF(SUM(واردات!M22,صادرات!M22)=0,"",SUM(واردات!M22,صادرات!M22)),"") | N22: =IFERROR(IF(SUM(واردات!N22,صادرات!N22)=0,"",SUM(واردات!N22,صادرات!N22)),"") -> 42125 | O22: =IFERROR(IF(SUM(واردات!O22,صادرات!O22)=0,"",SUM(واردات!O22,صادرات!O22)),"") -> 4826 | P22: =SUM(K22:N22) -> 50484 | S22: =IF(OR(SUM(C22:G22)=0,SUM(G$20:G22)=0),"",IF(SUM(S$20:S21)=0,G22,IFERROR(SUM(S21,C22,-D22),""))) -> 3528 | T22: =IFERROR(S22-G22,"") -> -141 | U22: =IF(OR(SUM(K22:O22)=0,SUM(O$20:O22)=0),"",IF(SUM(U$20:U21)=0,O22,IFERROR(SUM(U21,K22,-L22),""))) -> 6381 | V22: =IFERROR(U22-O22,"") -> 1555
B23: تیر | C23: =IFERROR(IF(SUM(واردات!C23,صادرات!C23)=0,"",SUM(واردات!C23,صادرات!C23)),"") -> 1861 | D23: =IFERROR(IF(SUM(واردات!D23,صادرات!D23)=0,"",SUM(واردات!D23,صادرات!D23)),"") -> 2131 | E23: =IFERROR(IF(SUM(واردات!E23,صادرات!E23)=0,"",SUM(واردات!E23,صادرات!E23)),"") -> 293 | F23: =IFERROR(IF(SUM(واردات!F23,صادرات!F23)=0,"",SUM(واردات!F23,صادرات!F23)),"") | G23: =IFERROR(IF(SUM(واردات!G23,صادرات!G23)=0,"",SUM(واردات!G23,صادرات!G23)),"") -> 3537 | H23: =SUM(C23:F23) -> 4285 | J23: تیر | K23: =IFERROR(IF(SUM(واردات!K23,صادرات!K23)=0,"",SUM(واردات!K23,صادرات!K23)),"") -> 2796 | L23: =IFERROR(IF(SUM(واردات!L23,صادرات!L23)=0,"",SUM(واردات!L23,صادرات!L23)),"") -> 4653 | M23: =IFERROR(IF(SUM(واردات!M23,صادرات!M23)=0,"",SUM(واردات!M23,صادرات!M23)),"") | N23: =IFERROR(IF(SUM(واردات!N23,صادرات!N23)=0,"",SUM(واردات!N23,صادرات!N23)),"") -> 80132 | O23: =IFERROR(IF(SUM(واردات!O23,صادرات!O23)=0,"",SUM(واردات!O23,صادرات!O23)),"") -> 4283 | P23: =SUM(K23:N23) -> 87581 | S23: =IF(OR(SUM(C23:G23)=0,SUM(G$20:G23)=0),"",IF(SUM(S$20:S22)=0,G23,IFERROR(SUM(S22,C23,-D23),""))) -> 3258 | T23: =IFERROR(S23-G23,"") -> -279 | U23: =IF(OR(SUM(K23:O23)=0,SUM(O$20:O23)=0),"",IF(SUM(U$20:U22)=0,O23,IFERROR(SUM(U22,K23,-L23),""))) -> 4524 | V23: =IFERROR(U23-O23,"") -> 241
B24: مرداد | C24: =IFERROR(IF(SUM(واردات!C24,صادرات!C24)=0,"",SUM(واردات!C24,صادرات!C24)),"") -> 1873 | D24: =IFERROR(IF(SUM(واردات!D24,صادرات!D24)=0,"",SUM(واردات!D24,صادرات!D24)),"") -> 2661 | E24: =IFERROR(IF(SUM(واردات!E24,صادرات!E24)=0,"",SUM(واردات!E24,صادرات!E24)),"") -> 1519 | F24: =IFERROR(IF(SUM(واردات!F24,صادرات!F24)=0,"",SUM(واردات!F24,صادرات!F24)),"") | G24: =IFERROR(IF(SUM(واردات!G24,صادرات!G24)=0,"",SUM(واردات!G24,صادرات!G24)),"") -> 2772 | H24: =SUM(C24:F24) -> 6053 | J24: مرداد | K24: =IFERROR(IF(SUM(واردات!K24,صادرات!K24)=0,"",SUM(واردات!K24,صادرات!K24)),"") -> 4913 | L24: =IFERROR(IF(SUM(واردات!L24,صادرات!L24)=0,"",SUM(واردات!L24,صادرات!L24)),"") -> 4653 | M24: =IFERROR(IF(SUM(واردات!M24,صادرات!M24)=0,"",SUM(واردات!M24,صادرات!M24)),"") | N24: =IFERROR(IF(SUM(واردات!N24,صادرات!N24)=0,"",SUM(واردات!N24,صادرات!N24)),"") -> 72070 | O24: =IFERROR(IF(SUM(واردات!O24,صادرات!O24)=0,"",SUM(واردات!O24,صادرات!O24)),"") -> 4550 | P24: =SUM(K24:N24) -> 81636 | S24: =IF(OR(SUM(C24:G24)=0,SUM(G$20:G24)=0),"",IF(SUM(S$20:S23)=0,G24,IFERROR(SUM(S23,C24,-D24),""))) -> 2470 | T24: =IFERROR(S24-G24,"") -> -302 | U24: =IF(OR(SUM(K24:O24)=0,SUM(O$20:O24)=0),"",IF(SUM(U$20:U23)=0,O24,IFERROR(SUM(U23,K24,-L24),""))) -> 4784 | V24: =IFERROR(U24-O24,"") -> 234
B25: شهریور | C25: =IFERROR(IF(SUM(واردات!C25,صادرات!C25)=0,"",SUM(واردات!C25,صادرات!C25)),"") -> 1300 | D25: =IFERROR(IF(SUM(واردات!D25,صادرات!D25)=0,"",SUM(واردات!D25,صادرات!D25)),"") -> 1594 | E25: =IFERROR(IF(SUM(واردات!E25,صادرات!E25)=0,"",SUM(واردات!E25,صادرات!E25)),"") -> 180 | F25: =IFERROR(IF(SUM(واردات!F25,صادرات!F25)=0,"",SUM(واردات!F25,صادرات!F25)),"") | G25: =IFERROR(IF(SUM(واردات!G25,صادرات!G25)=0,"",SUM(واردات!G25,صادرات!G25)),"") -> 2671 | H25: =SUM(C25:F25) -> 3074 | J25: شهریور | K25: =IFERROR(IF(SUM(واردات!K25,صادرات!K25)=0,"",SUM(واردات!K25,صادرات!K25)),"") -> 8812 | L25: =IFERROR(IF(SUM(واردات!L25,صادرات!L25)=0,"",SUM(واردات!L25,صادرات!L25)),"") -> 5719 | M25: =IFERROR(IF(SUM(واردات!M25,صادرات!M25)=0,"",SUM(واردات!M25,صادرات!M25)),"") | N25: =IFERROR(IF(SUM(واردات!N25,صادرات!N25)=0,"",SUM(واردات!N25,صادرات!N25)),"") -> 72358 | O25: =IFERROR(IF(SUM(واردات!O25,صادرات!O25)=0,"",SUM(واردات!O25,صادرات!O25)),"") -> 7528 | P25: =SUM(K25:N25) -> 86889 | S25: =IF(OR(SUM(C25:G25)=0,SUM(G$20:G25)=0),"",IF(SUM(S$20:S24)=0,G25,IFERROR(SUM(S24,C25,-D25),""))) -> 2176 | T25: =IFERROR(S25-G25,"") -> -495 | U25: =IF(OR(SUM(K25:O25)=0,SUM(O$20:O25)=0),"",IF(SUM(U$20:U24)=0,O25,IFERROR(SUM(U24,K25,-L25),""))) -> 7877 | V25: =IFERROR(U25-O25,"") -> 349
B26: مهر | C26: =IFERROR(IF(SUM(واردات!C26,صادرات!C26)=0,"",SUM(واردات!C26,صادرات!C26)),"") -> 1603 | D26: =IFERROR(IF(SUM(واردات!D26,صادرات!D26)=0,"",SUM(واردات!D26,صادرات!D26)),"") -> 1763 | E26: =IFERROR(IF(SUM(واردات!E26,صادرات!E26)=0,"",SUM(واردات!E26,صادرات!E26)),"") | F26: =IFERROR(IF(SUM(واردات!F26,صادرات!F26)=0,"",SUM(واردات!F26,صادرات!F26)),"") | G26: =IFERROR(IF(SUM(واردات!G26,صادرات!G26)=0,"",SUM(واردات!G26,صادرات!G26)),"") -> 2529 | H26: =SUM(C26:F26) -> 3366 | J26: مهر | K26: =IFERROR(IF(SUM(واردات!K26,صادرات!K26)=0,"",SUM(واردات!K26,صادرات!K26)),"") -> 5049 | L26: =IFERROR(IF(SUM(واردات!L26,صادرات!L26)=0,"",SUM(واردات!L26,صادرات!L26)),"") -> 6537 | M26: =IFERROR(IF(SUM(واردات!M26,صادرات!M26)=0,"",SUM(واردات!M26,صادرات!M26)),"") | N26: =IFERROR(IF(SUM(واردات!N26,صادرات!N26)=0,"",SUM(واردات!N26,صادرات!N26)),"") -> 73749 | O26: =IFERROR(IF(SUM(واردات!O26,صادرات!O26)=0,"",SUM(واردات!O26,صادرات!O26)),"") -> 6153 | P26: =SUM(K26:N26) -> 85335 | S26: =IF(OR(SUM(C26:G26)=0,SUM(G$20:G26)=0),"",IF(SUM(S$20:S25)=0,G26,IFERROR(SUM(S25,C26,-D26),""))) -> 2016 | T26: =IFERROR(S26-G26,"") -> -513 | U26: =IF(OR(SUM(K26:O26)=0,SUM(O$20:O26)=0),"",IF(SUM(U$20:U25)=0,O26,IFERROR(SUM(U25,K26,-L26),""))) -> 6389 | V26: =IFERROR(U26-O26,"") -> 236
B27: آبان | C27: =IFERROR(IF(SUM(واردات!C27,صادرات!C27)=0,"",SUM(واردات!C27,صادرات!C27)),"") -> 1252 | D27: =IFERROR(IF(SUM(واردات!D27,صادرات!D27)=0,"",SUM(واردات!D27,صادرات!D27)),"") -> 1578 | E27: =IFERROR(IF(SUM(واردات!E27,صادرات!E27)=0,"",SUM(واردات!E27,صادرات!E27)),"") | F27: =IFERROR(IF(SUM(واردات!F27,صادرات!F27)=0,"",SUM(واردات!F27,صادرات!F27)),"") | G27: =IFERROR(IF(SUM(واردات!G27,صادرات!G27)=0,"",SUM(واردات!G27,صادرات!G27)),"") -> 2543 | H27: =SUM(C27:F27) -> 2830 | J27: آبان | K27: =IFERROR(IF(SUM(واردات!K27,صادرات!K27)=0,"",SUM(واردات!K27,صادرات!K27)),"") -> 2656 | L27: =IFERROR(IF(SUM(واردات!L27,صادرات!L27)=0,"",SUM(واردات!L27,صادرات!L27)),"") -> 4453 | M27: =IFERROR(IF(SUM(واردات!M27,صادرات!M27)=0,"",SUM(واردات!M27,صادرات!M27)),"") | N27: =IFERROR(IF(SUM(واردات!N27,صادرات!N27)=0,"",SUM(واردات!N27,صادرات!N27)),"") -> 69673 | O27: =IFERROR(IF(SUM(واردات!O27,صادرات!O27)=0,"",SUM(واردات!O27,صادرات!O27)),"") -> 4348 | P27: =SUM(K27:N27) -> 76782 | S27: =IF(OR(SUM(C27:G27)=0,SUM(G$20:G27)=0),"",IF(SUM(S$20:S26)=0,G27,IFERROR(SUM(S26,C27,-D27),""))) -> 1690 | T27: =IFERROR(S27-G27,"") -> -853 | U27: =IF(OR(SUM(K27:O27)=0,SUM(O$20:O27)=0),"",IF(SUM(U$20:U26)=0,O27,IFERROR(SUM(U26,K27,-L27),""))) -> 4592 | V27: =IFERROR(U27-O27,"") -> 244
B28: آذر | C28: =IFERROR(IF(SUM(واردات!C28,صادرات!C28)=0,"",SUM(واردات!C28,صادرات!C28)),"") -> 1289 | D28: =IFERROR(IF(SUM(واردات!D28,صادرات!D28)=0,"",SUM(واردات!D28,صادرات!D28)),"") -> 1006 | E28: =IFERROR(IF(SUM(واردات!E28,صادرات!E28)=0,"",SUM(واردات!E28,صادرات!E28)),"") -> 4 | F28: =IFERROR(IF(SUM(واردات!F28,صادرات!F28)=0,"",SUM(واردات!F28,صادرات!F28)),"") | G28: =IFERROR(IF(SUM(واردات!G28,صادرات!G28)=0,"",SUM(واردات!G28,صادرات!G28)),"") -> 2476 | H28: =SUM(C28:F28) -> 2299 | J28: آذر | K28: =IFERROR(IF(SUM(واردات!K28,صادرات!K28)=0,"",SUM(واردات!K28,صادرات!K28)),"") -> 4671 | L28: =IFERROR(IF(SUM(واردات!L28,صادرات!L28)=0,"",SUM(واردات!L28,صادرات!L28)),"") -> 2940 | M28: =IFERROR(IF(SUM(واردات!M28,صادرات!M28)=0,"",SUM(واردات!M28,صادرات!M28)),"") | N28: =IFERROR(IF(SUM(واردات!N28,صادرات!N28)=0,"",SUM(واردات!N28,صادرات!N28)),"") -> 47213 | O28: =IFERROR(IF(SUM(واردات!O28,صادرات!O28)=0,"",SUM(واردات!O28,صادرات!O28)),"") -> 6079 | P28: =SUM(K28:N28) -> 54824 | S28: =IF(OR(SUM(C28:G28)=0,SUM(G$20:G28)=0),"",IF(SUM(S$20:S27)=0,G28,IFERROR(SUM(S27,C28,-D28),""))) -> 1973 | T28: =IFERROR(S28-G28,"") -> -503 | U28: =IF(OR(SUM(K28:O28)=0,SUM(O$20:O28)=0),"",IF(SUM(U$20:U27)=0,O28,IFERROR(SUM(U27,K28,-L28),""))) -> 6323 | V28: =IFERROR(U28-O28,"") -> 244
B29: دی | C29: =IFERROR(IF(SUM(واردات!C29,صادرات!C29)=0,"",SUM(واردات!C29,صادرات!C29)),"") -> 683 | D29: =IFERROR(IF(SUM(واردات!D29,صادرات!D29)=0,"",SUM(واردات!D29,صادرات!D29)),"") -> 1363 | E29: =IFERROR(IF(SUM(واردات!E29,صادرات!E29)=0,"",SUM(واردات!E29,صادرات!E29)),"") -> 20 | F29: =IFERROR(IF(SUM(واردات!F29,صادرات!F29)=0,"",SUM(واردات!F29,صادرات!F29)),"") | G29: =IFERROR(IF(SUM(واردات!G29,صادرات!G29)=0,"",SUM(واردات!G29,صادرات!G29)),"") -> 1981 | H29: =SUM(C29:F29) -> 2066 | J29: دی | K29: =IFERROR(IF(SUM(واردات!K29,صادرات!K29)=0,"",SUM(واردات!K29,صادرات!K29)),"") -> 2940 | L29: =IFERROR(IF(SUM(واردات!L29,صادرات!L29)=0,"",SUM(واردات!L29,صادرات!L29)),"") -> 3130 | M29: =IFERROR(IF(SUM(واردات!M29,صادرات!M29)=0,"",SUM(واردات!M29,صادرات!M29)),"") | N29: =IFERROR(IF(SUM(واردات!N29,صادرات!N29)=0,"",SUM(واردات!N29,صادرات!N29)),"") -> 39588 | O29: =IFERROR(IF(SUM(واردات!O29,صادرات!O29)=0,"",SUM(واردات!O29,صادرات!O29)),"") -> 5940 | P29: =SUM(K29:N29) -> 45658 | S29: =IF(OR(SUM(C29:G29)=0,SUM(G$20:G29)=0),"",IF(SUM(S$20:S28)=0,G29,IFERROR(SUM(S28,C29,-D29),""))) -> 1293 | T29: =IFERROR(S29-G29,"") -> -688 | U29: =IF(OR(SUM(K29:O29)=0,SUM(O$20:O29)=0),"",IF(SUM(U$20:U28)=0,O29,IFERROR(SUM(U28,K29,-L29),""))) -> 6133 | V29: =IFERROR(U29-O29,"") -> 193
B30: بهمن | C30: =IFERROR(IF(SUM(واردات!C30,صادرات!C30)=0,"",SUM(واردات!C30,صادرات!C30)),"") -> 155 | D30: =IFERROR(IF(SUM(واردات!D30,صادرات!D30)=0,"",SUM(واردات!D30,صادرات!D30)),"") -> 626 | E30: =IFERROR(IF(SUM(واردات!E30,صادرات!E30)=0,"",SUM(واردات!E30,صادرات!E30)),"") | F30: =IFERROR(IF(SUM(واردات!F30,صادرات!F30)=0,"",SUM(واردات!F30,صادرات!F30)),"") | G30: =IFERROR(IF(SUM(واردات!G30,صادرات!G30)=0,"",SUM(واردات!G30,صادرات!G30)),"") -> 1510 | H30: =SUM(C30:F30) -> 781 | J30: بهمن | K30: =IFERROR(IF(SUM(واردات!K30,صادرات!K30)=0,"",SUM(واردات!K30,صادرات!K30)),"") -> 1976 | L30: =IFERROR(IF(SUM(واردات!L30,صادرات!L30)=0,"",SUM(واردات!L30,صادرات!L30)),"") -> 3633 | M30: =IFERROR(IF(SUM(واردات!M30,صادرات!M30)=0,"",SUM(واردات!M30,صادرات!M30)),"") | N30: =IFERROR(IF(SUM(واردات!N30,صادرات!N30)=0,"",SUM(واردات!N30,صادرات!N30)),"") -> 64157 | O30: =IFERROR(IF(SUM(واردات!O30,صادرات!O30)=0,"",SUM(واردات!O30,صادرات!O30)),"") -> 4284 | P30: =SUM(K30:N30) -> 69766 | S30: =IF(OR(SUM(C30:G30)=0,SUM(G$20:G30)=0),"",IF(SUM(S$20:S29)=0,G30,IFERROR(SUM(S29,C30,-D30),""))) -> 822 | T30: =IFERROR(S30-G30,"") -> -688 | U30: =IF(OR(SUM(K30:O30)=0,SUM(O$20:O30)=0),"",IF(SUM(U$20:U29)=0,O30,IFERROR(SUM(U29,K30,-L30),""))) -> 4476 | V30: =IFERROR(U30-O30,"") -> 192
B31: اسفند | C31: =IFERROR(IF(SUM(واردات!C31,صادرات!C31)=0,"",SUM(واردات!C31,صادرات!C31)),"") -> 104 | D31: =IFERROR(IF(SUM(واردات!D31,صادرات!D31)=0,"",SUM(واردات!D31,صادرات!D31)),"") -> 912 | E31: =IFERROR(IF(SUM(واردات!E31,صادرات!E31)=0,"",SUM(واردات!E31,صادرات!E31)),"") | F31: =IFERROR(IF(SUM(واردات!F31,صادرات!F31)=0,"",SUM(واردات!F31,صادرات!F31)),"") | G31: =IFERROR(IF(SUM(واردات!G31,صادرات!G31)=0,"",SUM(واردات!G31,صادرات!G31)),"") -> 703 | H31: =SUM(C31:F31) -> 1016 | J31: اسفند | K31: =IFERROR(IF(SUM(واردات!K31,صادرات!K31)=0,"",SUM(واردات!K31,صادرات!K31)),"") -> 3320 | L31: =IFERROR(IF(SUM(واردات!L31,صادرات!L31)=0,"",SUM(واردات!L31,صادرات!L31)),"") -> 3155 | M31: =IFERROR(IF(SUM(واردات!M31,صادرات!M31)=0,"",SUM(واردات!M31,صادرات!M31)),"") | N31: =IFERROR(IF(SUM(واردات!N31,صادرات!N31)=0,"",SUM(واردات!N31,صادرات!N31)),"") -> 47203 | O31: =IFERROR(IF(SUM(واردات!O31,صادرات!O31)=0,"",SUM(واردات!O31,صادرات!O31)),"") -> 4573 | P31: =SUM(K31:N31) -> 53678 | S31: =IF(OR(SUM(C31:G31)=0,SUM(G$20:G31)=0),"",IF(SUM(S$20:S30)=0,G31,IFERROR(SUM(S30,C31,-D31),""))) -> 14 | T31: =IFERROR(S31-G31,"") -> -689 | U31: =IF(OR(SUM(K31:O31)=0,SUM(O$20:O31)=0),"",IF(SUM(U$20:U30)=0,O31,IFERROR(SUM(U30,K31,-L31),""))) -> 4641 | V31: =IFERROR(U31-O31,"") -> 68
B32: جمع | C32: =SUM(C20:C31) -> 15583 | D32: =SUM(D20:D31) -> 18392 | E32: =SUM(E20:E31) -> 3864 | F32: =SUM(F20:F31) -> 0 | G32: =IF(G31<>"",G31,IF(G30<>"",G30,IF(G29<>"",G29,IF(G28<>"",G28,IF(G27<>"",G27,IF(G26<>"",G26,IF(G25<>"",G25,IF(G24<>"",G24,IF(G23<>"",G23,IF(G22<>"",G22,IF(G21<>"",G21,IF(G20<>"",G20,"")))))))))))) -> 703 | H32: =SUM(C32:F32) -> 37839 | J32: جمع | K32: =SUM(K20:K31) -> 48793 | L32: =SUM(L20:L31) -> 51435 | M32: =SUM(M20:M31) -> 0 | N32: =SUM(N20:N31) -> 693234 | O32: =IF(O31<>"",O31,IF(O30<>"",O30,IF(O29<>"",O29,IF(O28<>"",O28,IF(O27<>"",O27,IF(O26<>"",O26,IF(O25<>"",O25,IF(O24<>"",O24,IF(O23<>"",O23,IF(O22<>"",O22,IF(O21<>"",O21,IF(O20<>"",O20,"")))))))))))) -> 4573 | P32: =SUM(K32:N32) -> 793462
B34: سرخس | J34: لطف آباد
B35: ماه | C35: تخلیه | D35: بارگیری | E35: حمل یکسره | F35: ترانشیپمنت | G35: رسوب | H35: جمع عملیاتی | J35: ماه | K35: تخلیه | L35: بارگیری | M35: حمل یکسره | N35: ترانشیپمنت | O35: رسوب | P35: جمع عملیاتی
B36: فروردین | C36: =IFERROR(IF(SUM(واردات!C36,صادرات!C36)=0,"",SUM(واردات!C36,صادرات!C36)),"") -> 1869 | D36: =IFERROR(IF(SUM(واردات!D36,صادرات!D36)=0,"",SUM(واردات!D36,صادرات!D36)),"") -> 1026 | E36: =IFERROR(IF(SUM(واردات!E36,صادرات!E36)=0,"",SUM(واردات!E36,صادرات!E36)),"") | F36: =IFERROR(IF(SUM(واردات!F36,صادرات!F36)=0,"",SUM(واردات!F36,صادرات!F36)),"") -> 4981 | G36: =IFERROR(IF(SUM(واردات!G36,صادرات!G36)=0,"",SUM(واردات!G36,صادرات!G36)),"") -> 1971 | H36: =SUM(C36:F36) -> 7876 | J36: فروردین | K36: =IFERROR(IF(SUM(واردات!K36,صادرات!K36)=0,"",SUM(واردات!K36,صادرات!K36)),"") -> 4129 | L36: =IFERROR(IF(SUM(واردات!L36,صادرات!L36)=0,"",SUM(واردات!L36,صادرات!L36)),"") -> 6007 | M36: =IFERROR(IF(SUM(واردات!M36,صادرات!M36)=0,"",SUM(واردات!M36,صادرات!M36)),"") | N36: =IFERROR(IF(SUM(واردات!N36,صادرات!N36)=0,"",SUM(واردات!N36,صادرات!N36)),"") -> 81641 | O36: =IFERROR(IF(SUM(واردات!O36,صادرات!O36)=0,"",SUM(واردات!O36,صادرات!O36)),"") -> 1311 | P36: =SUM(K36:N36) -> 91777 | S36: =IF(SUM(G36)=0,"",IFERROR(G36,"")) -> 1971 | T36: =IFERROR(S36-G36,"") -> 0 | U36: =IF(SUM(O36)=0,"",IFERROR(O36,"")) -> 1311 | V36: =IFERROR(U36-O36,"") -> 0
B37: اردیبهشت | C37: =IFERROR(IF(SUM(واردات!C37,صادرات!C37)=0,"",SUM(واردات!C37,صادرات!C37)),"") -> 2531 | D37: =IFERROR(IF(SUM(واردات!D37,صادرات!D37)=0,"",SUM(واردات!D37,صادرات!D37)),"") -> 2584 | E37: =IFERROR(IF(SUM(واردات!E37,صادرات!E37)=0,"",SUM(واردات!E37,صادرات!E37)),"") | F37: =IFERROR(IF(SUM(واردات!F37,صادرات!F37)=0,"",SUM(واردات!F37,صادرات!F37)),"") -> 8515 | G37: =IFERROR(IF(SUM(واردات!G37,صادرات!G37)=0,"",SUM(واردات!G37,صادرات!G37)),"") -> 1918 | H37: =SUM(C37:F37) -> 13630 | J37: اردیبهشت | K37: =IFERROR(IF(SUM(واردات!K37,صادرات!K37)=0,"",SUM(واردات!K37,صادرات!K37)),"") -> 6930 | L37: =IFERROR(IF(SUM(واردات!L37,صادرات!L37)=0,"",SUM(واردات!L37,صادرات!L37)),"") -> 6645 | M37: =IFERROR(IF(SUM(واردات!M37,صادرات!M37)=0,"",SUM(واردات!M37,صادرات!M37)),"") | N37: =IFERROR(IF(SUM(واردات!N37,صادرات!N37)=0,"",SUM(واردات!N37,صادرات!N37)),"") -> 72167 | O37: =IFERROR(IF(SUM(واردات!O37,صادرات!O37)=0,"",SUM(واردات!O37,صادرات!O37)),"") -> 1627 | P37: =SUM(K37:N37) -> 85742 | S37: =IF(OR(SUM(C37:G37)=0,SUM(G$36:G37)=0),"",IF(SUM(S$36:S36)=0,G37,IFERROR(SUM(S36,C37,-D37),""))) -> 1918 | T37: =IFERROR(S37-G37,"") -> 0 | U37: =IF(OR(SUM(K37:O37)=0,SUM(O$36:O37)=0),"",IF(SUM(U$36:U36)=0,O37,IFERROR(SUM(U36,K37,-L37),""))) -> 1596 | V37: =IFERROR(U37-O37,"") -> -31
B38: خرداد | C38: =IFERROR(IF(SUM(واردات!C38,صادرات!C38)=0,"",SUM(واردات!C38,صادرات!C38)),"") -> 1484 | D38: =IFERROR(IF(SUM(واردات!D38,صادرات!D38)=0,"",SUM(واردات!D38,صادرات!D38)),"") -> 1871 | E38: =IFERROR(IF(SUM(واردات!E38,صادرات!E38)=0,"",SUM(واردات!E38,صادرات!E38)),"") | F38: =IFERROR(IF(SUM(واردات!F38,صادرات!F38)=0,"",SUM(واردات!F38,صادرات!F38)),"") -> 8339 | G38: =IFERROR(IF(SUM(واردات!G38,صادرات!G38)=0,"",SUM(واردات!G38,صادرات!G38)),"") -> 1547 | H38: =SUM(C38:F38) -> 11694 | J38: خرداد | K38: =IFERROR(IF(SUM(واردات!K38,صادرات!K38)=0,"",SUM(واردات!K38,صادرات!K38)),"") -> 8823 | L38: =IFERROR(IF(SUM(واردات!L38,صادرات!L38)=0,"",SUM(واردات!L38,صادرات!L38)),"") -> 6130 | M38: =IFERROR(IF(SUM(واردات!M38,صادرات!M38)=0,"",SUM(واردات!M38,صادرات!M38)),"") | N38: =IFERROR(IF(SUM(واردات!N38,صادرات!N38)=0,"",SUM(واردات!N38,صادرات!N38)),"") -> 60319 | O38: =IFERROR(IF(SUM(واردات!O38,صادرات!O38)=0,"",SUM(واردات!O38,صادرات!O38)),"") -> 4320 | P38: =SUM(K38:N38) -> 75272 | S38: =IF(OR(SUM(C38:G38)=0,SUM(G$36:G38)=0),"",IF(SUM(S$36:S37)=0,G38,IFERROR(SUM(S37,C38,-D38),""))) -> 1531 | T38: =IFERROR(S38-G38,"") -> -16 | U38: =IF(OR(SUM(K38:O38)=0,SUM(O$36:O38)=0),"",IF(SUM(U$36:U37)=0,O38,IFERROR(SUM(U37,K38,-L38),""))) -> 4289 | V38: =IFERROR(U38-O38,"") -> -31
B39: تیر | C39: =IFERROR(IF(SUM(واردات!C39,صادرات!C39)=0,"",SUM(واردات!C39,صادرات!C39)),"") -> 1396 | D39: =IFERROR(IF(SUM(واردات!D39,صادرات!D39)=0,"",SUM(واردات!D39,صادرات!D39)),"") -> 2028 | E39: =IFERROR(IF(SUM(واردات!E39,صادرات!E39)=0,"",SUM(واردات!E39,صادرات!E39)),"") | F39: =IFERROR(IF(SUM(واردات!F39,صادرات!F39)=0,"",SUM(واردات!F39,صادرات!F39)),"") -> 8352 | G39: =IFERROR(IF(SUM(واردات!G39,صادرات!G39)=0,"",SUM(واردات!G39,صادرات!G39)),"") -> 1220 | H39: =SUM(C39:F39) -> 11776 | J39: تیر | K39: =IFERROR(IF(SUM(واردات!K39,صادرات!K39)=0,"",SUM(واردات!K39,صادرات!K39)),"") -> 5564 | L39: =IFERROR(IF(SUM(واردات!L39,صادرات!L39)=0,"",SUM(واردات!L39,صادرات!L39)),"") -> 7048 | M39: =IFERROR(IF(SUM(واردات!M39,صادرات!M39)=0,"",SUM(واردات!M39,صادرات!M39)),"") | N39: =IFERROR(IF(SUM(واردات!N39,صادرات!N39)=0,"",SUM(واردات!N39,صادرات!N39)),"") -> 60422 | O39: =IFERROR(IF(SUM(واردات!O39,صادرات!O39)=0,"",SUM(واردات!O39,صادرات!O39)),"") -> 2858 | P39: =SUM(K39:N39) -> 73034 | S39: =IF(OR(SUM(C39:G39)=0,SUM(G$36:G39)=0),"",IF(SUM(S$36:S38)=0,G39,IFERROR(SUM(S38,C39,-D39),""))) -> 899 | T39: =IFERROR(S39-G39,"") -> -321 | U39: =IF(OR(SUM(K39:O39)=0,SUM(O$36:O39)=0),"",IF(SUM(U$36:U38)=0,O39,IFERROR(SUM(U38,K39,-L39),""))) -> 2805 | V39: =IFERROR(U39-O39,"") -> -53
B40: مرداد | C40: =IFERROR(IF(SUM(واردات!C40,صادرات!C40)=0,"",SUM(واردات!C40,صادرات!C40)),"") -> 4003 | D40: =IFERROR(IF(SUM(واردات!D40,صادرات!D40)=0,"",SUM(واردات!D40,صادرات!D40)),"") -> 2096 | E40: =IFERROR(IF(SUM(واردات!E40,صادرات!E40)=0,"",SUM(واردات!E40,صادرات!E40)),"") | F40: =IFERROR(IF(SUM(واردات!F40,صادرات!F40)=0,"",SUM(واردات!F40,صادرات!F40)),"") -> 11957 | G40: =IFERROR(IF(SUM(واردات!G40,صادرات!G40)=0,"",SUM(واردات!G40,صادرات!G40)),"") -> 4847 | H40: =SUM(C40:F40) -> 18056 | J40: مرداد | K40: =IFERROR(IF(SUM(واردات!K40,صادرات!K40)=0,"",SUM(واردات!K40,صادرات!K40)),"") -> 8594 | L40: =IFERROR(IF(SUM(واردات!L40,صادرات!L40)=0,"",SUM(واردات!L40,صادرات!L40)),"") -> 7428 | M40: =IFERROR(IF(SUM(واردات!M40,صادرات!M40)=0,"",SUM(واردات!M40,صادرات!M40)),"") | N40: =IFERROR(IF(SUM(واردات!N40,صادرات!N40)=0,"",SUM(واردات!N40,صادرات!N40)),"") -> 69420 | O40: =IFERROR(IF(SUM(واردات!O40,صادرات!O40)=0,"",SUM(واردات!O40,صادرات!O40)),"") -> 4039 | P40: =SUM(K40:N40) -> 85442 | S40: =IF(OR(SUM(C40:G40)=0,SUM(G$36:G40)=0),"",IF(SUM(S$36:S39)=0,G40,IFERROR(SUM(S39,C40,-D40),""))) -> 2806 | T40: =IFERROR(S40-G40,"") -> -2041 | U40: =IF(OR(SUM(K40:O40)=0,SUM(O$36:O40)=0),"",IF(SUM(U$36:U39)=0,O40,IFERROR(SUM(U39,K40,-L40),""))) -> 3971 | V40: =IFERROR(U40-O40,"") -> -68
B41: شهریور | C41: =IFERROR(IF(SUM(واردات!C41,صادرات!C41)=0,"",SUM(واردات!C41,صادرات!C41)),"") -> 2703 | D41: =IFERROR(IF(SUM(واردات!D41,صادرات!D41)=0,"",SUM(واردات!D41,صادرات!D41)),"") -> 3423 | E41: =IFERROR(IF(SUM(واردات!E41,صادرات!E41)=0,"",SUM(واردات!E41,صادرات!E41)),"") | F41: =IFERROR(IF(SUM(واردات!F41,صادرات!F41)=0,"",SUM(واردات!F41,صادرات!F41)),"") -> 14592 | G41: =IFERROR(IF(SUM(واردات!G41,صادرات!G41)=0,"",SUM(واردات!G41,صادرات!G41)),"") -> 2373 | H41: =SUM(C41:F41) -> 20718 | J41: شهریور | K41: =IFERROR(IF(SUM(واردات!K41,صادرات!K41)=0,"",SUM(واردات!K41,صادرات!K41)),"") -> 9553 | L41: =IFERROR(IF(SUM(واردات!L41,صادرات!L41)=0,"",SUM(واردات!L41,صادرات!L41)),"") -> 8018 | M41: =IFERROR(IF(SUM(واردات!M41,صادرات!M41)=0,"",SUM(واردات!M41,صادرات!M41)),"") | N41: =IFERROR(IF(SUM(واردات!N41,صادرات!N41)=0,"",SUM(واردات!N41,صادرات!N41)),"") -> 74201 | O41: =IFERROR(IF(SUM(واردات!O41,صادرات!O41)=0,"",SUM(واردات!O41,صادرات!O41)),"") -> 5608 | P41: =SUM(K41:N41) -> 91772 | S41: =IF(OR(SUM(C41:G41)=0,SUM(G$36:G41)=0),"",IF(SUM(S$36:S40)=0,G41,IFERROR(SUM(S40,C41,-D41),""))) -> 2086 | T41: =IFERROR(S41-G41,"") -> -287 | U41: =IF(OR(SUM(K41:O41)=0,SUM(O$36:O41)=0),"",IF(SUM(U$36:U40)=0,O41,IFERROR(SUM(U40,K41,-L41),""))) -> 5506 | V41: =IFERROR(U41-O41,"") -> -102
B42: مهر | C42: =IFERROR(IF(SUM(واردات!C42,صادرات!C42)=0,"",SUM(واردات!C42,صادرات!C42)),"") -> 3183 | D42: =IFERROR(IF(SUM(واردات!D42,صادرات!D42)=0,"",SUM(واردات!D42,صادرات!D42)),"") -> 2946 | E42: =IFERROR(IF(SUM(واردات!E42,صادرات!E42)=0,"",SUM(واردات!E42,صادرات!E42)),"") | F42: =IFERROR(IF(SUM(واردات!F42,صادرات!F42)=0,"",SUM(واردات!F42,صادرات!F42)),"") -> 14671 | G42: =IFERROR(IF(SUM(واردات!G42,صادرات!G42)=0,"",SUM(واردات!G42,صادرات!G42)),"") -> 2713 | H42: =SUM(C42:F42) -> 20800 | J42: مهر | K42: =IFERROR(IF(SUM(واردات!K42,صادرات!K42)=0,"",SUM(واردات!K42,صادرات!K42)),"") -> 8905 | L42: =IFERROR(IF(SUM(واردات!L42,صادرات!L42)=0,"",SUM(واردات!L42,صادرات!L42)),"") -> 8229 | M42: =IFERROR(IF(SUM(واردات!M42,صادرات!M42)=0,"",SUM(واردات!M42,صادرات!M42)),"") | N42: =IFERROR(IF(SUM(واردات!N42,صادرات!N42)=0,"",SUM(واردات!N42,صادرات!N42)),"") -> 72407 | O42: =IFERROR(IF(SUM(واردات!O42,صادرات!O42)=0,"",SUM(واردات!O42,صادرات!O42)),"") -> 6314 | P42: =SUM(K42:N42) -> 89541 | S42: =IF(OR(SUM(C42:G42)=0,SUM(G$36:G42)=0),"",IF(SUM(S$36:S41)=0,G42,IFERROR(SUM(S41,C42,-D42),""))) -> 2323 | T42: =IFERROR(S42-G42,"") -> -390 | U42: =IF(OR(SUM(K42:O42)=0,SUM(O$36:O42)=0),"",IF(SUM(U$36:U41)=0,O42,IFERROR(SUM(U41,K42,-L42),""))) -> 6182 | V42: =IFERROR(U42-O42,"") -> -132
B43: آبان | C43: =IFERROR(IF(SUM(واردات!C43,صادرات!C43)=0,"",SUM(واردات!C43,صادرات!C43)),"") -> 4223 | D43: =IFERROR(IF(SUM(واردات!D43,صادرات!D43)=0,"",SUM(واردات!D43,صادرات!D43)),"") -> 3815 | E43: =IFERROR(IF(SUM(واردات!E43,صادرات!E43)=0,"",SUM(واردات!E43,صادرات!E43)),"") | F43: =IFERROR(IF(SUM(واردات!F43,صادرات!F43)=0,"",SUM(واردات!F43,صادرات!F43)),"") -> 14098 | G43: =IFERROR(IF(SUM(واردات!G43,صادرات!G43)=0,"",SUM(واردات!G43,صادرات!G43)),"") -> 2773 | H43: =SUM(C43:F43) -> 22136 | J43: آبان | K43: =IFERROR(IF(SUM(واردات!K43,صادرات!K43)=0,"",SUM(واردات!K43,صادرات!K43)),"") -> 7460 | L43: =IFERROR(IF(SUM(واردات!L43,صادرات!L43)=0,"",SUM(واردات!L43,صادرات!L43)),"") -> 9283 | M43: =IFERROR(IF(SUM(واردات!M43,صادرات!M43)=0,"",SUM(واردات!M43,صادرات!M43)),"") | N43: =IFERROR(IF(SUM(واردات!N43,صادرات!N43)=0,"",SUM(واردات!N43,صادرات!N43)),"") -> 81270 | O43: =IFERROR(IF(SUM(واردات!O43,صادرات!O43)=0,"",SUM(واردات!O43,صادرات!O43)),"") -> 4585 | P43: =SUM(K43:N43) -> 98013 | S43: =IF(OR(SUM(C43:G43)=0,SUM(G$36:G43)=0),"",IF(SUM(S$36:S42)=0,G43,IFERROR(SUM(S42,C43,-D43),""))) -> 2731 | T43: =IFERROR(S43-G43,"") -> -42 | U43: =IF(OR(SUM(K43:O43)=0,SUM(O$36:O43)=0),"",IF(SUM(U$36:U42)=0,O43,IFERROR(SUM(U42,K43,-L43),""))) -> 4359 | V43: =IFERROR(U43-O43,"") -> -226
B44: آذر | C44: =IFERROR(IF(SUM(واردات!C44,صادرات!C44)=0,"",SUM(واردات!C44,صادرات!C44)),"") -> 2828 | D44: =IFERROR(IF(SUM(واردات!D44,صادرات!D44)=0,"",SUM(واردات!D44,صادرات!D44)),"") -> 3613 | E44: =IFERROR(IF(SUM(واردات!E44,صادرات!E44)=0,"",SUM(واردات!E44,صادرات!E44)),"") | F44: =IFERROR(IF(SUM(واردات!F44,صادرات!F44)=0,"",SUM(واردات!F44,صادرات!F44)),"") -> 14619 | G44: =IFERROR(IF(SUM(واردات!G44,صادرات!G44)=0,"",SUM(واردات!G44,صادرات!G44)),"") -> 2024 | H44: =SUM(C44:F44) -> 21060 | J44: آذر | K44: =IFERROR(IF(SUM(واردات!K44,صادرات!K44)=0,"",SUM(واردات!K44,صادرات!K44)),"") -> 9530 | L44: =IFERROR(IF(SUM(واردات!L44,صادرات!L44)=0,"",SUM(واردات!L44,صادرات!L44)),"") -> 6946 | M44: =IFERROR(IF(SUM(واردات!M44,صادرات!M44)=0,"",SUM(واردات!M44,صادرات!M44)),"") | N44: =IFERROR(IF(SUM(واردات!N44,صادرات!N44)=0,"",SUM(واردات!N44,صادرات!N44)),"") -> 84461 | O44: =IFERROR(IF(SUM(واردات!O44,صادرات!O44)=0,"",SUM(واردات!O44,صادرات!O44)),"") -> 7184 | P44: =SUM(K44:N44) -> 100937 | S44: =IF(OR(SUM(C44:G44)=0,SUM(G$36:G44)=0),"",IF(SUM(S$36:S43)=0,G44,IFERROR(SUM(S43,C44,-D44),""))) -> 1946 | T44: =IFERROR(S44-G44,"") -> -78 | U44: =IF(OR(SUM(K44:O44)=0,SUM(O$36:O44)=0),"",IF(SUM(U$36:U43)=0,O44,IFERROR(SUM(U43,K44,-L44),""))) -> 6943 | V44: =IFERROR(U44-O44,"") -> -241
B45: دی | C45: =IFERROR(IF(SUM(واردات!C45,صادرات!C45)=0,"",SUM(واردات!C45,صادرات!C45)),"") -> 2009 | D45: =IFERROR(IF(SUM(واردات!D45,صادرات!D45)=0,"",SUM(واردات!D45,صادرات!D45)),"") -> 2240 | E45: =IFERROR(IF(SUM(واردات!E45,صادرات!E45)=0,"",SUM(واردات!E45,صادرات!E45)),"") | F45: =IFERROR(IF(SUM(واردات!F45,صادرات!F45)=0,"",SUM(واردات!F45,صادرات!F45)),"") -> 17629 | G45: =IFERROR(IF(SUM(واردات!G45,صادرات!G45)=0,"",SUM(واردات!G45,صادرات!G45)),"") -> 2484 | H45: =SUM(C45:F45) -> 21878 | J45: دی | K45: =IFERROR(IF(SUM(واردات!K45,صادرات!K45)=0,"",SUM(واردات!K45,صادرات!K45)),"") -> 6303 | L45: =IFERROR(IF(SUM(واردات!L45,صادرات!L45)=0,"",SUM(واردات!L45,صادرات!L45)),"") -> 7448 | M45: =IFERROR(IF(SUM(واردات!M45,صادرات!M45)=0,"",SUM(واردات!M45,صادرات!M45)),"") | N45: =IFERROR(IF(SUM(واردات!N45,صادرات!N45)=0,"",SUM(واردات!N45,صادرات!N45)),"") -> 84263 | O45: =IFERROR(IF(SUM(واردات!O45,صادرات!O45)=0,"",SUM(واردات!O45,صادرات!O45)),"") -> 6077 | P45: =SUM(K45:N45) -> 98014 | S45: =IF(OR(SUM(C45:G45)=0,SUM(G$36:G45)=0),"",IF(SUM(S$36:S44)=0,G45,IFERROR(SUM(S44,C45,-D45),""))) -> 1715 | T45: =IFERROR(S45-G45,"") -> -769 | U45: =IF(OR(SUM(K45:O45)=0,SUM(O$36:O45)=0),"",IF(SUM(U$36:U44)=0,O45,IFERROR(SUM(U44,K45,-L45),""))) -> 5798 | V45: =IFERROR(U45-O45,"") -> -279
B46: بهمن | C46: =IFERROR(IF(SUM(واردات!C46,صادرات!C46)=0,"",SUM(واردات!C46,صادرات!C46)),"") -> 2542 | D46: =IFERROR(IF(SUM(واردات!D46,صادرات!D46)=0,"",SUM(واردات!D46,صادرات!D46)),"") -> 2325 | E46: =IFERROR(IF(SUM(واردات!E46,صادرات!E46)=0,"",SUM(واردات!E46,صادرات!E46)),"") | F46: =IFERROR(IF(SUM(واردات!F46,صادرات!F46)=0,"",SUM(واردات!F46,صادرات!F46)),"") -> 18635 | G46: =IFERROR(IF(SUM(واردات!G46,صادرات!G46)=0,"",SUM(واردات!G46,صادرات!G46)),"") -> 2249 | H46: =SUM(C46:F46) -> 23502 | J46: بهمن | K46: =IFERROR(IF(SUM(واردات!K46,صادرات!K46)=0,"",SUM(واردات!K46,صادرات!K46)),"") -> 9777 | L46: =IFERROR(IF(SUM(واردات!L46,صادرات!L46)=0,"",SUM(واردات!L46,صادرات!L46)),"") -> 7490 | M46: =IFERROR(IF(SUM(واردات!M46,صادرات!M46)=0,"",SUM(واردات!M46,صادرات!M46)),"") | N46: =IFERROR(IF(SUM(واردات!N46,صادرات!N46)=0,"",SUM(واردات!N46,صادرات!N46)),"") -> 84744 | O46: =IFERROR(IF(SUM(واردات!O46,صادرات!O46)=0,"",SUM(واردات!O46,صادرات!O46)),"") -> 8365 | P46: =SUM(K46:N46) -> 102011 | S46: =IF(OR(SUM(C46:G46)=0,SUM(G$36:G46)=0),"",IF(SUM(S$36:S45)=0,G46,IFERROR(SUM(S45,C46,-D46),""))) -> 1932 | T46: =IFERROR(S46-G46,"") -> -317 | U46: =IF(OR(SUM(K46:O46)=0,SUM(O$36:O46)=0),"",IF(SUM(U$36:U45)=0,O46,IFERROR(SUM(U45,K46,-L46),""))) -> 8085 | V46: =IFERROR(U46-O46,"") -> -280
B47: اسفند | C47: =IFERROR(IF(SUM(واردات!C47,صادرات!C47)=0,"",SUM(واردات!C47,صادرات!C47)),"") -> 1702 | D47: =IFERROR(IF(SUM(واردات!D47,صادرات!D47)=0,"",SUM(واردات!D47,صادرات!D47)),"") -> 2337 | E47: =IFERROR(IF(SUM(واردات!E47,صادرات!E47)=0,"",SUM(واردات!E47,صادرات!E47)),"") | F47: =IFERROR(IF(SUM(واردات!F47,صادرات!F47)=0,"",SUM(واردات!F47,صادرات!F47)),"") -> 9951 | G47: =IFERROR(IF(SUM(واردات!G47,صادرات!G47)=0,"",SUM(واردات!G47,صادرات!G47)),"") -> 280 | H47: =SUM(C47:F47) -> 13990 | J47: اسفند | K47: =IFERROR(IF(SUM(واردات!K47,صادرات!K47)=0,"",SUM(واردات!K47,صادرات!K47)),"") -> 10088 | L47: =IFERROR(IF(SUM(واردات!L47,صادرات!L47)=0,"",SUM(واردات!L47,صادرات!L47)),"") -> 8596 | M47: =IFERROR(IF(SUM(واردات!M47,صادرات!M47)=0,"",SUM(واردات!M47,صادرات!M47)),"") | N47: =IFERROR(IF(SUM(واردات!N47,صادرات!N47)=0,"",SUM(واردات!N47,صادرات!N47)),"") -> 86761 | O47: =IFERROR(IF(SUM(واردات!O47,صادرات!O47)=0,"",SUM(واردات!O47,صادرات!O47)),"") -> 9872 | P47: =SUM(K47:N47) -> 105445 | S47: =IF(OR(SUM(C47:G47)=0,SUM(G$36:G47)=0),"",IF(SUM(S$36:S46)=0,G47,IFERROR(SUM(S46,C47,-D47),""))) -> 1297 | T47: =IFERROR(S47-G47,"") -> 1017 | U47: =IF(OR(SUM(K47:O47)=0,SUM(O$36:O47)=0),"",IF(SUM(U$36:U46)=0,O47,IFERROR(SUM(U46,K47,-L47),""))) -> 9577 | V47: =IFERROR(U47-O47,"") -> -295
B48: جمع | C48: =SUM(C36:C47) -> 30473 | D48: =SUM(D36:D47) -> 30304 | E48: =SUM(E36:E47) -> 0 | F48: =SUM(F36:F47) -> 146339 | G48: =IF(G47<>"",G47,IF(G46<>"",G46,IF(G45<>"",G45,IF(G44<>"",G44,IF(G43<>"",G43,IF(G42<>"",G42,IF(G41<>"",G41,IF(G40<>"",G40,IF(G39<>"",G39,IF(G38<>"",G38,IF(G37<>"",G37,IF(G36<>"",G36,"")))))))))))) -> 280 | H48: =SUM(C48:F48) -> 207116 | J48: جمع | K48: =SUM(K36:K47) -> 95656 | L48: =SUM(L36:L47) -> 89268 | M48: =SUM(M36:M47) -> 0 | N48: =SUM(N36:N47) -> 912076 | O48: =IF(O47<>"",O47,IF(O46<>"",O46,IF(O45<>"",O45,IF(O44<>"",O44,IF(O43<>"",O43,IF(O42<>"",O42,IF(O41<>"",O41,IF(O40<>"",O40,IF(O39<>"",O39,IF(O38<>"",O38,IF(O37<>"",O37,IF(O36<>"",O36,"")))))))))))) -> 9872 | P48: =SUM(K48:N48) -> 1097000
B50: نیشابور | J50: دوغارون
B51: ماه | C51: تخلیه | D51: بارگیری | E51: حمل یکسره | F51: ترانشیپمنت | G51: رسوب | H51: جمع عملیاتی | J51: ماه | K51: تخلیه | L51: بارگیری | M51: حمل یکسره | N51: ترانشیپمنت | O51: رسوب | P51: جمع عملیاتی
B52: فروردین | C52: =IFERROR(IF(SUM(واردات!C52,صادرات!C52)=0,"",SUM(واردات!C52,صادرات!C52)),"") -> 2040 | D52: =IFERROR(IF(SUM(واردات!D52,صادرات!D52)=0,"",SUM(واردات!D52,صادرات!D52)),"") -> 3904 | E52: =IFERROR(IF(SUM(واردات!E52,صادرات!E52)=0,"",SUM(واردات!E52,صادرات!E52)),"") | F52: =IFERROR(IF(SUM(واردات!F52,صادرات!F52)=0,"",SUM(واردات!F52,صادرات!F52)),"") | G52: =IFERROR(IF(SUM(واردات!G52,صادرات!G52)=0,"",SUM(واردات!G52,صادرات!G52)),"") -> 6915 | H52: =SUM(C52:F52) -> 5944 | J52: فروردین | K52: =IFERROR(IF(SUM(واردات!K52,صادرات!K52)=0,"",SUM(واردات!K52,صادرات!K52)),"") -> 5759 | L52: =IFERROR(IF(SUM(واردات!L52,صادرات!L52)=0,"",SUM(واردات!L52,صادرات!L52)),"") -> 5394 | M52: =IFERROR(IF(SUM(واردات!M52,صادرات!M52)=0,"",SUM(واردات!M52,صادرات!M52)),"") | N52: =IFERROR(IF(SUM(واردات!N52,صادرات!N52)=0,"",SUM(واردات!N52,صادرات!N52)),"") -> 5084 | O52: =IFERROR(IF(SUM(واردات!O52,صادرات!O52)=0,"",SUM(واردات!O52,صادرات!O52)),"") -> 10171 | P52: =SUM(K52:N52) -> 16237 | S52: =IF(SUM(G52)=0,"",IFERROR(G52,"")) -> 6915 | T52: =IFERROR(S52-G52,"") -> 0 | U52: =IF(SUM(O52)=0,"",IFERROR(O52,"")) -> 10171 | V52: =IFERROR(U52-O52,"") -> 0
B53: اردیبهشت | C53: =IFERROR(IF(SUM(واردات!C53,صادرات!C53)=0,"",SUM(واردات!C53,صادرات!C53)),"") -> 1113 | D53: =IFERROR(IF(SUM(واردات!D53,صادرات!D53)=0,"",SUM(واردات!D53,صادرات!D53)),"") -> 1823 | E53: =IFERROR(IF(SUM(واردات!E53,صادرات!E53)=0,"",SUM(واردات!E53,صادرات!E53)),"") | F53: =IFERROR(IF(SUM(واردات!F53,صادرات!F53)=0,"",SUM(واردات!F53,صادرات!F53)),"") | G53: =IFERROR(IF(SUM(واردات!G53,صادرات!G53)=0,"",SUM(واردات!G53,صادرات!G53)),"") -> 6205 | H53: =SUM(C53:F53) -> 2936 | J53: اردیبهشت | K53: =IFERROR(IF(SUM(واردات!K53,صادرات!K53)=0,"",SUM(واردات!K53,صادرات!K53)),"") -> 3994 | L53: =IFERROR(IF(SUM(واردات!L53,صادرات!L53)=0,"",SUM(واردات!L53,صادرات!L53)),"") -> 4599 | M53: =IFERROR(IF(SUM(واردات!M53,صادرات!M53)=0,"",SUM(واردات!M53,صادرات!M53)),"") -> 50 | N53: =IFERROR(IF(SUM(واردات!N53,صادرات!N53)=0,"",SUM(واردات!N53,صادرات!N53)),"") -> 7806 | O53: =IFERROR(IF(SUM(واردات!O53,صادرات!O53)=0,"",SUM(واردات!O53,صادرات!O53)),"") -> 9521 | P53: =SUM(K53:N53) -> 16449 | S53: =IF(OR(SUM(C53:G53)=0,SUM(G$52:G53)=0),"",IF(SUM(S$52:S52)=0,G53,IFERROR(SUM(S52,C53,-D53),""))) -> 6205 | T53: =IFERROR(S53-G53,"") -> 0 | U53: =IF(OR(SUM(K53:O53)=0,SUM(O$52:O53)=0),"",IF(SUM(U$52:U52)=0,O53,IFERROR(SUM(U52,K53,-L53),""))) -> 9566 | V53: =IFERROR(U53-O53,"") -> 45
B54: خرداد | C54: =IFERROR(IF(SUM(واردات!C54,صادرات!C54)=0,"",SUM(واردات!C54,صادرات!C54)),"") -> 381 | D54: =IFERROR(IF(SUM(واردات!D54,صادرات!D54)=0,"",SUM(واردات!D54,صادرات!D54)),"") -> 1360 | E54: =IFERROR(IF(SUM(واردات!E54,صادرات!E54)=0,"",SUM(واردات!E54,صادرات!E54)),"") | F54: =IFERROR(IF(SUM(واردات!F54,صادرات!F54)=0,"",SUM(واردات!F54,صادرات!F54)),"") | G54: =IFERROR(IF(SUM(واردات!G54,صادرات!G54)=0,"",SUM(واردات!G54,صادرات!G54)),"") -> 5203 | H54: =SUM(C54:F54) -> 1741 | J54: خرداد | K54: =IFERROR(IF(SUM(واردات!K54,صادرات!K54)=0,"",SUM(واردات!K54,صادرات!K54)),"") -> 2459 | L54: =IFERROR(IF(SUM(واردات!L54,صادرات!L54)=0,"",SUM(واردات!L54,صادرات!L54)),"") -> 2714 | M54: =IFERROR(IF(SUM(واردات!M54,صادرات!M54)=0,"",SUM(واردات!M54,صادرات!M54)),"") | N54: =IFERROR(IF(SUM(واردات!N54,صادرات!N54)=0,"",SUM(واردات!N54,صادرات!N54)),"") -> 5073 | O54: =IFERROR(IF(SUM(واردات!O54,صادرات!O54)=0,"",SUM(واردات!O54,صادرات!O54)),"") -> 9314 | P54: =SUM(K54:N54) -> 10246 | S54: =IF(OR(SUM(C54:G54)=0,SUM(G$52:G54)=0),"",IF(SUM(S$52:S53)=0,G54,IFERROR(SUM(S53,C54,-D54),""))) -> 5226 | T54: =IFERROR(S54-G54,"") -> 23 | U54: =IF(OR(SUM(K54:O54)=0,SUM(O$52:O54)=0),"",IF(SUM(U$52:U53)=0,O54,IFERROR(SUM(U53,K54,-L54),""))) -> 9311 | V54: =IFERROR(U54-O54,"") -> -3
B55: تیر | C55: =IFERROR(IF(SUM(واردات!C55,صادرات!C55)=0,"",SUM(واردات!C55,صادرات!C55)),"") -> 145 | D55: =IFERROR(IF(SUM(واردات!D55,صادرات!D55)=0,"",SUM(واردات!D55,صادرات!D55)),"") -> 1671 | E55: =IFERROR(IF(SUM(واردات!E55,صادرات!E55)=0,"",SUM(واردات!E55,صادرات!E55)),"") | F55: =IFERROR(IF(SUM(واردات!F55,صادرات!F55)=0,"",SUM(واردات!F55,صادرات!F55)),"") | G55: =IFERROR(IF(SUM(واردات!G55,صادرات!G55)=0,"",SUM(واردات!G55,صادرات!G55)),"") -> 4080 | H55: =SUM(C55:F55) -> 1816 | J55: تیر | K55: =IFERROR(IF(SUM(واردات!K55,صادرات!K55)=0,"",SUM(واردات!K55,صادرات!K55)),"") -> 4416 | L55: =IFERROR(IF(SUM(واردات!L55,صادرات!L55)=0,"",SUM(واردات!L55,صادرات!L55)),"") -> 5064 | M55: =IFERROR(IF(SUM(واردات!M55,صادرات!M55)=0,"",SUM(واردات!M55,صادرات!M55)),"") | N55: =IFERROR(IF(SUM(واردات!N55,صادرات!N55)=0,"",SUM(واردات!N55,صادرات!N55)),"") -> 9685 | O55: =IFERROR(IF(SUM(واردات!O55,صادرات!O55)=0,"",SUM(واردات!O55,صادرات!O55)),"") -> 8815 | P55: =SUM(K55:N55) -> 19165 | S55: =IF(OR(SUM(C55:G55)=0,SUM(G$52:G55)=0),"",IF(SUM(S$52:S54)=0,G55,IFERROR(SUM(S54,C55,-D55),""))) -> 3700 | T55: =IFERROR(S55-G55,"") -> -380 | U55: =IF(OR(SUM(K55:O55)=0,SUM(O$52:O55)=0),"",IF(SUM(U$52:U54)=0,O55,IFERROR(SUM(U54,K55,-L55),""))) -> 8663 | V55: =IFERROR(U55-O55,"") -> -152
B56: مرداد | C56: =IFERROR(IF(SUM(واردات!C56,صادرات!C56)=0,"",SUM(واردات!C56,صادرات!C56)),"") -> 627 | D56: =IFERROR(IF(SUM(واردات!D56,صادرات!D56)=0,"",SUM(واردات!D56,صادرات!D56)),"") -> 1608 | E56: =IFERROR(IF(SUM(واردات!E56,صادرات!E56)=0,"",SUM(واردات!E56,صادرات!E56)),"") -> 1 | F56: =IFERROR(IF(SUM(واردات!F56,صادرات!F56)=0,"",SUM(واردات!F56,صادرات!F56)),"") | G56: =IFERROR(IF(SUM(واردات!G56,صادرات!G56)=0,"",SUM(واردات!G56,صادرات!G56)),"") -> 3099 | H56: =SUM(C56:F56) -> 2236 | J56: مرداد | K56: =IFERROR(IF(SUM(واردات!K56,صادرات!K56)=0,"",SUM(واردات!K56,صادرات!K56)),"") -> 3408 | L56: =IFERROR(IF(SUM(واردات!L56,صادرات!L56)=0,"",SUM(واردات!L56,صادرات!L56)),"") -> 11314 | M56: =IFERROR(IF(SUM(واردات!M56,صادرات!M56)=0,"",SUM(واردات!M56,صادرات!M56)),"") | N56: =IFERROR(IF(SUM(واردات!N56,صادرات!N56)=0,"",SUM(واردات!N56,صادرات!N56)),"") -> 9860 | O56: =IFERROR(IF(SUM(واردات!O56,صادرات!O56)=0,"",SUM(واردات!O56,صادرات!O56)),"") -> 1019 | P56: =SUM(K56:N56) -> 24582 | S56: =IF(OR(SUM(C56:G56)=0,SUM(G$52:G56)=0),"",IF(SUM(S$52:S55)=0,G56,IFERROR(SUM(S55,C56,-D56),""))) -> 2719 | T56: =IFERROR(S56-G56,"") -> -380 | U56: =IF(OR(SUM(K56:O56)=0,SUM(O$52:O56)=0),"",IF(SUM(U$52:U55)=0,O56,IFERROR(SUM(U55,K56,-L56),""))) -> 757 | V56: =IFERROR(U56-O56,"") -> -262
B57: شهریور | C57: =IFERROR(IF(SUM(واردات!C57,صادرات!C57)=0,"",SUM(واردات!C57,صادرات!C57)),"") -> 542 | D57: =IFERROR(IF(SUM(واردات!D57,صادرات!D57)=0,"",SUM(واردات!D57,صادرات!D57)),"") -> 460 | E57: =IFERROR(IF(SUM(واردات!E57,صادرات!E57)=0,"",SUM(واردات!E57,صادرات!E57)),"") | F57: =IFERROR(IF(SUM(واردات!F57,صادرات!F57)=0,"",SUM(واردات!F57,صادرات!F57)),"") | G57: =IFERROR(IF(SUM(واردات!G57,صادرات!G57)=0,"",SUM(واردات!G57,صادرات!G57)),"") -> 3181 | H57: =SUM(C57:F57) -> 1002 | J57: شهریور | K57: =IFERROR(IF(SUM(واردات!K57,صادرات!K57)=0,"",SUM(واردات!K57,صادرات!K57)),"") -> 4317 | L57: =IFERROR(IF(SUM(واردات!L57,صادرات!L57)=0,"",SUM(واردات!L57,صادرات!L57)),"") -> 4027 | M57: =IFERROR(IF(SUM(واردات!M57,صادرات!M57)=0,"",SUM(واردات!M57,صادرات!M57)),"") | N57: =IFERROR(IF(SUM(واردات!N57,صادرات!N57)=0,"",SUM(واردات!N57,صادرات!N57)),"") -> 13031 | O57: =IFERROR(IF(SUM(واردات!O57,صادرات!O57)=0,"",SUM(واردات!O57,صادرات!O57)),"") -> 1413 | P57: =SUM(K57:N57) -> 21375 | S57: =IF(OR(SUM(C57:G57)=0,SUM(G$52:G57)=0),"",IF(SUM(S$52:S56)=0,G57,IFERROR(SUM(S56,C57,-D57),""))) -> 2801 | T57: =IFERROR(S57-G57,"") -> -380 | U57: =IF(OR(SUM(K57:O57)=0,SUM(O$52:O57)=0),"",IF(SUM(U$52:U56)=0,O57,IFERROR(SUM(U56,K57,-L57),""))) -> 1047 | V57: =IFERROR(U57-O57,"") -> -366
B58: مهر | C58: =IFERROR(IF(SUM(واردات!C58,صادرات!C58)=0,"",SUM(واردات!C58,صادرات!C58)),"") -> 791 | D58: =IFERROR(IF(SUM(واردات!D58,صادرات!D58)=0,"",SUM(واردات!D58,صادرات!D58)),"") -> 408 | E58: =IFERROR(IF(SUM(واردات!E58,صادرات!E58)=0,"",SUM(واردات!E58,صادرات!E58)),"") | F58: =IFERROR(IF(SUM(واردات!F58,صادرات!F58)=0,"",SUM(واردات!F58,صادرات!F58)),"") | G58: =IFERROR(IF(SUM(واردات!G58,صادرات!G58)=0,"",SUM(واردات!G58,صادرات!G58)),"") -> 3563 | H58: =SUM(C58:F58) -> 1199 | J58: مهر | K58: =IFERROR(IF(SUM(واردات!K58,صادرات!K58)=0,"",SUM(واردات!K58,صادرات!K58)),"") -> 4937 | L58: =IFERROR(IF(SUM(واردات!L58,صادرات!L58)=0,"",SUM(واردات!L58,صادرات!L58)),"") -> 4725 | M58: =IFERROR(IF(SUM(واردات!M58,صادرات!M58)=0,"",SUM(واردات!M58,صادرات!M58)),"") | N58: =IFERROR(IF(SUM(واردات!N58,صادرات!N58)=0,"",SUM(واردات!N58,صادرات!N58)),"") -> 21917 | O58: =IFERROR(IF(SUM(واردات!O58,صادرات!O58)=0,"",SUM(واردات!O58,صادرات!O58)),"") -> 1731 | P58: =SUM(K58:N58) -> 31579 | S58: =IF(OR(SUM(C58:G58)=0,SUM(G$52:G58)=0),"",IF(SUM(S$52:S57)=0,G58,IFERROR(SUM(S57,C58,-D58),""))) -> 3184 | T58: =IFERROR(S58-G58,"") -> -379 | U58: =IF(OR(SUM(K58:O58)=0,SUM(O$52:O58)=0),"",IF(SUM(U$52:U57)=0,O58,IFERROR(SUM(U57,K58,-L58),""))) -> 1259 | V58: =IFERROR(U58-O58,"") -> -472
B59: آبان | C59: =IFERROR(IF(SUM(واردات!C59,صادرات!C59)=0,"",SUM(واردات!C59,صادرات!C59)),"") -> 2455 | D59: =IFERROR(IF(SUM(واردات!D59,صادرات!D59)=0,"",SUM(واردات!D59,صادرات!D59)),"") -> 1282 | E59: =IFERROR(IF(SUM(واردات!E59,صادرات!E59)=0,"",SUM(واردات!E59,صادرات!E59)),"") | F59: =IFERROR(IF(SUM(واردات!F59,صادرات!F59)=0,"",SUM(واردات!F59,صادرات!F59)),"") | G59: =IFERROR(IF(SUM(واردات!G59,صادرات!G59)=0,"",SUM(واردات!G59,صادرات!G59)),"") -> 4736 | H59: =SUM(C59:F59) -> 3737 | J59: آبان | K59: =IFERROR(IF(SUM(واردات!K59,صادرات!K59)=0,"",SUM(واردات!K59,صادرات!K59)),"") -> 22671 | L59: =IFERROR(IF(SUM(واردات!L59,صادرات!L59)=0,"",SUM(واردات!L59,صادرات!L59)),"") -> 7274 | M59: =IFERROR(IF(SUM(واردات!M59,صادرات!M59)=0,"",SUM(واردات!M59,صادرات!M59)),"") | N59: =IFERROR(IF(SUM(واردات!N59,صادرات!N59)=0,"",SUM(واردات!N59,صادرات!N59)),"") -> 14904 | O59: =IFERROR(IF(SUM(واردات!O59,صادرات!O59)=0,"",SUM(واردات!O59,صادرات!O59)),"") -> 17219 | P59: =SUM(K59:N59) -> 44849 | S59: =IF(OR(SUM(C59:G59)=0,SUM(G$52:G59)=0),"",IF(SUM(S$52:S58)=0,G59,IFERROR(SUM(S58,C59,-D59),""))) -> 4357 | T59: =IFERROR(S59-G59,"") -> -379 | U59: =IF(OR(SUM(K59:O59)=0,SUM(O$52:O59)=0),"",IF(SUM(U$52:U58)=0,O59,IFERROR(SUM(U58,K59,-L59),""))) -> 16656 | V59: =IFERROR(U59-O59,"") -> -563
B60: آذر | C60: =IFERROR(IF(SUM(واردات!C60,صادرات!C60)=0,"",SUM(واردات!C60,صادرات!C60)),"") -> 962 | D60: =IFERROR(IF(SUM(واردات!D60,صادرات!D60)=0,"",SUM(واردات!D60,صادرات!D60)),"") -> 1060 | E60: =IFERROR(IF(SUM(واردات!E60,صادرات!E60)=0,"",SUM(واردات!E60,صادرات!E60)),"") | F60: =IFERROR(IF(SUM(واردات!F60,صادرات!F60)=0,"",SUM(واردات!F60,صادرات!F60)),"") | G60: =IFERROR(IF(SUM(واردات!G60,صادرات!G60)=0,"",SUM(واردات!G60,صادرات!G60)),"") -> 4639 | H60: =SUM(C60:F60) -> 2022 | J60: آذر | K60: =IFERROR(IF(SUM(واردات!K60,صادرات!K60)=0,"",SUM(واردات!K60,صادرات!K60)),"") -> 11080 | L60: =IFERROR(IF(SUM(واردات!L60,صادرات!L60)=0,"",SUM(واردات!L60,صادرات!L60)),"") -> 12213 | M60: =IFERROR(IF(SUM(واردات!M60,صادرات!M60)=0,"",SUM(واردات!M60,صادرات!M60)),"") | N60: =IFERROR(IF(SUM(واردات!N60,صادرات!N60)=0,"",SUM(واردات!N60,صادرات!N60)),"") -> 20843 | O60: =IFERROR(IF(SUM(واردات!O60,صادرات!O60)=0,"",SUM(واردات!O60,صادرات!O60)),"") -> 16221 | P60: =SUM(K60:N60) -> 44136 | S60: =IF(OR(SUM(C60:G60)=0,SUM(G$52:G60)=0),"",IF(SUM(S$52:S59)=0,G60,IFERROR(SUM(S59,C60,-D60),""))) -> 4259 | T60: =IFERROR(S60-G60,"") -> -380 | U60: =IF(OR(SUM(K60:O60)=0,SUM(O$52:O60)=0),"",IF(SUM(U$52:U59)=0,O60,IFERROR(SUM(U59,K60,-L60),""))) -> 15523 | V60: =IFERROR(U60-O60,"") -> -698
B61: دی | C61: =IFERROR(IF(SUM(واردات!C61,صادرات!C61)=0,"",SUM(واردات!C61,صادرات!C61)),"") -> 411 | D61: =IFERROR(IF(SUM(واردات!D61,صادرات!D61)=0,"",SUM(واردات!D61,صادرات!D61)),"") -> 1474 | E61: =IFERROR(IF(SUM(واردات!E61,صادرات!E61)=0,"",SUM(واردات!E61,صادرات!E61)),"") | F61: =IFERROR(IF(SUM(واردات!F61,صادرات!F61)=0,"",SUM(واردات!F61,صادرات!F61)),"") | G61: =IFERROR(IF(SUM(واردات!G61,صادرات!G61)=0,"",SUM(واردات!G61,صادرات!G61)),"") -> 3576 | H61: =SUM(C61:F61) -> 1885 | J61: دی | K61: =IFERROR(IF(SUM(واردات!K61,صادرات!K61)=0,"",SUM(واردات!K61,صادرات!K61)),"") -> 6970 | L61: =IFERROR(IF(SUM(واردات!L61,صادرات!L61)=0,"",SUM(واردات!L61,صادرات!L61)),"") -> 13705 | M61: =IFERROR(IF(SUM(واردات!M61,صادرات!M61)=0,"",SUM(واردات!M61,صادرات!M61)),"") | N61: =IFERROR(IF(SUM(واردات!N61,صادرات!N61)=0,"",SUM(واردات!N61,صادرات!N61)),"") -> 10848 | O61: =IFERROR(IF(SUM(واردات!O61,صادرات!O61)=0,"",SUM(واردات!O61,صادرات!O61)),"") -> 9732 | P61: =SUM(K61:N61) -> 31523 | S61: =IF(OR(SUM(C61:G61)=0,SUM(G$52:G61)=0),"",IF(SUM(S$52:S60)=0,G61,IFERROR(SUM(S60,C61,-D61),""))) -> 3196 | T61: =IFERROR(S61-G61,"") -> -380 | U61: =IF(OR(SUM(K61:O61)=0,SUM(O$52:O61)=0),"",IF(SUM(U$52:U60)=0,O61,IFERROR(SUM(U60,K61,-L61),""))) -> 8788 | V61: =IFERROR(U61-O61,"") -> -944
B62: بهمن | C62: =IFERROR(IF(SUM(واردات!C62,صادرات!C62)=0,"",SUM(واردات!C62,صادرات!C62)),"") -> 565 | D62: =IFERROR(IF(SUM(واردات!D62,صادرات!D62)=0,"",SUM(واردات!D62,صادرات!D62)),"") -> 1003 | E62: =IFERROR(IF(SUM(واردات!E62,صادرات!E62)=0,"",SUM(واردات!E62,صادرات!E62)),"") | F62: =IFERROR(IF(SUM(واردات!F62,صادرات!F62)=0,"",SUM(واردات!F62,صادرات!F62)),"") | G62: =IFERROR(IF(SUM(واردات!G62,صادرات!G62)=0,"",SUM(واردات!G62,صادرات!G62)),"") -> 3138 | H62: =SUM(C62:F62) -> 1568 | J62: بهمن | K62: =IFERROR(IF(SUM(واردات!K62,صادرات!K62)=0,"",SUM(واردات!K62,صادرات!K62)),"") -> 9642 | L62: =IFERROR(IF(SUM(واردات!L62,صادرات!L62)=0,"",SUM(واردات!L62,صادرات!L62)),"") -> 13276 | M62: =IFERROR(IF(SUM(واردات!M62,صادرات!M62)=0,"",SUM(واردات!M62,صادرات!M62)),"") | N62: =IFERROR(IF(SUM(واردات!N62,صادرات!N62)=0,"",SUM(واردات!N62,صادرات!N62)),"") -> 19220 | O62: =IFERROR(IF(SUM(واردات!O62,صادرات!O62)=0,"",SUM(واردات!O62,صادرات!O62)),"") -> 9030 | P62: =SUM(K62:N62) -> 42138 | S62: =IF(OR(SUM(C62:G62)=0,SUM(G$52:G62)=0),"",IF(SUM(S$52:S61)=0,G62,IFERROR(SUM(S61,C62,-D62),""))) -> 2758 | T62: =IFERROR(S62-G62,"") -> -380 | U62: =IF(OR(SUM(K62:O62)=0,SUM(O$52:O62)=0),"",IF(SUM(U$52:U61)=0,O62,IFERROR(SUM(U61,K62,-L62),""))) -> 5154 | V62: =IFERROR(U62-O62,"") -> -3876
B63: اسفند | C63: =IFERROR(IF(SUM(واردات!C63,صادرات!C63)=0,"",SUM(واردات!C63,صادرات!C63)),"") -> 2171 | D63: =IFERROR(IF(SUM(واردات!D63,صادرات!D63)=0,"",SUM(واردات!D63,صادرات!D63)),"") -> 473 | E63: =IFERROR(IF(SUM(واردات!E63,صادرات!E63)=0,"",SUM(واردات!E63,صادرات!E63)),"") | F63: =IFERROR(IF(SUM(واردات!F63,صادرات!F63)=0,"",SUM(واردات!F63,صادرات!F63)),"") | G63: =IFERROR(IF(SUM(واردات!G63,صادرات!G63)=0,"",SUM(واردات!G63,صادرات!G63)),"") -> 4836 | H63: =SUM(C63:F63) -> 2644 | J63: اسفند | K63: =IFERROR(IF(SUM(واردات!K63,صادرات!K63)=0,"",SUM(واردات!K63,صادرات!K63)),"") -> 8083 | L63: =IFERROR(IF(SUM(واردات!L63,صادرات!L63)=0,"",SUM(واردات!L63,صادرات!L63)),"") -> 10058 | M63: =IFERROR(IF(SUM(واردات!M63,صادرات!M63)=0,"",SUM(واردات!M63,صادرات!M63)),"") | N63: =IFERROR(IF(SUM(واردات!N63,صادرات!N63)=0,"",SUM(واردات!N63,صادرات!N63)),"") -> 30750 | O63: =IFERROR(IF(SUM(واردات!O63,صادرات!O63)=0,"",SUM(واردات!O63,صادرات!O63)),"") -> 4595 | P63: =SUM(K63:N63) -> 48891 | S63: =IF(OR(SUM(C63:G63)=0,SUM(G$52:G63)=0),"",IF(SUM(S$52:S62)=0,G63,IFERROR(SUM(S62,C63,-D63),""))) -> 4456 | T63: =IFERROR(S63-G63,"") -> -380 | U63: =IF(OR(SUM(K63:O63)=0,SUM(O$52:O63)=0),"",IF(SUM(U$52:U62)=0,O63,IFERROR(SUM(U62,K63,-L63),""))) -> 3179 | V63: =IFERROR(U63-O63,"") -> -1416
B64: جمع | C64: =SUM(C52:C63) -> 12203 | D64: =SUM(D52:D63) -> 16526 | E64: =SUM(E52:E63) -> 1 | F64: =SUM(F52:F63) -> 0 | G64: =IF(G63<>"",G63,IF(G62<>"",G62,IF(G61<>"",G61,IF(G60<>"",G60,IF(G59<>"",G59,IF(G58<>"",G58,IF(G57<>"",G57,IF(G56<>"",G56,IF(G55<>"",G55,IF(G54<>"",G54,IF(G53<>"",G53,IF(G52<>"",G52,"")))))))))))) -> 4836 | H64: =SUM(C64:F64) -> 28730 | J64: جمع | K64: =SUM(K52:K63) -> 87736 | L64: =SUM(L52:L63) -> 94363 | M64: =SUM(M52:M63) -> 50 | N64: =SUM(N52:N63) -> 169021 | O64: =IF(O63<>"",O63,IF(O62<>"",O62,IF(O61<>"",O61,IF(O60<>"",O60,IF(O59<>"",O59,IF(O58<>"",O58,IF(O57<>"",O57,IF(O56<>"",O56,IF(O55<>"",O55,IF(O54<>"",O54,IF(O53<>"",O53,IF(O52<>"",O52,"")))))))))))) -> 4595 | P64: =SUM(K64:N64) -> 351170
B66: بجنورد | J66: بیرجند
B67: ماه | C67: تخلیه | D67: بارگیری | E67: حمل یکسره | F67: ترانشیپمنت | G67: رسوب | H67: جمع عملیاتی | J67: ماه | K67: تخلیه | L67: بارگیری | M67: حمل یکسره | N67: ترانشیپمنت | O67: رسوب | P67: جمع عملیاتی
B68: فروردین | C68: =IFERROR(IF(SUM(واردات!C68,صادرات!C68)=0,"",SUM(واردات!C68,صادرات!C68)),"") -> 1 | D68: =IFERROR(IF(SUM(واردات!D68,صادرات!D68)=0,"",SUM(واردات!D68,صادرات!D68)),"") -> 1 | E68: =IFERROR(IF(SUM(واردات!E68,صادرات!E68)=0,"",SUM(واردات!E68,صادرات!E68)),"") | F68: =IFERROR(IF(SUM(واردات!F68,صادرات!F68)=0,"",SUM(واردات!F68,صادرات!F68)),"") | G68: =IFERROR(IF(SUM(واردات!G68,صادرات!G68)=0,"",SUM(واردات!G68,صادرات!G68)),"") -> 272 | H68: =SUM(C68:F68) -> 2 | J68: فروردین | K68: =IFERROR(IF(SUM(واردات!K68,صادرات!K68)=0,"",SUM(واردات!K68,صادرات!K68)),"") | L68: =IFERROR(IF(SUM(واردات!L68,صادرات!L68)=0,"",SUM(واردات!L68,صادرات!L68)),"") | M68: =IFERROR(IF(SUM(واردات!M68,صادرات!M68)=0,"",SUM(واردات!M68,صادرات!M68)),"") | N68: =IFERROR(IF(SUM(واردات!N68,صادرات!N68)=0,"",SUM(واردات!N68,صادرات!N68)),"") | O68: =IFERROR(IF(SUM(واردات!O68,صادرات!O68)=0,"",SUM(واردات!O68,صادرات!O68)),"") | P68: =SUM(K68:N68) -> 0 | S68: =IF(SUM(G68)=0,"",IFERROR(G68,"")) -> 272 | T68: =IFERROR(S68-G68,"") -> 0 | U68: =IF(SUM(O68)=0,"",IFERROR(O68,"")) | V68: =IFERROR(U68-O68,"")
B69: اردیبهشت | C69: =IFERROR(IF(SUM(واردات!C69,صادرات!C69)=0,"",SUM(واردات!C69,صادرات!C69)),"") -> 28 | D69: =IFERROR(IF(SUM(واردات!D69,صادرات!D69)=0,"",SUM(واردات!D69,صادرات!D69)),"") -> 48 | E69: =IFERROR(IF(SUM(واردات!E69,صادرات!E69)=0,"",SUM(واردات!E69,صادرات!E69)),"") -> 29 | F69: =IFERROR(IF(SUM(واردات!F69,صادرات!F69)=0,"",SUM(واردات!F69,صادرات!F69)),"") | G69: =IFERROR(IF(SUM(واردات!G69,صادرات!G69)=0,"",SUM(واردات!G69,صادرات!G69)),"") -> 251 | H69: =SUM(C69:F69) -> 105 | J69: اردیبهشت | K69: =IFERROR(IF(SUM(واردات!K69,صادرات!K69)=0,"",SUM(واردات!K69,صادرات!K69)),"") -> 313 | L69: =IFERROR(IF(SUM(واردات!L69,صادرات!L69)=0,"",SUM(واردات!L69,صادرات!L69)),"") -> 150 | M69: =IFERROR(IF(SUM(واردات!M69,صادرات!M69)=0,"",SUM(واردات!M69,صادرات!M69)),"") | N69: =IFERROR(IF(SUM(واردات!N69,صادرات!N69)=0,"",SUM(واردات!N69,صادرات!N69)),"") | O69: =IFERROR(IF(SUM(واردات!O69,صادرات!O69)=0,"",SUM(واردات!O69,صادرات!O69)),"") -> 1222 | P69: =SUM(K69:N69) -> 463 | S69: =IF(OR(SUM(C69:G69)=0,SUM(G$68:G69)=0),"",IF(SUM(S$68:S68)=0,G69,IFERROR(SUM(S68,C69,-D69),""))) -> 252 | T69: =IFERROR(S69-G69,"") -> 1 | U69: =IF(OR(SUM(K69:O69)=0,SUM(O$68:O69)=0),"",IF(SUM(U$68:U68)=0,O69,IFERROR(SUM(U68,K69,-L69),""))) -> 1222 | V69: =IFERROR(U69-O69,"") -> 0
B70: خرداد | C70: =IFERROR(IF(SUM(واردات!C70,صادرات!C70)=0,"",SUM(واردات!C70,صادرات!C70)),"") -> 46 | D70: =IFERROR(IF(SUM(واردات!D70,صادرات!D70)=0,"",SUM(واردات!D70,صادرات!D70)),"") | E70: =IFERROR(IF(SUM(واردات!E70,صادرات!E70)=0,"",SUM(واردات!E70,صادرات!E70)),"") | F70: =IFERROR(IF(SUM(واردات!F70,صادرات!F70)=0,"",SUM(واردات!F70,صادرات!F70)),"") | G70: =IFERROR(IF(SUM(واردات!G70,صادرات!G70)=0,"",SUM(واردات!G70,صادرات!G70)),"") -> 297 | H70: =SUM(C70:F70) -> 46 | J70: خرداد | K70: =IFERROR(IF(SUM(واردات!K70,صادرات!K70)=0,"",SUM(واردات!K70,صادرات!K70)),"") -> 198 | L70: =IFERROR(IF(SUM(واردات!L70,صادرات!L70)=0,"",SUM(واردات!L70,صادرات!L70)),"") -> 75 | M70: =IFERROR(IF(SUM(واردات!M70,صادرات!M70)=0,"",SUM(واردات!M70,صادرات!M70)),"") | N70: =IFERROR(IF(SUM(واردات!N70,صادرات!N70)=0,"",SUM(واردات!N70,صادرات!N70)),"") | O70: =IFERROR(IF(SUM(واردات!O70,صادرات!O70)=0,"",SUM(واردات!O70,صادرات!O70)),"") -> 1222 | P70: =SUM(K70:N70) -> 273 | S70: =IF(OR(SUM(C70:G70)=0,SUM(G$68:G70)=0),"",IF(SUM(S$68:S69)=0,G70,IFERROR(SUM(S69,C70,-D70),""))) | T70: =IFERROR(S70-G70,"") | U70: =IF(OR(SUM(K70:O70)=0,SUM(O$68:O70)=0),"",IF(SUM(U$68:U69)=0,O70,IFERROR(SUM(U69,K70,-L70),""))) -> 1345 | V70: =IFERROR(U70-O70,"") -> 123
B71: تیر | C71: =IFERROR(IF(SUM(واردات!C71,صادرات!C71)=0,"",SUM(واردات!C71,صادرات!C71)),"") -> 112 | D71: =IFERROR(IF(SUM(واردات!D71,صادرات!D71)=0,"",SUM(واردات!D71,صادرات!D71)),"") -> 49 | E71: =IFERROR(IF(SUM(واردات!E71,صادرات!E71)=0,"",SUM(واردات!E71,صادرات!E71)),"") | F71: =IFERROR(IF(SUM(واردات!F71,صادرات!F71)=0,"",SUM(واردات!F71,صادرات!F71)),"") | G71: =IFERROR(IF(SUM(واردات!G71,صادرات!G71)=0,"",SUM(واردات!G71,صادرات!G71)),"") -> 382 | H71: =SUM(C71:F71) -> 161 | J71: تیر | K71: =IFERROR(IF(SUM(واردات!K71,صادرات!K71)=0,"",SUM(واردات!K71,صادرات!K71)),"") | L71: =IFERROR(IF(SUM(واردات!L71,صادرات!L71)=0,"",SUM(واردات!L71,صادرات!L71)),"") -> 174 | M71: =IFERROR(IF(SUM(واردات!M71,صادرات!M71)=0,"",SUM(واردات!M71,صادرات!M71)),"") | N71: =IFERROR(IF(SUM(واردات!N71,صادرات!N71)=0,"",SUM(واردات!N71,صادرات!N71)),"") | O71: =IFERROR(IF(SUM(واردات!O71,صادرات!O71)=0,"",SUM(واردات!O71,صادرات!O71)),"") -> 1171 | P71: =SUM(K71:N71) -> 174 | S71: =IF(OR(SUM(C71:G71)=0,SUM(G$68:G71)=0),"",IF(SUM(S$68:S70)=0,G71,IFERROR(SUM(S70,C71,-D71),""))) -> 63 | T71: =IFERROR(S71-G71,"") -> -319 | U71: =IF(OR(SUM(K71:O71)=0,SUM(O$68:O71)=0),"",IF(SUM(U$68:U70)=0,O71,IFERROR(SUM(U70,K71,-L71),""))) -> 1171 | V71: =IFERROR(U71-O71,"") -> 0
B72: مرداد | C72: =IFERROR(IF(SUM(واردات!C72,صادرات!C72)=0,"",SUM(واردات!C72,صادرات!C72)),"") -> 33 | D72: =IFERROR(IF(SUM(واردات!D72,صادرات!D72)=0,"",SUM(واردات!D72,صادرات!D72)),"") -> 186 | E72: =IFERROR(IF(SUM(واردات!E72,صادرات!E72)=0,"",SUM(واردات!E72,صادرات!E72)),"") | F72: =IFERROR(IF(SUM(واردات!F72,صادرات!F72)=0,"",SUM(واردات!F72,صادرات!F72)),"") | G72: =IFERROR(IF(SUM(واردات!G72,صادرات!G72)=0,"",SUM(واردات!G72,صادرات!G72)),"") -> 229 | H72: =SUM(C72:F72) -> 219 | J72: مرداد | K72: =IFERROR(IF(SUM(واردات!K72,صادرات!K72)=0,"",SUM(واردات!K72,صادرات!K72)),"") | L72: =IFERROR(IF(SUM(واردات!L72,صادرات!L72)=0,"",SUM(واردات!L72,صادرات!L72)),"") -> 103 | M72: =IFERROR(IF(SUM(واردات!M72,صادرات!M72)=0,"",SUM(واردات!M72,صادرات!M72)),"") | N72: =IFERROR(IF(SUM(واردات!N72,صادرات!N72)=0,"",SUM(واردات!N72,صادرات!N72)),"") | O72: =IFERROR(IF(SUM(واردات!O72,صادرات!O72)=0,"",SUM(واردات!O72,صادرات!O72)),"") -> 1069 | P72: =SUM(K72:N72) -> 103 | S72: =IF(OR(SUM(C72:G72)=0,SUM(G$68:G72)=0),"",IF(SUM(S$68:S71)=0,G72,IFERROR(SUM(S71,C72,-D72),""))) -> -90 | T72: =IFERROR(S72-G72,"") -> -319 | U72: =IF(OR(SUM(K72:O72)=0,SUM(O$68:O72)=0),"",IF(SUM(U$68:U71)=0,O72,IFERROR(SUM(U71,K72,-L72),""))) -> 1068 | V72: =IFERROR(U72-O72,"") -> -1
B73: شهریور | C73: =IFERROR(IF(SUM(واردات!C73,صادرات!C73)=0,"",SUM(واردات!C73,صادرات!C73)),"") -> 7 | D73: =IFERROR(IF(SUM(واردات!D73,صادرات!D73)=0,"",SUM(واردات!D73,صادرات!D73)),"") -> 89 | E73: =IFERROR(IF(SUM(واردات!E73,صادرات!E73)=0,"",SUM(واردات!E73,صادرات!E73)),"") | F73: =IFERROR(IF(SUM(واردات!F73,صادرات!F73)=0,"",SUM(واردات!F73,صادرات!F73)),"") | G73: =IFERROR(IF(SUM(واردات!G73,صادرات!G73)=0,"",SUM(واردات!G73,صادرات!G73)),"") -> 147 | H73: =SUM(C73:F73) -> 96 | J73: شهریور | K73: =IFERROR(IF(SUM(واردات!K73,صادرات!K73)=0,"",SUM(واردات!K73,صادرات!K73)),"") -> 86 | L73: =IFERROR(IF(SUM(واردات!L73,صادرات!L73)=0,"",SUM(واردات!L73,صادرات!L73)),"") -> 124 | M73: =IFERROR(IF(SUM(واردات!M73,صادرات!M73)=0,"",SUM(واردات!M73,صادرات!M73)),"") | N73: =IFERROR(IF(SUM(واردات!N73,صادرات!N73)=0,"",SUM(واردات!N73,صادرات!N73)),"") | O73: =IFERROR(IF(SUM(واردات!O73,صادرات!O73)=0,"",SUM(واردات!O73,صادرات!O73)),"") -> 1222 | P73: =SUM(K73:N73) -> 210 | S73: =IF(OR(SUM(C73:G73)=0,SUM(G$68:G73)=0),"",IF(SUM(S$68:S72)=0,G73,IFERROR(SUM(S72,C73,-D73),""))) -> -172 | T73: =IFERROR(S73-G73,"") -> -319 | U73: =IF(OR(SUM(K73:O73)=0,SUM(O$68:O73)=0),"",IF(SUM(U$68:U72)=0,O73,IFERROR(SUM(U72,K73,-L73),""))) -> 1030 | V73: =IFERROR(U73-O73,"") -> -192
B74: مهر | C74: =IFERROR(IF(SUM(واردات!C74,صادرات!C74)=0,"",SUM(واردات!C74,صادرات!C74)),"") -> 55 | D74: =IFERROR(IF(SUM(واردات!D74,صادرات!D74)=0,"",SUM(واردات!D74,صادرات!D74)),"") -> 62 | E74: =IFERROR(IF(SUM(واردات!E74,صادرات!E74)=0,"",SUM(واردات!E74,صادرات!E74)),"") | F74: =IFERROR(IF(SUM(واردات!F74,صادرات!F74)=0,"",SUM(واردات!F74,صادرات!F74)),"") | G74: =IFERROR(IF(SUM(واردات!G74,صادرات!G74)=0,"",SUM(واردات!G74,صادرات!G74)),"") -> 139 | H74: =SUM(C74:F74) -> 117 | J74: مهر | K74: =IFERROR(IF(SUM(واردات!K74,صادرات!K74)=0,"",SUM(واردات!K74,صادرات!K74)),"") -> 14 | L74: =IFERROR(IF(SUM(واردات!L74,صادرات!L74)=0,"",SUM(واردات!L74,صادرات!L74)),"") -> 86 | M74: =IFERROR(IF(SUM(واردات!M74,صادرات!M74)=0,"",SUM(واردات!M74,صادرات!M74)),"") | N74: =IFERROR(IF(SUM(واردات!N74,صادرات!N74)=0,"",SUM(واردات!N74,صادرات!N74)),"") | O74: =IFERROR(IF(SUM(واردات!O74,صادرات!O74)=0,"",SUM(واردات!O74,صادرات!O74)),"") -> 959 | P74: =SUM(K74:N74) -> 100 | S74: =IF(OR(SUM(C74:G74)=0,SUM(G$68:G74)=0),"",IF(SUM(S$68:S73)=0,G74,IFERROR(SUM(S73,C74,-D74),""))) -> -179 | T74: =IFERROR(S74-G74,"") -> -318 | U74: =IF(OR(SUM(K74:O74)=0,SUM(O$68:O74)=0),"",IF(SUM(U$68:U73)=0,O74,IFERROR(SUM(U73,K74,-L74),""))) -> 958 | V74: =IFERROR(U74-O74,"") -> -1
B75: آبان | C75: =IFERROR(IF(SUM(واردات!C75,صادرات!C75)=0,"",SUM(واردات!C75,صادرات!C75)),"") | D75: =IFERROR(IF(SUM(واردات!D75,صادرات!D75)=0,"",SUM(واردات!D75,صادرات!D75)),"") -> 27 | E75: =IFERROR(IF(SUM(واردات!E75,صادرات!E75)=0,"",SUM(واردات!E75,صادرات!E75)),"") | F75: =IFERROR(IF(SUM(واردات!F75,صادرات!F75)=0,"",SUM(واردات!F75,صادرات!F75)),"") | G75: =IFERROR(IF(SUM(واردات!G75,صادرات!G75)=0,"",SUM(واردات!G75,صادرات!G75)),"") -> 112 | H75: =SUM(C75:F75) -> 27 | J75: آبان | K75: =IFERROR(IF(SUM(واردات!K75,صادرات!K75)=0,"",SUM(واردات!K75,صادرات!K75)),"") | L75: =IFERROR(IF(SUM(واردات!L75,صادرات!L75)=0,"",SUM(واردات!L75,صادرات!L75)),"") -> 14 | M75: =IFERROR(IF(SUM(واردات!M75,صادرات!M75)=0,"",SUM(واردات!M75,صادرات!M75)),"") | N75: =IFERROR(IF(SUM(واردات!N75,صادرات!N75)=0,"",SUM(واردات!N75,صادرات!N75)),"") | O75: =IFERROR(IF(SUM(واردات!O75,صادرات!O75)=0,"",SUM(واردات!O75,صادرات!O75)),"") -> 35 | P75: =SUM(K75:N75) -> 14 | S75: =IF(OR(SUM(C75:G75)=0,SUM(G$68:G75)=0),"",IF(SUM(S$68:S74)=0,G75,IFERROR(SUM(S74,C75,-D75),""))) -> -206 | T75: =IFERROR(S75-G75,"") -> -318 | U75: =IF(OR(SUM(K75:O75)=0,SUM(O$68:O75)=0),"",IF(SUM(U$68:U74)=0,O75,IFERROR(SUM(U74,K75,-L75),""))) -> 944 | V75: =IFERROR(U75-O75,"") -> 909
B76: آذر | C76: =IFERROR(IF(SUM(واردات!C76,صادرات!C76)=0,"",SUM(واردات!C76,صادرات!C76)),"") -> 45 | D76: =IFERROR(IF(SUM(واردات!D76,صادرات!D76)=0,"",SUM(واردات!D76,صادرات!D76)),"") -> 45 | E76: =IFERROR(IF(SUM(واردات!E76,صادرات!E76)=0,"",SUM(واردات!E76,صادرات!E76)),"") | F76: =IFERROR(IF(SUM(واردات!F76,صادرات!F76)=0,"",SUM(واردات!F76,صادرات!F76)),"") | G76: =IFERROR(IF(SUM(واردات!G76,صادرات!G76)=0,"",SUM(واردات!G76,صادرات!G76)),"") -> 112 | H76: =SUM(C76:F76) -> 90 | J76: آذر | K76: =IFERROR(IF(SUM(واردات!K76,صادرات!K76)=0,"",SUM(واردات!K76,صادرات!K76)),"") -> 140 | L76: =IFERROR(IF(SUM(واردات!L76,صادرات!L76)=0,"",SUM(واردات!L76,صادرات!L76)),"") -> 81 | M76: =IFERROR(IF(SUM(واردات!M76,صادرات!M76)=0,"",SUM(واردات!M76,صادرات!M76)),"") | N76: =IFERROR(IF(SUM(واردات!N76,صادرات!N76)=0,"",SUM(واردات!N76,صادرات!N76)),"") | O76: =IFERROR(IF(SUM(واردات!O76,صادرات!O76)=0,"",SUM(واردات!O76,صادرات!O76)),"") -> 95 | P76: =SUM(K76:N76) -> 221 | S76: =IF(OR(SUM(C76:G76)=0,SUM(G$68:G76)=0),"",IF(SUM(S$68:S75)=0,G76,IFERROR(SUM(S75,C76,-D76),""))) -> -206 | T76: =IFERROR(S76-G76,"") -> -318 | U76: =IF(OR(SUM(K76:O76)=0,SUM(O$68:O76)=0),"",IF(SUM(U$68:U75)=0,O76,IFERROR(SUM(U75,K76,-L76),""))) -> 1003 | V76: =IFERROR(U76-O76,"") -> 908
B77: دی | C77: =IFERROR(IF(SUM(واردات!C77,صادرات!C77)=0,"",SUM(واردات!C77,صادرات!C77)),"") | D77: =IFERROR(IF(SUM(واردات!D77,صادرات!D77)=0,"",SUM(واردات!D77,صادرات!D77)),"") | E77: =IFERROR(IF(SUM(واردات!E77,صادرات!E77)=0,"",SUM(واردات!E77,صادرات!E77)),"") | F77: =IFERROR(IF(SUM(واردات!F77,صادرات!F77)=0,"",SUM(واردات!F77,صادرات!F77)),"") | G77: =IFERROR(IF(SUM(واردات!G77,صادرات!G77)=0,"",SUM(واردات!G77,صادرات!G77)),"") | H77: =SUM(C77:F77) -> 0 | J77: دی | K77: =IFERROR(IF(SUM(واردات!K77,صادرات!K77)=0,"",SUM(واردات!K77,صادرات!K77)),"") -> 251 | L77: =IFERROR(IF(SUM(واردات!L77,صادرات!L77)=0,"",SUM(واردات!L77,صادرات!L77)),"") -> 48 | M77: =IFERROR(IF(SUM(واردات!M77,صادرات!M77)=0,"",SUM(واردات!M77,صادرات!M77)),"") | N77: =IFERROR(IF(SUM(واردات!N77,صادرات!N77)=0,"",SUM(واردات!N77,صادرات!N77)),"") | O77: =IFERROR(IF(SUM(واردات!O77,صادرات!O77)=0,"",SUM(واردات!O77,صادرات!O77)),"") -> 294 | P77: =SUM(K77:N77) -> 299 | S77: =IF(OR(SUM(C77:G77)=0,SUM(G$68:G77)=0),"",IF(SUM(S$68:S76)=0,G77,IFERROR(SUM(S76,C77,-D77),""))) | T77: =IFERROR(S77-G77,"") | U77: =IF(OR(SUM(K77:O77)=0,SUM(O$68:O77)=0),"",IF(SUM(U$68:U76)=0,O77,IFERROR(SUM(U76,K77,-L77),""))) -> 1206 | V77: =IFERROR(U77-O77,"") -> 912
B78: بهمن | C78: =IFERROR(IF(SUM(واردات!C78,صادرات!C78)=0,"",SUM(واردات!C78,صادرات!C78)),"") -> 19 | D78: =IFERROR(IF(SUM(واردات!D78,صادرات!D78)=0,"",SUM(واردات!D78,صادرات!D78)),"") | E78: =IFERROR(IF(SUM(واردات!E78,صادرات!E78)=0,"",SUM(واردات!E78,صادرات!E78)),"") | F78: =IFERROR(IF(SUM(واردات!F78,صادرات!F78)=0,"",SUM(واردات!F78,صادرات!F78)),"") | G78: =IFERROR(IF(SUM(واردات!G78,صادرات!G78)=0,"",SUM(واردات!G78,صادرات!G78)),"") -> 131 | H78: =SUM(C78:F78) -> 19 | J78: بهمن | K78: =IFERROR(IF(SUM(واردات!K78,صادرات!K78)=0,"",SUM(واردات!K78,صادرات!K78)),"") -> 423 | L78: =IFERROR(IF(SUM(واردات!L78,صادرات!L78)=0,"",SUM(واردات!L78,صادرات!L78)),"") -> 286 | M78: =IFERROR(IF(SUM(واردات!M78,صادرات!M78)=0,"",SUM(واردات!M78,صادرات!M78)),"") | N78: =IFERROR(IF(SUM(واردات!N78,صادرات!N78)=0,"",SUM(واردات!N78,صادرات!N78)),"") | O78: =IFERROR(IF(SUM(واردات!O78,صادرات!O78)=0,"",SUM(واردات!O78,صادرات!O78)),"") -> 431 | P78: =SUM(K78:N78) -> 709 | S78: =IF(OR(SUM(C78:G78)=0,SUM(G$68:G78)=0),"",IF(SUM(S$68:S77)=0,G78,IFERROR(SUM(S77,C78,-D78),""))) | T78: =IFERROR(S78-G78,"") | U78: =IF(OR(SUM(K78:O78)=0,SUM(O$68:O78)=0),"",IF(SUM(U$68:U77)=0,O78,IFERROR(SUM(U77,K78,-L78),""))) -> 1343 | V78: =IFERROR(U78-O78,"") -> 912
B79: اسفند | C79: =IFERROR(IF(SUM(واردات!C79,صادرات!C79)=0,"",SUM(واردات!C79,صادرات!C79)),"") -> 26 | D79: =IFERROR(IF(SUM(واردات!D79,صادرات!D79)=0,"",SUM(واردات!D79,صادرات!D79)),"") -> 129 | E79: =IFERROR(IF(SUM(واردات!E79,صادرات!E79)=0,"",SUM(واردات!E79,صادرات!E79)),"") | F79: =IFERROR(IF(SUM(واردات!F79,صادرات!F79)=0,"",SUM(واردات!F79,صادرات!F79)),"") | G79: =IFERROR(IF(SUM(واردات!G79,صادرات!G79)=0,"",SUM(واردات!G79,صادرات!G79)),"") -> 28 | H79: =SUM(C79:F79) -> 155 | J79: اسفند | K79: =IFERROR(IF(SUM(واردات!K79,صادرات!K79)=0,"",SUM(واردات!K79,صادرات!K79)),"") -> 624 | L79: =IFERROR(IF(SUM(واردات!L79,صادرات!L79)=0,"",SUM(واردات!L79,صادرات!L79)),"") -> 599 | M79: =IFERROR(IF(SUM(واردات!M79,صادرات!M79)=0,"",SUM(واردات!M79,صادرات!M79)),"") | N79: =IFERROR(IF(SUM(واردات!N79,صادرات!N79)=0,"",SUM(واردات!N79,صادرات!N79)),"") | O79: =IFERROR(IF(SUM(واردات!O79,صادرات!O79)=0,"",SUM(واردات!O79,صادرات!O79)),"") -> 448 | P79: =SUM(K79:N79) -> 1223 | S79: =IF(OR(SUM(C79:G79)=0,SUM(G$68:G79)=0),"",IF(SUM(S$68:S78)=0,G79,IFERROR(SUM(S78,C79,-D79),""))) -> -103 | T79: =IFERROR(S79-G79,"") -> -131 | U79: =IF(OR(SUM(K79:O79)=0,SUM(O$68:O79)=0),"",IF(SUM(U$68:U78)=0,O79,IFERROR(SUM(U78,K79,-L79),""))) -> 1368 | V79: =IFERROR(U79-O79,"") -> 920
B80: جمع | C80: =SUM(C68:C79) -> 372 | D80: =SUM(D68:D79) -> 636 | E80: =SUM(E68:E79) -> 29 | F80: =SUM(F68:F79) -> 0 | G80: =IF(G79<>"",G79,IF(G78<>"",G78,IF(G77<>"",G77,IF(G76<>"",G76,IF(G75<>"",G75,IF(G74<>"",G74,IF(G73<>"",G73,IF(G72<>"",G72,IF(G71<>"",G71,IF(G70<>"",G70,IF(G69<>"",G69,IF(G68<>"",G68,"")))))))))))) -> 28 | H80: =SUM(C80:F80) -> 1037 | J80: جمع | K80: =SUM(K68:K79) -> 2049 | L80: =SUM(L68:L79) -> 1740 | M80: =SUM(M68:M79) -> 0 | N80: =SUM(N68:N79) -> 0 | O80: =IF(O79<>"",O79,IF(O78<>"",O78,IF(O77<>"",O77,IF(O76<>"",O76,IF(O75<>"",O75,IF(O74<>"",O74,IF(O73<>"",O73,IF(O72<>"",O72,IF(O71<>"",O71,IF(O70<>"",O70,IF(O69<>"",O69,IF(O68<>"",O68,"")))))))))))) -> 448 | P80: =SUM(K80:N80) -> 3789
B82: ماهیرود | J82: باجگیران
B83: ماه | C83: تخلیه | D83: بارگیری | E83: حمل یکسره | F83: ترانشیپمنت | G83: رسوب | H83: جمع عملیاتی | J83: ماه | K83: تخلیه | L83: بارگیری | M83: حمل یکسره | N83: ترانشیپمنت | O83: رسوب | P83: جمع عملیاتی | S83: =IF(SUM(G83)=0,"",IFERROR(G83,"")) | T83: =IFERROR(S83-G83,"") | U83: =IF(SUM(O83)=0,"",IFERROR(O83,"")) | V83: =IFERROR(U83-O83,"")
B84: فروردین | C84: =IFERROR(IF(SUM(واردات!C84,صادرات!C84)=0,"",SUM(واردات!C84,صادرات!C84)),"") -> 710 | D84: =IFERROR(IF(SUM(واردات!D84,صادرات!D84)=0,"",SUM(واردات!D84,صادرات!D84)),"") -> 492 | E84: =IFERROR(IF(SUM(واردات!E84,صادرات!E84)=0,"",SUM(واردات!E84,صادرات!E84)),"") | F84: =IFERROR(IF(SUM(واردات!F84,صادرات!F84)=0,"",SUM(واردات!F84,صادرات!F84)),"") | G84: =IFERROR(IF(SUM(واردات!G84,صادرات!G84)=0,"",SUM(واردات!G84,صادرات!G84)),"") -> 507 | H84: =SUM(C84:F84) -> 1202 | J84: فروردین | K84: =IFERROR(IF(SUM(واردات!K84,صادرات!K84)=0,"",SUM(واردات!K84,صادرات!K84)),"") | L84: =IFERROR(IF(SUM(واردات!L84,صادرات!L84)=0,"",SUM(واردات!L84,صادرات!L84)),"") | M84: =IFERROR(IF(SUM(واردات!M84,صادرات!M84)=0,"",SUM(واردات!M84,صادرات!M84)),"") | N84: =IFERROR(IF(SUM(واردات!N84,صادرات!N84)=0,"",SUM(واردات!N84,صادرات!N84)),"") | O84: =IFERROR(IF(SUM(واردات!O84,صادرات!O84)=0,"",SUM(واردات!O84,صادرات!O84)),"") | P84: =SUM(K84:N84) -> 0 | S84: =IF(SUM(G84)=0,"",IFERROR(G84,"")) -> 507 | T84: =IFERROR(S84-G84,"") -> 0 | U84: =IF(SUM(O84)=0,"",IFERROR(O84,"")) | V84: =IFERROR(U84-O84,"")
B85: اردیبهشت | C85: =IFERROR(IF(SUM(واردات!C85,صادرات!C85)=0,"",SUM(واردات!C85,صادرات!C85)),"") -> 51 | D85: =IFERROR(IF(SUM(واردات!D85,صادرات!D85)=0,"",SUM(واردات!D85,صادرات!D85)),"") -> 310 | E85: =IFERROR(IF(SUM(واردات!E85,صادرات!E85)=0,"",SUM(واردات!E85,صادرات!E85)),"") | F85: =IFERROR(IF(SUM(واردات!F85,صادرات!F85)=0,"",SUM(واردات!F85,صادرات!F85)),"") | G85: =IFERROR(IF(SUM(واردات!G85,صادرات!G85)=0,"",SUM(واردات!G85,صادرات!G85)),"") -> 1008 | H85: =SUM(C85:F85) -> 361 | J85: اردیبهشت | K85: =IFERROR(IF(SUM(واردات!K85,صادرات!K85)=0,"",SUM(واردات!K85,صادرات!K85)),"") | L85: =IFERROR(IF(SUM(واردات!L85,صادرات!L85)=0,"",SUM(واردات!L85,صادرات!L85)),"") | M85: =IFERROR(IF(SUM(واردات!M85,صادرات!M85)=0,"",SUM(واردات!M85,صادرات!M85)),"") | N85: =IFERROR(IF(SUM(واردات!N85,صادرات!N85)=0,"",SUM(واردات!N85,صادرات!N85)),"") | O85: =IFERROR(IF(SUM(واردات!O85,صادرات!O85)=0,"",SUM(واردات!O85,صادرات!O85)),"") | P85: =SUM(K85:N85) -> 0 | S85: =IF(OR(SUM(C85:G85)=0,SUM(G$68:G85)=0),"",IF(SUM(S$68:S84)=0,G85,IFERROR(SUM(S84,C85,-D85),""))) -> 248 | T85: =IFERROR(S85-G85,"") -> -760 | U85: =IF(OR(SUM(K85:O85)=0,SUM(O$68:O85)=0),"",IF(SUM(U$68:U84)=0,O85,IFERROR(SUM(U84,K85,-L85),""))) | V85: =IFERROR(U85-O85,"")
B86: خرداد | C86: =IFERROR(IF(SUM(واردات!C86,صادرات!C86)=0,"",SUM(واردات!C86,صادرات!C86)),"") -> 383 | D86: =IFERROR(IF(SUM(واردات!D86,صادرات!D86)=0,"",SUM(واردات!D86,صادرات!D86)),"") -> 248 | E86: =IFERROR(IF(SUM(واردات!E86,صادرات!E86)=0,"",SUM(واردات!E86,صادرات!E86)),"") | F86: =IFERROR(IF(SUM(واردات!F86,صادرات!F86)=0,"",SUM(واردات!F86,صادرات!F86)),"") | G86: =IFERROR(IF(SUM(واردات!G86,صادرات!G86)=0,"",SUM(واردات!G86,صادرات!G86)),"") -> 1145 | H86: =SUM(C86:F86) -> 631 | J86: خرداد | K86: =IFERROR(IF(SUM(واردات!K86,صادرات!K86)=0,"",SUM(واردات!K86,صادرات!K86)),"") | L86: =IFERROR(IF(SUM(واردات!L86,صادرات!L86)=0,"",SUM(واردات!L86,صادرات!L86)),"") | M86: =IFERROR(IF(SUM(واردات!M86,صادرات!M86)=0,"",SUM(واردات!M86,صادرات!M86)),"") | N86: =IFERROR(IF(SUM(واردات!N86,صادرات!N86)=0,"",SUM(واردات!N86,صادرات!N86)),"") | O86: =IFERROR(IF(SUM(واردات!O86,صادرات!O86)=0,"",SUM(واردات!O86,صادرات!O86)),"") | P86: =SUM(K86:N86) -> 0 | S86: =IF(OR(SUM(C86:G86)=0,SUM(G$68:G86)=0),"",IF(SUM(S$68:S85)=0,G86,IFERROR(SUM(S85,C86,-D86),""))) -> 383 | T86: =IFERROR(S86-G86,"") -> -762 | U86: =IF(OR(SUM(K86:O86)=0,SUM(O$68:O86)=0),"",IF(SUM(U$68:U85)=0,O86,IFERROR(SUM(U85,K86,-L86),""))) | V86: =IFERROR(U86-O86,"")
B87: تیر | C87: =IFERROR(IF(SUM(واردات!C87,صادرات!C87)=0,"",SUM(واردات!C87,صادرات!C87)),"") -> 57 | D87: =IFERROR(IF(SUM(واردات!D87,صادرات!D87)=0,"",SUM(واردات!D87,صادرات!D87)),"") -> 493 | E87: =IFERROR(IF(SUM(واردات!E87,صادرات!E87)=0,"",SUM(واردات!E87,صادرات!E87)),"") | F87: =IFERROR(IF(SUM(واردات!F87,صادرات!F87)=0,"",SUM(واردات!F87,صادرات!F87)),"") | G87: =IFERROR(IF(SUM(واردات!G87,صادرات!G87)=0,"",SUM(واردات!G87,صادرات!G87)),"") -> 708 | H87: =SUM(C87:F87) -> 550 | J87: تیر | K87: =IFERROR(IF(SUM(واردات!K87,صادرات!K87)=0,"",SUM(واردات!K87,صادرات!K87)),"") | L87: =IFERROR(IF(SUM(واردات!L87,صادرات!L87)=0,"",SUM(واردات!L87,صادرات!L87)),"") | M87: =IFERROR(IF(SUM(واردات!M87,صادرات!M87)=0,"",SUM(واردات!M87,صادرات!M87)),"") | N87: =IFERROR(IF(SUM(واردات!N87,صادرات!N87)=0,"",SUM(واردات!N87,صادرات!N87)),"") | O87: =IFERROR(IF(SUM(واردات!O87,صادرات!O87)=0,"",SUM(واردات!O87,صادرات!O87)),"") | P87: =SUM(K87:N87) -> 0 | S87: =IF(OR(SUM(C87:G87)=0,SUM(G$68:G87)=0),"",IF(SUM(S$68:S86)=0,G87,IFERROR(SUM(S86,C87,-D87),""))) -> -53 | T87: =IFERROR(S87-G87,"") -> -761 | U87: =IF(OR(SUM(K87:O87)=0,SUM(O$68:O87)=0),"",IF(SUM(U$68:U86)=0,O87,IFERROR(SUM(U86,K87,-L87),""))) | V87: =IFERROR(U87-O87,"")
B88: مرداد | C88: =IFERROR(IF(SUM(واردات!C88,صادرات!C88)=0,"",SUM(واردات!C88,صادرات!C88)),"") -> 80 | D88: =IFERROR(IF(SUM(واردات!D88,صادرات!D88)=0,"",SUM(واردات!D88,صادرات!D88)),"") -> 159 | E88: =IFERROR(IF(SUM(واردات!E88,صادرات!E88)=0,"",SUM(واردات!E88,صادرات!E88)),"") | F88: =IFERROR(IF(SUM(واردات!F88,صادرات!F88)=0,"",SUM(واردات!F88,صادرات!F88)),"") | G88: =IFERROR(IF(SUM(واردات!G88,صادرات!G88)=0,"",SUM(واردات!G88,صادرات!G88)),"") -> 50 | H88: =SUM(C88:F88) -> 239 | J88: مرداد | K88: =IFERROR(IF(SUM(واردات!K88,صادرات!K88)=0,"",SUM(واردات!K88,صادرات!K88)),"") | L88: =IFERROR(IF(SUM(واردات!L88,صادرات!L88)=0,"",SUM(واردات!L88,صادرات!L88)),"") | M88: =IFERROR(IF(SUM(واردات!M88,صادرات!M88)=0,"",SUM(واردات!M88,صادرات!M88)),"") | N88: =IFERROR(IF(SUM(واردات!N88,صادرات!N88)=0,"",SUM(واردات!N88,صادرات!N88)),"") | O88: =IFERROR(IF(SUM(واردات!O88,صادرات!O88)=0,"",SUM(واردات!O88,صادرات!O88)),"") | P88: =SUM(K88:N88) -> 0 | S88: =IF(OR(SUM(C88:G88)=0,SUM(G$68:G88)=0),"",IF(SUM(S$68:S87)=0,G88,IFERROR(SUM(S87,C88,-D88),""))) -> -132 | T88: =IFERROR(S88-G88,"") -> -182 | U88: =IF(OR(SUM(K88:O88)=0,SUM(O$68:O88)=0),"",IF(SUM(U$68:U87)=0,O88,IFERROR(SUM(U87,K88,-L88),""))) | V88: =IFERROR(U88-O88,"")
B89: شهریور | C89: =IFERROR(IF(SUM(واردات!C89,صادرات!C89)=0,"",SUM(واردات!C89,صادرات!C89)),"") -> 7 | D89: =IFERROR(IF(SUM(واردات!D89,صادرات!D89)=0,"",SUM(واردات!D89,صادرات!D89)),"") -> 404 | E89: =IFERROR(IF(SUM(واردات!E89,صادرات!E89)=0,"",SUM(واردات!E89,صادرات!E89)),"") | F89: =IFERROR(IF(SUM(واردات!F89,صادرات!F89)=0,"",SUM(واردات!F89,صادرات!F89)),"") | G89: =IFERROR(IF(SUM(واردات!G89,صادرات!G89)=0,"",SUM(واردات!G89,صادرات!G89)),"") -> 230 | H89: =SUM(C89:F89) -> 411 | J89: شهریور | K89: =IFERROR(IF(SUM(واردات!K89,صادرات!K89)=0,"",SUM(واردات!K89,صادرات!K89)),"") | L89: =IFERROR(IF(SUM(واردات!L89,صادرات!L89)=0,"",SUM(واردات!L89,صادرات!L89)),"") | M89: =IFERROR(IF(SUM(واردات!M89,صادرات!M89)=0,"",SUM(واردات!M89,صادرات!M89)),"") | N89: =IFERROR(IF(SUM(واردات!N89,صادرات!N89)=0,"",SUM(واردات!N89,صادرات!N89)),"") | O89: =IFERROR(IF(SUM(واردات!O89,صادرات!O89)=0,"",SUM(واردات!O89,صادرات!O89)),"") | P89: =SUM(K89:N89) -> 0 | S89: =IF(OR(SUM(C89:G89)=0,SUM(G$68:G89)=0),"",IF(SUM(S$68:S88)=0,G89,IFERROR(SUM(S88,C89,-D89),""))) -> -529 | T89: =IFERROR(S89-G89,"") -> -759 | U89: =IF(OR(SUM(K89:O89)=0,SUM(O$68:O89)=0),"",IF(SUM(U$68:U88)=0,O89,IFERROR(SUM(U88,K89,-L89),""))) | V89: =IFERROR(U89-O89,"")
B90: مهر | C90: =IFERROR(IF(SUM(واردات!C90,صادرات!C90)=0,"",SUM(واردات!C90,صادرات!C90)),"") -> 310 | D90: =IFERROR(IF(SUM(واردات!D90,صادرات!D90)=0,"",SUM(واردات!D90,صادرات!D90)),"") -> 5 | E90: =IFERROR(IF(SUM(واردات!E90,صادرات!E90)=0,"",SUM(واردات!E90,صادرات!E90)),"") | F90: =IFERROR(IF(SUM(واردات!F90,صادرات!F90)=0,"",SUM(واردات!F90,صادرات!F90)),"") | G90: =IFERROR(IF(SUM(واردات!G90,صادرات!G90)=0,"",SUM(واردات!G90,صادرات!G90)),"") -> 428 | H90: =SUM(C90:F90) -> 315 | J90: مهر | K90: =IFERROR(IF(SUM(واردات!K90,صادرات!K90)=0,"",SUM(واردات!K90,صادرات!K90)),"") | L90: =IFERROR(IF(SUM(واردات!L90,صادرات!L90)=0,"",SUM(واردات!L90,صادرات!L90)),"") | M90: =IFERROR(IF(SUM(واردات!M90,صادرات!M90)=0,"",SUM(واردات!M90,صادرات!M90)),"") | N90: =IFERROR(IF(SUM(واردات!N90,صادرات!N90)=0,"",SUM(واردات!N90,صادرات!N90)),"") | O90: =IFERROR(IF(SUM(واردات!O90,صادرات!O90)=0,"",SUM(واردات!O90,صادرات!O90)),"") | P90: =SUM(K90:N90) -> 0 | S90: =IF(OR(SUM(C90:G90)=0,SUM(G$68:G90)=0),"",IF(SUM(S$68:S89)=0,G90,IFERROR(SUM(S89,C90,-D90),""))) -> -224 | T90: =IFERROR(S90-G90,"") -> -652 | U90: =IF(OR(SUM(K90:O90)=0,SUM(O$68:O90)=0),"",IF(SUM(U$68:U89)=0,O90,IFERROR(SUM(U89,K90,-L90),""))) | V90: =IFERROR(U90-O90,"")
B91: آبان | C91: =IFERROR(IF(SUM(واردات!C91,صادرات!C91)=0,"",SUM(واردات!C91,صادرات!C91)),"") -> 245 | D91: =IFERROR(IF(SUM(واردات!D91,صادرات!D91)=0,"",SUM(واردات!D91,صادرات!D91)),"") -> 418 | E91: =IFERROR(IF(SUM(واردات!E91,صادرات!E91)=0,"",SUM(واردات!E91,صادرات!E91)),"") | F91: =IFERROR(IF(SUM(واردات!F91,صادرات!F91)=0,"",SUM(واردات!F91,صادرات!F91)),"") | G91: =IFERROR(IF(SUM(واردات!G91,صادرات!G91)=0,"",SUM(واردات!G91,صادرات!G91)),"") -> 255 | H91: =SUM(C91:F91) -> 663 | J91: آبان | K91: =IFERROR(IF(SUM(واردات!K91,صادرات!K91)=0,"",SUM(واردات!K91,صادرات!K91)),"") | L91: =IFERROR(IF(SUM(واردات!L91,صادرات!L91)=0,"",SUM(واردات!L91,صادرات!L91)),"") | M91: =IFERROR(IF(SUM(واردات!M91,صادرات!M91)=0,"",SUM(واردات!M91,صادرات!M91)),"") | N91: =IFERROR(IF(SUM(واردات!N91,صادرات!N91)=0,"",SUM(واردات!N91,صادرات!N91)),"") | O91: =IFERROR(IF(SUM(واردات!O91,صادرات!O91)=0,"",SUM(واردات!O91,صادرات!O91)),"") | P91: =SUM(K91:N91) -> 0 | S91: =IF(OR(SUM(C91:G91)=0,SUM(G$68:G91)=0),"",IF(SUM(S$68:S90)=0,G91,IFERROR(SUM(S90,C91,-D91),""))) -> -397 | T91: =IFERROR(S91-G91,"") -> -652 | U91: =IF(OR(SUM(K91:O91)=0,SUM(O$68:O91)=0),"",IF(SUM(U$68:U90)=0,O91,IFERROR(SUM(U90,K91,-L91),""))) | V91: =IFERROR(U91-O91,"")
B92: آذر | C92: =IFERROR(IF(SUM(واردات!C92,صادرات!C92)=0,"",SUM(واردات!C92,صادرات!C92)),"") -> 542 | D92: =IFERROR(IF(SUM(واردات!D92,صادرات!D92)=0,"",SUM(واردات!D92,صادرات!D92)),"") -> 553 | E92: =IFERROR(IF(SUM(واردات!E92,صادرات!E92)=0,"",SUM(واردات!E92,صادرات!E92)),"") | F92: =IFERROR(IF(SUM(واردات!F92,صادرات!F92)=0,"",SUM(واردات!F92,صادرات!F92)),"") | G92: =IFERROR(IF(SUM(واردات!G92,صادرات!G92)=0,"",SUM(واردات!G92,صادرات!G92)),"") -> 24 | H92: =SUM(C92:F92) -> 1095 | J92: آذر | K92: =IFERROR(IF(SUM(واردات!K92,صادرات!K92)=0,"",SUM(واردات!K92,صادرات!K92)),"") | L92: =IFERROR(IF(SUM(واردات!L92,صادرات!L92)=0,"",SUM(واردات!L92,صادرات!L92)),"") | M92: =IFERROR(IF(SUM(واردات!M92,صادرات!M92)=0,"",SUM(واردات!M92,صادرات!M92)),"") | N92: =IFERROR(IF(SUM(واردات!N92,صادرات!N92)=0,"",SUM(واردات!N92,صادرات!N92)),"") | O92: =IFERROR(IF(SUM(واردات!O92,صادرات!O92)=0,"",SUM(واردات!O92,صادرات!O92)),"") | P92: =SUM(K92:N92) -> 0 | S92: =IF(OR(SUM(C92:G92)=0,SUM(G$68:G92)=0),"",IF(SUM(S$68:S91)=0,G92,IFERROR(SUM(S91,C92,-D92),""))) -> -408 | T92: =IFERROR(S92-G92,"") -> -432 | U92: =IF(OR(SUM(K92:O92)=0,SUM(O$68:O92)=0),"",IF(SUM(U$68:U91)=0,O92,IFERROR(SUM(U91,K92,-L92),""))) | V92: =IFERROR(U92-O92,"")
B93: دی | C93: =IFERROR(IF(SUM(واردات!C93,صادرات!C93)=0,"",SUM(واردات!C93,صادرات!C93)),"") -> 908 | D93: =IFERROR(IF(SUM(واردات!D93,صادرات!D93)=0,"",SUM(واردات!D93,صادرات!D93)),"") -> 440 | E93: =IFERROR(IF(SUM(واردات!E93,صادرات!E93)=0,"",SUM(واردات!E93,صادرات!E93)),"") | F93: =IFERROR(IF(SUM(واردات!F93,صادرات!F93)=0,"",SUM(واردات!F93,صادرات!F93)),"") | G93: =IFERROR(IF(SUM(واردات!G93,صادرات!G93)=0,"",SUM(واردات!G93,صادرات!G93)),"") -> 712 | H93: =SUM(C93:F93) -> 1348 | J93: دی | K93: =IFERROR(IF(SUM(واردات!K93,صادرات!K93)=0,"",SUM(واردات!K93,صادرات!K93)),"") | L93: =IFERROR(IF(SUM(واردات!L93,صادرات!L93)=0,"",SUM(واردات!L93,صادرات!L93)),"") | M93: =IFERROR(IF(SUM(واردات!M93,صادرات!M93)=0,"",SUM(واردات!M93,صادرات!M93)),"") | N93: =IFERROR(IF(SUM(واردات!N93,صادرات!N93)=0,"",SUM(واردات!N93,صادرات!N93)),"") | O93: =IFERROR(IF(SUM(واردات!O93,صادرات!O93)=0,"",SUM(واردات!O93,صادرات!O93)),"") | P93: =SUM(K93:N93) -> 0 | S93: =IF(OR(SUM(C93:G93)=0,SUM(G$68:G93)=0),"",IF(SUM(S$68:S92)=0,G93,IFERROR(SUM(S92,C93,-D93),""))) -> 60 | T93: =IFERROR(S93-G93,"") -> -652 | U93: =IF(OR(SUM(K93:O93)=0,SUM(O$68:O93)=0),"",IF(SUM(U$68:U92)=0,O93,IFERROR(SUM(U92,K93,-L93),""))) | V93: =IFERROR(U93-O93,"")
B94: بهمن | C94: =IFERROR(IF(SUM(واردات!C94,صادرات!C94)=0,"",SUM(واردات!C94,صادرات!C94)),"") -> 922 | D94: =IFERROR(IF(SUM(واردات!D94,صادرات!D94)=0,"",SUM(واردات!D94,صادرات!D94)),"") -> 657 | E94: =IFERROR(IF(SUM(واردات!E94,صادرات!E94)=0,"",SUM(واردات!E94,صادرات!E94)),"") | F94: =IFERROR(IF(SUM(واردات!F94,صادرات!F94)=0,"",SUM(واردات!F94,صادرات!F94)),"") | G94: =IFERROR(IF(SUM(واردات!G94,صادرات!G94)=0,"",SUM(واردات!G94,صادرات!G94)),"") -> 1066 | H94: =SUM(C94:F94) -> 1579 | J94: بهمن | K94: =IFERROR(IF(SUM(واردات!K94,صادرات!K94)=0,"",SUM(واردات!K94,صادرات!K94)),"") -> 0.758 | L94: =IFERROR(IF(SUM(واردات!L94,صادرات!L94)=0,"",SUM(واردات!L94,صادرات!L94)),"") -> 0.137 | M94: =IFERROR(IF(SUM(واردات!M94,صادرات!M94)=0,"",SUM(واردات!M94,صادرات!M94)),"") | N94: =IFERROR(IF(SUM(واردات!N94,صادرات!N94)=0,"",SUM(واردات!N94,صادرات!N94)),"") | O94: =IFERROR(IF(SUM(واردات!O94,صادرات!O94)=0,"",SUM(واردات!O94,صادرات!O94)),"") -> 0.621 | P94: =SUM(K94:N94) -> 0.895 | S94: =IF(OR(SUM(C94:G94)=0,SUM(G$68:G94)=0),"",IF(SUM(S$68:S93)=0,G94,IFERROR(SUM(S93,C94,-D94),""))) -> 325 | T94: =IFERROR(S94-G94,"") -> -741 | U94: =IF(OR(SUM(K94:O94)=0,SUM(O$68:O94)=0),"",IF(SUM(U$68:U93)=0,O94,IFERROR(SUM(U93,K94,-L94),""))) -> 0.621 | V94: =IFERROR(U94-O94,"") -> 0
B95: اسفند | C95: =IFERROR(IF(SUM(واردات!C95,صادرات!C95)=0,"",SUM(واردات!C95,صادرات!C95)),"") -> 637 | D95: =IFERROR(IF(SUM(واردات!D95,صادرات!D95)=0,"",SUM(واردات!D95,صادرات!D95)),"") -> 672 | E95: =IFERROR(IF(SUM(واردات!E95,صادرات!E95)=0,"",SUM(واردات!E95,صادرات!E95)),"") | F95: =IFERROR(IF(SUM(واردات!F95,صادرات!F95)=0,"",SUM(واردات!F95,صادرات!F95)),"") | G95: =IFERROR(IF(SUM(واردات!G95,صادرات!G95)=0,"",SUM(واردات!G95,صادرات!G95)),"") -> 1030 | H95: =SUM(C95:F95) -> 1309 | J95: اسفند | K95: =IFERROR(IF(SUM(واردات!K95,صادرات!K95)=0,"",SUM(واردات!K95,صادرات!K95)),"") -> 2 | L95: =IFERROR(IF(SUM(واردات!L95,صادرات!L95)=0,"",SUM(واردات!L95,صادرات!L95)),"") -> 1 | M95: =IFERROR(IF(SUM(واردات!M95,صادرات!M95)=0,"",SUM(واردات!M95,صادرات!M95)),"") | N95: =IFERROR(IF(SUM(واردات!N95,صادرات!N95)=0,"",SUM(واردات!N95,صادرات!N95)),"") | O95: =IFERROR(IF(SUM(واردات!O95,صادرات!O95)=0,"",SUM(واردات!O95,صادرات!O95)),"") -> 1 | P95: =SUM(K95:N95) -> 3 | S95: =IF(OR(SUM(C95:G95)=0,SUM(G$68:G95)=0),"",IF(SUM(S$68:S94)=0,G95,IFERROR(SUM(S94,C95,-D95),""))) -> 290 | T95: =IFERROR(S95-G95,"") -> -740 | U95: =IF(OR(SUM(K95:O95)=0,SUM(O$68:O95)=0),"",IF(SUM(U$68:U94)=0,O95,IFERROR(SUM(U94,K95,-L95),""))) -> 1.621 | V95: =IFERROR(U95-O95,"") -> 0.621
B96: جمع | C96: =SUM(C84:C95) -> 4852 | D96: =SUM(D84:D95) -> 4851 | E96: =SUM(E84:E95) -> 0 | F96: =SUM(F84:F95) -> 0 | G96: =IF(G95<>"",G95,IF(G94<>"",G94,IF(G93<>"",G93,IF(G92<>"",G92,IF(G91<>"",G91,IF(G90<>"",G90,IF(G89<>"",G89,IF(G88<>"",G88,IF(G87<>"",G87,IF(G86<>"",G86,IF(G85<>"",G85,IF(G84<>"",G84,"")))))))))))) -> 1030 | H96: =SUM(C96:F96) -> 9703 | J96: جمع | K96: =SUM(K84:K95) -> 2.758 | L96: =SUM(L84:L95) -> 1.137 | M96: =SUM(M84:M95) -> 0 | N96: =SUM(N84:N95) -> 0 | O96: =IF(O95<>"",O95,IF(O94<>"",O94,IF(O93<>"",O93,IF(O92<>"",O92,IF(O91<>"",O91,IF(O90<>"",O90,IF(O89<>"",O89,IF(O88<>"",O88,IF(O87<>"",O87,IF(O86<>"",O86,IF(O85<>"",O85,IF(O84<>"",O84,"")))))))))))) -> 1 | P96: =SUM(K96:N96) -> 3.895

Sheet واردات
B2: واردات مجتمع خراسان | J2: فرودگاه هاشمی نژاد
B3: ماه | C3: تخلیه | D3: بارگیری | E3: حمل یکسره | F3: ترانشیپمنت | G3: رسوب | H3: جمع عملیاتی | J3: ماه | K3: تخلیه | L3: بارگیری | M3: حمل یکسره | N3: ترانشیپمنت | O3: رسوب | P3: جمع عملیاتی | S3: رسوب محاسبه شده
A4: =B2 -> واردات مجتمع خراسان | B4: فروردین | C4: =IF(SUM(K4,C20,K20,C36,K36,C52,K52,C68,K68,C84)=0,"",SUM(K4,C20,K20,C36,K36,C52,K52,C68,K68,C84,K84)) -> 16718 | D4: =IF(SUM(L4,D20,L20,D36,L36,D52,L52,D68,L68,D84)=0,"",SUM(L4,D20,L20,D36,L36,D52,L52,D68,L68,D84,L84)) -> 19111 | E4: =IF(SUM(M4,E20,M20,E36,M36,E52,M52,E68,M68,E84)=0,"",SUM(M4,E20,M20,E36,M36,E52,M52,E68,M68,E84,M84)) -> 407 | F4: =IF(SUM(N4,F20,N20,F36,N36,F52,N52,F68,N68,F84)=0,"",SUM(N4,F20,N20,F36,N36,F52,N52,F68,N68,F84,N84)) -> 90473 | G4: =IF(SUM(O4,G20,O20,G36,O36,G52,O52,G68,O68,G84)=0,"",SUM(O4,G20,O20,G36,O36,G52,O52,G68,O68,G84,O84)) -> 26939 | H4: =SUM(C4:F4) -> 126709 | I4: =J2 -> فرودگاه هاشمی نژاد | J4: فروردین | P4: =SUM(K4:N4) -> 0 | S4: =IF(SUM(G4)=0,"",IFERROR(G4,"")) -> 26939 | T4: =IFERROR(S4-G4,"") -> 0 | U4: =IF(SUM(O4)=0,"",IFERROR(O4,"")) | V4: =IFERROR(U4-O4,"")
A5: =B2 -> واردات مجتمع خراسان | B5: اردیبهشت | C5: =IF(SUM(K5,C21,K21,C37,K37,C53,K53,C69,K69,C85)=0,"",SUM(K5,C21,K21,C37,K37,C53,K53,C69,K69,C85,K85)) -> 17719 | D5: =IF(SUM(L5,D21,L21,D37,L37,D53,L53,D69,L69,D85)=0,"",SUM(L5,D21,L21,D37,L37,D53,L53,D69,L69,D85,L85)) -> 17949 | E5: =IF(SUM(M5,E21,M21,E37,M37,E53,M53,E69,M69,E85)=0,"",SUM(M5,E21,M21,E37,M37,E53,M53,E69,M69,E85,M85)) -> 657 | F5: =IF(SUM(N5,F21,N21,F37,N37,F53,N53,F69,N69,F85)=0,"",SUM(N5,F21,N21,F37,N37,F53,N53,F69,N69,F85,N85)) -> 84907 | G5: =IF(SUM(O5,G21,O21,G37,O37,G53,O53,G69,O69,G85)=0,"",SUM(O5,G21,O21,G37,O37,G53,O53,G69,O69,G85,O85)) -> 27081 | H5: =SUM(C5:F5) -> 121232 | I5: =J2 -> فرودگاه هاشمی نژاد | J5: اردیبهشت | P5: =SUM(K5:N5) -> 0 | S5: =IF(OR(SUM(C5:G5)=0,SUM(G$4:G5)=0),"",IF(SUM(S$4:S4)=0,G5,IFERROR(SUM(S4,C5,-D5),""))) -> 26709 | T5: =IFERROR(S5-G5,"") -> -372 | U5: =IF(OR(SUM(K5:O5)=0,SUM(O$4:O5)=0),"",IF(SUM(U$4:U4)=0,O5,IFERROR(SUM(U4,K5,-L5),""))) | V5: =IFERROR(U5-O5,"")
A6: =B2 -> واردات مجتمع خراسان | B6: خرداد | C6: =IF(SUM(K6,C22,K22,C38,K38,C54,K54,C70,K70,C86)=0,"",SUM(K6,C22,K22,C38,K38,C54,K54,C70,K70,C86,K86)) -> 17760 | D6: =IF(SUM(L6,D22,L22,D38,L38,D54,L54,D70,L70,D86)=0,"",SUM(L6,D22,L22,D38,L38,D54,L54,D70,L70,D86,L86)) -> 15467 | E6: =IF(SUM(M6,E22,M22,E38,M38,E54,M54,E70,M70,E86)=0,"",SUM(M6,E22,M22,E38,M38,E54,M54,E70,M70,E86,M86)) -> 863 | F6: =IF(SUM(N6,F22,N22,F38,N38,F54,N54,F70,N70,F86)=0,"",SUM(N6,F22,N22,F38,N38,F54,N54,F70,N70,F86,N86)) -> 70721 | G6: =IF(SUM(O6,G22,O22,G38,O38,G54,O54,G70,O70,G86)=0,"",SUM(O6,G22,O22,G38,O38,G54,O54,G70,O70,G86,O86)) -> 27823 | H6: =SUM(C6:F6) -> 104811 | I6: =J2 -> فرودگاه هاشمی نژاد | J6: خرداد | P6: =SUM(K6:N6) -> 0 | S6: =IF(OR(SUM(C6:G6)=0,SUM(G$4:G6)=0),"",IF(SUM(S$4:S5)=0,G6,IFERROR(SUM(S5,C6,-D6),""))) -> 29002 | T6: =IFERROR(S6-G6,"") -> 1179 | U6: =IF(OR(SUM(K6:O6)=0,SUM(O$4:O6)=0),"",IF(SUM(U$4:U5)=0,O6,IFERROR(SUM(U5,K6,-L6),""))) | V6: =IFERROR(U6-O6,"")
A7: =B2 -> واردات مجتمع خراسان | B7: تیر | C7: =IF(SUM(K7,C23,K23,C39,K39,C55,K55,C71,K71,C87)=0,"",SUM(K7,C23,K23,C39,K39,C55,K55,C71,K71,C87,K87)) -> 13439 | D7: =IF(SUM(L7,D23,L23,D39,L39,D55,L55,D71,L71,D87)=0,"",SUM(L7,D23,L23,D39,L39,D55,L55,D71,L71,D87,L87)) -> 19960 | E7: =IF(SUM(M7,E23,M23,E39,M39,E55,M55,E71,M71,E87)=0,"",SUM(M7,E23,M23,E39,M39,E55,M55,E71,M71,E87,M87)) -> 293 | F7: =IF(SUM(N7,F23,N23,F39,N39,F55,N55,F71,N71,F87)=0,"",SUM(N7,F23,N23,F39,N39,F55,N55,F71,N71,F87,N87)) -> 74800 | G7: =IF(SUM(O7,G23,O23,G39,O39,G55,O55,G71,O71,G87)=0,"",SUM(O7,G23,O23,G39,O39,G55,O55,G71,O71,G87,O87)) -> 23545 | H7: =SUM(C7:F7) -> 108492 | I7: =J2 -> فرودگاه هاشمی نژاد | J7: تیر | P7: =SUM(K7:N7) -> 0 | S7: =IF(OR(SUM(C7:G7)=0,SUM(G$4:G7)=0),"",IF(SUM(S$4:S6)=0,G7,IFERROR(SUM(S6,C7,-D7),""))) -> 22481 | T7: =IFERROR(S7-G7,"") -> -1064 | U7: =IF(OR(SUM(K7:O7)=0,SUM(O$4:O7)=0),"",IF(SUM(U$4:U6)=0,O7,IFERROR(SUM(U6,K7,-L7),""))) | V7: =IFERROR(U7-O7,"")
A8: =B2 -> واردات مجتمع خراسان | B8: مرداد | C8: =IF(SUM(K8,C24,K24,C40,K40,C56,K56,C72,K72,C88)=0,"",SUM(K8,C24,K24,C40,K40,C56,K56,C72,K72,C88,K88)) -> 16219 | D8: =IF(SUM(L8,D24,L24,D40,L40,D56,L56,D72,L72,D88)=0,"",SUM(L8,D24,L24,D40,L40,D56,L56,D72,L72,D88,L88)) -> 25347 | E8: =IF(SUM(M8,E24,M24,E40,M40,E56,M56,E72,M72,E88)=0,"",SUM(M8,E24,M24,E40,M40,E56,M56,E72,M72,E88,M88)) -> 1520 | F8: =IF(SUM(N8,F24,N24,F40,N40,F56,N56,F72,N72,F88)=0,"",SUM(N8,F24,N24,F40,N40,F56,N56,F72,N72,F88,N88)) -> 84582 | G8: =IF(SUM(O8,G24,O24,G40,O40,G56,O56,G72,O72,G88)=0,"",SUM(O8,G24,O24,G40,O40,G56,O56,G72,O72,G88,O88)) -> 14494 | H8: =SUM(C8:F8) -> 127668 | I8: =J2 -> فرودگاه هاشمی نژاد | J8: مرداد | P8: =SUM(K8:N8) -> 0 | S8: =IF(OR(SUM(C8:G8)=0,SUM(G$4:G8)=0),"",IF(SUM(S$4:S7)=0,G8,IFERROR(SUM(S7,C8,-D8),""))) -> 13353 | T8: =IFERROR(S8-G8,"") -> -1141 | U8: =IF(OR(SUM(K8:O8)=0,SUM(O$4:O8)=0),"",IF(SUM(U$4:U7)=0,O8,IFERROR(SUM(U7,K8,-L8),""))) | V8: =IFERROR(U8-O8,"")
A9: =B2 -> واردات مجتمع خراسان | B9: شهریور | C9: =IF(SUM(K9,C25,K25,C41,K41,C57,K57,C73,K73,C89)=0,"",SUM(K9,C25,K25,C41,K41,C57,K57,C73,K73,C89,K89)) -> 20754 | D9: =IF(SUM(L9,D25,L25,D41,L41,D57,L57,D73,L73,D89)=0,"",SUM(L9,D25,L25,D41,L41,D57,L57,D73,L73,D89,L89)) -> 15888 | E9: =IF(SUM(M9,E25,M25,E41,M41,E57,M57,E73,M73,E89)=0,"",SUM(M9,E25,M25,E41,M41,E57,M57,E73,M73,E89,M89)) -> 162 | F9: =IF(SUM(N9,F25,N25,F41,N41,F57,N57,F73,N73,F89)=0,"",SUM(N9,F25,N25,F41,N41,F57,N57,F73,N73,F89,N89)) -> 92863 | G9: =IF(SUM(O9,G25,O25,G41,O41,G57,O57,G73,O73,G89)=0,"",SUM(O9,G25,O25,G41,O41,G57,O57,G73,O73,G89,O89)) -> 19729 | H9: =SUM(C9:F9) -> 129667 | I9: =J2 -> فرودگاه هاشمی نژاد | J9: شهریور | P9: =SUM(K9:N9) -> 0 | S9: =IF(OR(SUM(C9:G9)=0,SUM(G$4:G9)=0),"",IF(SUM(S$4:S8)=0,G9,IFERROR(SUM(S8,C9,-D9),""))) -> 18219 | T9: =IFERROR(S9-G9,"") -> -1510 | U9: =IF(OR(SUM(K9:O9)=0,SUM(O$4:O9)=0),"",IF(SUM(U$4:U8)=0,O9,IFERROR(SUM(U8,K9,-L9),""))) | V9: =IFERROR(U9-O9,"")
A10: =B2 -> واردات مجتمع خراسان | B10: مهر | C10: =IF(SUM(K10,C26,K26,C42,K42,C58,K58,C74,K74,C90)=0,"",SUM(K10,C26,K26,C42,K42,C58,K58,C74,K74,C90,K90)) -> 18829 | D10: =IF(SUM(L10,D26,L26,D42,L42,D58,L58,D74,L74,D90)=0,"",SUM(L10,D26,L26,D42,L42,D58,L58,D74,L74,D90,L90)) -> 19819 | E10: =IF(SUM(M10,E26,M26,E42,M42,E58,M58,E74,M74,E90)=0,"",SUM(M10,E26,M26,E42,M42,E58,M58,E74,M74,E90,M90)) | F10: =IF(SUM(N10,F26,N26,F42,N42,F58,N58,F74,N74,F90)=0,"",SUM(N10,F26,N26,F42,N42,F58,N58,F74,N74,F90,N90)) -> 100787 | G10: =IF(SUM(O10,G26,O26,G42,O42,G58,O58,G74,O74,G90)=0,"",SUM(O10,G26,O26,G42,O42,G58,O58,G74,O74,G90,O90)) -> 18886 | H10: =SUM(C10:F10) -> 139435 | I10: =J2 -> فرودگاه هاشمی نژاد | J10: مهر | P10: =SUM(K10:N10) -> 0 | S10: =IF(OR(SUM(C10:G10)=0,SUM(G$4:G10)=0),"",IF(SUM(S$4:S9)=0,G10,IFERROR(SUM(S9,C10,-D10),""))) -> 17229 | T10: =IFERROR(S10-G10,"") -> -1657 | U10: =IF(OR(SUM(K10:O10)=0,SUM(O$4:O10)=0),"",IF(SUM(U$4:U9)=0,O10,IFERROR(SUM(U9,K10,-L10),""))) | V10: =IFERROR(U10-O10,"")
A11: =B2 -> واردات مجتمع خراسان | B11: آبان | C11: =IF(SUM(K11,C27,K27,C43,K43,C59,K59,C75,K75,C91)=0,"",SUM(K11,C27,K27,C43,K43,C59,K59,C75,K75,C91,K91)) -> 35741 | D11: =IF(SUM(L11,D27,L27,D43,L43,D59,L59,D75,L75,D91)=0,"",SUM(L11,D27,L27,D43,L43,D59,L59,D75,L75,D91,L91)) -> 21498 | E11: =IF(SUM(M11,E27,M27,E43,M43,E59,M59,E75,M75,E91)=0,"",SUM(M11,E27,M27,E43,M43,E59,M59,E75,M75,E91,M91)) | F11: =IF(SUM(N11,F27,N27,F43,N43,F59,N59,F75,N75,F91)=0,"",SUM(N11,F27,N27,F43,N43,F59,N59,F75,N75,F91,N91)) -> 102708 | G11: =IF(SUM(O11,G27,O27,G43,O43,G59,O59,G75,O75,G91)=0,"",SUM(O11,G27,O27,G43,O43,G59,O59,G75,O75,G91,O91)) -> 33236 | H11: =SUM(C11:F11) -> 159947 | I11: =J2 -> فرودگاه هاشمی نژاد | J11: آبان | P11: =SUM(K11:N11) -> 0 | S11: =IF(OR(SUM(C11:G11)=0,SUM(G$4:G11)=0),"",IF(SUM(S$4:S10)=0,G11,IFERROR(SUM(S10,C11,-D11),""))) -> 31472 | T11: =IFERROR(S11-G11,"") -> -1764 | U11: =IF(OR(SUM(K11:O11)=0,SUM(O$4:O11)=0),"",IF(SUM(U$4:U10)=0,O11,IFERROR(SUM(U10,K11,-L11),""))) | V11: =IFERROR(U11-O11,"")
A12: =B2 -> واردات مجتمع خراسان | B12: آذر | C12: =IF(SUM(K12,C28,K28,C44,K44,C60,K60,C76,K76,C92)=0,"",SUM(K12,C28,K28,C44,K44,C60,K60,C76,K76,C92,K92)) -> 26777 | D12: =IF(SUM(L12,D28,L28,D44,L44,D60,L60,D76,L76,D92)=0,"",SUM(L12,D28,L28,D44,L44,D60,L60,D76,L76,D92,L92)) -> 24206 | E12: =IF(SUM(M12,E28,M28,E44,M44,E60,M60,E76,M76,E92)=0,"",SUM(M12,E28,M28,E44,M44,E60,M60,E76,M76,E92,M92)) -> 4 | F12: =IF(SUM(N12,F28,N28,F44,N44,F60,N60,F76,N76,F92)=0,"",SUM(N12,F28,N28,F44,N44,F60,N60,F76,N76,F92,N92)) -> 112833 | G12: =IF(SUM(O12,G28,O28,G44,O44,G60,O60,G76,O76,G92)=0,"",SUM(O12,G28,O28,G44,O44,G60,O60,G76,O76,G92,O92)) -> 35617 | H12: =SUM(C12:F12) -> 163820 | I12: =J2 -> فرودگاه هاشمی نژاد | J12: آذر | P12: =SUM(K12:N12) -> 0 | S12: =IF(OR(SUM(C12:G12)=0,SUM(G$4:G12)=0),"",IF(SUM(S$4:S11)=0,G12,IFERROR(SUM(S11,C12,-D12),""))) -> 34043 | T12: =IFERROR(S12-G12,"") -> -1574 | U12: =IF(OR(SUM(K12:O12)=0,SUM(O$4:O12)=0),"",IF(SUM(U$4:U11)=0,O12,IFERROR(SUM(U11,K12,-L12),""))) | V12: =IFERROR(U12-O12,"")
A13: =B2 -> واردات مجتمع خراسان | B13: دی | C13: =IF(SUM(K13,C29,K29,C45,K45,C61,K61,C77,K77,C93)=0,"",SUM(K13,C29,K29,C45,K45,C61,K61,C77,K77,C93,K93)) -> 17385 | D13: =IF(SUM(L13,D29,L29,D45,L45,D61,L61,D77,L77,D93)=0,"",SUM(L13,D29,L29,D45,L45,D61,L61,D77,L77,D93,L93)) -> 26844 | E13: =IF(SUM(M13,E29,M29,E45,M45,E61,M61,E77,M77,E93)=0,"",SUM(M13,E29,M29,E45,M45,E61,M61,E77,M77,E93,M93)) -> 20 | F13: =IF(SUM(N13,F29,N29,F45,N45,F61,N61,F77,N77,F93)=0,"",SUM(N13,F29,N29,F45,N45,F61,N61,F77,N77,F93,N93)) -> 107111 | G13: =IF(SUM(O13,G29,O29,G45,O45,G61,O61,G77,O77,G93)=0,"",SUM(O13,G29,O29,G45,O45,G61,O61,G77,O77,G93,O93)) -> 27229 | H13: =SUM(C13:F13) -> 151360 | I13: =J2 -> فرودگاه هاشمی نژاد | J13: دی | P13: =SUM(K13:N13) -> 0 | S13: =IF(OR(SUM(C13:G13)=0,SUM(G$4:G13)=0),"",IF(SUM(S$4:S12)=0,G13,IFERROR(SUM(S12,C13,-D13),""))) -> 24584 | T13: =IFERROR(S13-G13,"") -> -2645 | U13: =IF(OR(SUM(K13:O13)=0,SUM(O$4:O13)=0),"",IF(SUM(U$4:U12)=0,O13,IFERROR(SUM(U12,K13,-L13),""))) | V13: =IFERROR(U13-O13,"")
A14: =B2 -> واردات مجتمع خراسان | B14: بهمن | C14: =IF(SUM(K14,C30,K30,C46,K46,C62,K62,C78,K78,C94)=0,"",SUM(K14,C30,K30,C46,K46,C62,K62,C78,K78,C94,K94)) -> 23040 | D14: =IF(SUM(L14,D30,L30,D46,L46,D62,L62,D78,L78,D94)=0,"",SUM(L14,D30,L30,D46,L46,D62,L62,D78,L78,D94,L94)) -> 25455 | E14: =IF(SUM(M14,E30,M30,E46,M46,E62,M62,E78,M78,E94)=0,"",SUM(M14,E30,M30,E46,M46,E62,M62,E78,M78,E94,M94)) | F14: =IF(SUM(N14,F30,N30,F46,N46,F62,N62,F78,N78,F94)=0,"",SUM(N14,F30,N30,F46,N46,F62,N62,F78,N78,F94,N94)) -> 116832 | G14: =IF(SUM(O14,G30,O30,G46,O46,G62,O62,G78,O78,G94)=0,"",SUM(O14,G30,O30,G46,O46,G62,O62,G78,O78,G94,O94)) -> 27407 | H14: =SUM(C14:F14) -> 165327 | I14: =J2 -> فرودگاه هاشمی نژاد | J14: بهمن | P14: =SUM(K14:N14) -> 0 | S14: =IF(OR(SUM(C14:G14)=0,SUM(G$4:G14)=0),"",IF(SUM(S$4:S13)=0,G14,IFERROR(SUM(S13,C14,-D14),""))) -> 22169 | T14: =IFERROR(S14-G14,"") -> -5238 | U14: =IF(OR(SUM(K14:O14)=0,SUM(O$4:O14)=0),"",IF(SUM(U$4:U13)=0,O14,IFERROR(SUM(U13,K14,-L14),""))) | V14: =IFERROR(U14-O14,"")
A15: =B2 -> واردات مجتمع خراسان | B15: اسفند | C15: =IF(SUM(K15,C31,K31,C47,K47,C63,K63,C79,K79,C95)=0,"",SUM(K15,C31,K31,C47,K47,C63,K63,C79,K79,C95,K95)) -> 23502 | D15: =IF(SUM(L15,D31,L31,D47,L47,D63,L63,D79,L79,D95)=0,"",SUM(L15,D31,L31,D47,L47,D63,L63,D79,L79,D95,L95)) -> 23751 | E15: =IF(SUM(M15,E31,M31,E47,M47,E63,M63,E79,M79,E95)=0,"",SUM(M15,E31,M31,E47,M47,E63,M63,E79,M79,E95,M95)) | F15: =IF(SUM(N15,F31,N31,F47,N47,F63,N63,F79,N79,F95)=0,"",SUM(N15,F31,N31,F47,N47,F63,N63,F79,N79,F95,N95)) -> 124202 | G15: =IF(SUM(O15,G31,O31,G47,O47,G63,O63,G79,O79,G95)=0,"",SUM(O15,G31,O31,G47,O47,G63,O63,G79,O79,G95,O95)) -> 23032 | H15: =SUM(C15:F15) -> 171455 | I15: =J2 -> فرودگاه هاشمی نژاد | J15: اسفند | P15: =SUM(K15:N15) -> 0 | S15: =IF(OR(SUM(C15:G15)=0,SUM(G$4:G15)=0),"",IF(SUM(S$4:S14)=0,G15,IFERROR(SUM(S14,C15,-D15),""))) -> 21920 | T15: =IFERROR(S15-G15,"") -> -1112 | U15: =IF(OR(SUM(K15:O15)=0,SUM(O$4:O15)=0),"",IF(SUM(U$4:U14)=0,O15,IFERROR(SUM(U14,K15,-L15),""))) | V15: =IFERROR(U15-O15,"")
B16: جمع | C16: =SUM(C4:C15) -> 247883 | D16: =SUM(D4:D15) -> 255295 | E16: =SUM(E4:E15) -> 3926 | F16: =SUM(F4:F15) -> 1162819 | G16: =IF(G15<>"",G15,IF(G14<>"",G14,IF(G13<>"",G13,IF(G12<>"",G12,IF(G11<>"",G11,IF(G10<>"",G10,IF(G9<>"",G9,IF(G8<>"",G8,IF(G7<>"",G7,IF(G6<>"",G6,IF(G5<>"",G5,IF(G4<>"",G4,"")))))))))))) -> 23032 | H16: =SUM(C16:F16) -> 1669923 | J16: جمع | K16: =SUM(K4:K15) -> 0 | L16: =SUM(L4:L15) -> 0 | M16: =SUM(M4:M15) -> 0 | N16: =SUM(N4:N15) -> 0 | O16: =IF(O15<>"",O15,IF(O14<>"",O14,IF(O13<>"",O13,IF(O12<>"",O12,IF(O11<>"",O11,IF(O10<>"",O10,IF(O9<>"",O9,IF(O8<>"",O8,IF(O7<>"",O7,IF(O6<>"",O6,IF(O5<>"",O5,IF(O4<>"",O4,"")))))))))))) | P16: =SUM(K16:N16) -> 0
B18: شهید کاوه | J18: مطهری
B19: ماه | C19: تخلیه | D19: بارگیری | E19: حمل یکسره | F19: ترانشیپمنت | G19: رسوب | H19: جمع عملیاتی | J19: ماه | K19: تخلیه | L19: بارگیری | M19: حمل یکسره | N19: ترانشیپمنت | O19: رسوب | P19: جمع عملیاتی
A20: =B18 -> شهید کاوه | B20: فروردین | C20: 1297 | D20: 1101 | E20: 407 | F20: 0 | G20: 3019 | H20: =SUM(C20:G20) -> 5824 | I20: =J18 -> مطهری | J20: فروردین | K20: 2075 | L20: 1854 | M20: 0 | N20: 0 | O20: 3898 | P20: =SUM(K20:O20) -> 7827 | S20: =IF(SUM(G20)=0,"",IFERROR(G20,"")) -> 3019 | T20: =IFERROR(S20-G20,"") -> 0 | U20: =IF(SUM(O20)=0,"",IFERROR(O20,"")) -> 3898 | V20: =IFERROR(U20-O20,"") -> 0
A21: =B18 -> شهید کاوه | B21: اردیبهشت | C21: 2604 | D21: 1646 | E21: 578 | F21: 0 | G21: 4162 | H21: =SUM(C21:G21) -> 8990 | I21: =J18 -> مطهری | J21: اردیبهشت | K21: 1269 | L21: 1823 | M21: 0 | N21: 0 | O21: 3370 | P21: =SUM(K21:O21) -> 6462 | S21: =IF(OR(SUM(C21:G21)=0,SUM(G$20:G21)=0),"",IF(SUM(S$20:S20)=0,G21,IFERROR(SUM(S20,C21,-D21),""))) -> 3977 | T21: =IFERROR(S21-G21,"") -> -185 | U21: =IF(OR(SUM(K21:O21)=0,SUM(O$20:O21)=0),"",IF(SUM(U$20:U20)=0,O21,IFERROR(SUM(U20,K21,-L21),""))) -> 3344 | V21: =IFERROR(U21-O21,"") -> -26
A22: =B18 -> شهید کاوه | B22: خرداد | C22: 1549 | D22: 2007 | E22: 863 | F22: 0 | G22: 3658 | H22: =SUM(C22:G22) -> 8077 | I22: =J18 -> مطهری | J22: خرداد | K22: 3001 | L22: 1593 | M22: 0 | N22: 0 | O22: 3370 | P22: =SUM(K22:O22) -> 7964 | S22: =IF(OR(SUM(C22:G22)=0,SUM(G$20:G22)=0),"",IF(SUM(S$20:S21)=0,G22,IFERROR(SUM(S21,C22,-D22),""))) -> 3519 | T22: =IFERROR(S22-G22,"") -> -139 | U22: =IF(OR(SUM(K22:O22)=0,SUM(O$20:O22)=0),"",IF(SUM(U$20:U21)=0,O22,IFERROR(SUM(U21,K22,-L22),""))) -> 4752 | V22: =IFERROR(U22-O22,"") -> 1382
A23: =B18 -> شهید کاوه | B23: تیر | C23: 1858 | D23: 2119 | E23: 293 | F23: 0 | G23: 3534 | H23: =SUM(C23:G23) -> 7804 | I23: =J18 -> مطهری | J23: تیر | K23: 465 | L23: 2319 | M23: 0 | N23: 0 | O23: 2922 | P23: =SUM(K23:O23) -> 5706 | S23: =IF(OR(SUM(C23:G23)=0,SUM(G$20:G23)=0),"",IF(SUM(S$20:S22)=0,G23,IFERROR(SUM(S22,C23,-D23),""))) -> 3258 | T23: =IFERROR(S23-G23,"") -> -276 | U23: =IF(OR(SUM(K23:O23)=0,SUM(O$20:O23)=0),"",IF(SUM(U$20:U22)=0,O23,IFERROR(SUM(U22,K23,-L23),""))) -> 2898 | V23: =IFERROR(U23-O23,"") -> -24
A24: =B18 -> شهید کاوه | B24: مرداد | C24: 1871 | D24: 2661 | E24: 1519 | F24: 0 | G24: 2768 | H24: =SUM(C24:G24) -> 8819 | I24: =J18 -> مطهری | J24: مرداد | K24: 561 | L24: 1394 | M24: 0 | N24: 0 | O24: 2089 | P24: =SUM(K24:O24) -> 4044 | S24: =IF(OR(SUM(C24:G24)=0,SUM(G$20:G24)=0),"",IF(SUM(S$20:S23)=0,G24,IFERROR(SUM(S23,C24,-D24),""))) -> 2468 | T24: =IFERROR(S24-G24,"") -> -300 | U24: =IF(OR(SUM(K24:O24)=0,SUM(O$20:O24)=0),"",IF(SUM(U$20:U23)=0,O24,IFERROR(SUM(U23,K24,-L24),""))) -> 2065 | V24: =IFERROR(U24-O24,"") -> -24
A25: =B18 -> شهید کاوه | B25: شهریور | C25: 1275 | D25: 1591 | E25: 162 | F25: 0 | G25: 2644 | H25: =SUM(C25:G25) -> 5672 | I25: =J18 -> مطهری | J25: شهریور | K25: 3941 | L25: 914 | M25: 0 | N25: 0 | O25: 5003 | P25: =SUM(K25:O25) -> 9858 | S25: =IF(OR(SUM(C25:G25)=0,SUM(G$20:G25)=0),"",IF(SUM(S$20:S24)=0,G25,IFERROR(SUM(S24,C25,-D25),""))) -> 2152 | T25: =IFERROR(S25-G25,"") -> -492 | U25: =IF(OR(SUM(K25:O25)=0,SUM(O$20:O25)=0),"",IF(SUM(U$20:U24)=0,O25,IFERROR(SUM(U24,K25,-L25),""))) -> 5092 | V25: =IFERROR(U25-O25,"") -> 89
A26: =B18 -> شهید کاوه | B26: مهر | C26: 1603 | D26: 1732 | E26: 0 | F26: 0 | G26: 2528 | H26: =SUM(C26:G26) -> 5863 | I26: =J18 -> مطهری | J26: مهر | K26: 1217 | L26: 3021 | M26: 0 | N26: 0 | O26: 3312 | P26: =SUM(K26:O26) -> 7550 | S26: =IF(OR(SUM(C26:G26)=0,SUM(G$20:G26)=0),"",IF(SUM(S$20:S25)=0,G26,IFERROR(SUM(S25,C26,-D26),""))) -> 2023 | T26: =IFERROR(S26-G26,"") -> -505 | U26: =IF(OR(SUM(K26:O26)=0,SUM(O$20:O26)=0),"",IF(SUM(U$20:U25)=0,O26,IFERROR(SUM(U25,K26,-L26),""))) -> 3288 | V26: =IFERROR(U26-O26,"") -> -24
A27: =B18 -> شهید کاوه | B27: آبان | C27: 1238 | D27: 1578 | E27: 0 | F27: 0 | G27: 2528 | H27: =SUM(C27:G27) -> 5344 | I27: =J18 -> مطهری | J27: آبان | K27: 160 | L27: 755 | M27: 0 | N27: 0 | O27: 2716 | P27: =SUM(K27:O27) -> 3631 | S27: =IF(OR(SUM(C27:G27)=0,SUM(G$20:G27)=0),"",IF(SUM(S$20:S26)=0,G27,IFERROR(SUM(S26,C27,-D27),""))) -> 1683 | T27: =IFERROR(S27-G27,"") -> -845 | U27: =IF(OR(SUM(K27:O27)=0,SUM(O$20:O27)=0),"",IF(SUM(U$20:U26)=0,O27,IFERROR(SUM(U26,K27,-L27),""))) -> 2693 | V27: =IFERROR(U27-O27,"") -> -23
A28: =B18 -> شهید کاوه | B28: آذر | C28: 1289 | D28: 1006 | E28: 4 | G28: 2461 | H28: =SUM(C28:G28) -> 4760 | I28: =J18 -> مطهری | J28: آذر | K28: 1787 | L28: 1255 | O28: 3249 | P28: =SUM(K28:O28) -> 6291 | S28: =IF(OR(SUM(C28:G28)=0,SUM(G$20:G28)=0),"",IF(SUM(S$20:S27)=0,G28,IFERROR(SUM(S27,C28,-D28),""))) -> 1966 | T28: =IFERROR(S28-G28,"") -> -495 | U28: =IF(OR(SUM(K28:O28)=0,SUM(O$20:O28)=0),"",IF(SUM(U$20:U27)=0,O28,IFERROR(SUM(U27,K28,-L28),""))) -> 3225 | V28: =IFERROR(U28-O28,"") -> -24
A29: =B18 -> شهید کاوه | B29: دی | C29: 683 | D29: 1363 | E29: 20 | G29: 1966 | H29: =SUM(C29:G29) -> 4032 | I29: =J18 -> مطهری | J29: دی | K29: 1190 | L29: 1055 | O29: 3434 | P29: =SUM(K29:O29) -> 5679 | S29: =IF(OR(SUM(C29:G29)=0,SUM(G$20:G29)=0),"",IF(SUM(S$20:S28)=0,G29,IFERROR(SUM(S28,C29,-D29),""))) -> 1286 | T29: =IFERROR(S29-G29,"") -> -680 | U29: =IF(OR(SUM(K29:O29)=0,SUM(O$20:O29)=0),"",IF(SUM(U$20:U28)=0,O29,IFERROR(SUM(U28,K29,-L29),""))) -> 3360 | V29: =IFERROR(U29-O29,"") -> -74
A30: =B18 -> شهید کاوه | B30: بهمن | C30: 155 | D30: 626 | E30: 0 | F30: 0 | G30: 1495 | H30: =SUM(C30:G30) -> 2276 | I30: =J18 -> مطهری | J30: بهمن | K30: 531 | L30: 1483 | O30: 2481 | P30: =SUM(K30:O30) -> 4495 | S30: =IF(OR(SUM(C30:G30)=0,SUM(G$20:G30)=0),"",IF(SUM(S$20:S29)=0,G30,IFERROR(SUM(S29,C30,-D30),""))) -> 815 | T30: =IFERROR(S30-G30,"") -> -680 | U30: =IF(OR(SUM(K30:O30)=0,SUM(O$20:O30)=0),"",IF(SUM(U$20:U29)=0,O30,IFERROR(SUM(U29,K30,-L30),""))) -> 2408 | V30: =IFERROR(U30-O30,"") -> -73
A31: =B18 -> شهید کاوه | B31: اسفند | C31: 104 | D31: 897 | E31: 0 | F31: 0 | G31: 702 | H31: =SUM(C31:G31) -> 1703 | I31: =J18 -> مطهری | J31: اسفند | K31: 1088 | L31: 1348 | O31: 2109 | P31: =SUM(K31:O31) -> 4545 | S31: =IF(OR(SUM(C31:G31)=0,SUM(G$20:G31)=0),"",IF(SUM(S$20:S30)=0,G31,IFERROR(SUM(S30,C31,-D31),""))) -> 22 | T31: =IFERROR(S31-G31,"") -> -680 | U31: =IF(OR(SUM(K31:O31)=0,SUM(O$20:O31)=0),"",IF(SUM(U$20:U30)=0,O31,IFERROR(SUM(U30,K31,-L31),""))) -> 2148 | V31: =IFERROR(U31-O31,"") -> 39
B32: جمع | C32: =SUM(C20:C31) -> 15526 | D32: =SUM(D20:D31) -> 18327 | E32: =SUM(E20:E31) -> 3846 | F32: =SUM(F20:F31) -> 0 | G32: =IF(G31<>"",G31,IF(G30<>"",G30,IF(G29<>"",G29,IF(G28<>"",G28,IF(G27<>"",G27,IF(G26<>"",G26,IF(G25<>"",G25,IF(G24<>"",G24,IF(G23<>"",G23,IF(G22<>"",G22,IF(G21<>"",G21,IF(G20<>"",G20,"")))))))))))) -> 702 | H32: =SUM(C32:F32) -> 37699 | J32: جمع | K32: =SUM(K20:K31) -> 17285 | L32: =SUM(L20:L31) -> 18814 | M32: =SUM(M20:M31) -> 0 | N32: =SUM(N20:N31) -> 0 | O32: =IF(O31<>"",O31,IF(O30<>"",O30,IF(O29<>"",O29,IF(O28<>"",O28,IF(O27<>"",O27,IF(O26<>"",O26,IF(O25<>"",O25,IF(O24<>"",O24,IF(O23<>"",O23,IF(O22<>"",O22,IF(O21<>"",O21,IF(O20<>"",O20,"")))))))))))) -> 2109 | P32: =SUM(K32:N32) -> 36099
B34: سرخس | J34: لطف آباد
B35: ماه | C35: تخلیه | D35: بارگیری | E35: حمل یکسره | F35: ترانشیپمنت | G35: رسوب | H35: جمع عملیاتی | J35: ماه | K35: تخلیه | L35: بارگیری | M35: حمل یکسره | N35: ترانشیپمنت | O35: رسوب | P35: جمع عملیاتی
A36: =B34 -> سرخس | B36: فروردین | C36: 1518 | D36: 910 | E36: 0 | F36: 3748 | G36: 1625 | H36: =SUM(C36:G36) -> 7801 | I36: =J34 -> لطف آباد | J36: فروردین | K36: 4129 | L36: 6007 | M36: 0 | N36: 81641 | O36: 1249 | P36: =SUM(K36:O36) -> 93026 | S36: =IF(SUM(G36)=0,"",IFERROR(G36,"")) -> 1625 | T36: =IFERROR(S36-G36,"") -> 0 | U36: =IF(SUM(O36)=0,"",IFERROR(O36,"")) -> 1249 | V36: =IFERROR(U36-O36,"") -> 0
A37: =B34 -> سرخس | B37: اردیبهشت | C37: 1606 | D37: 1375 | E37: 0 | F37: 4934 | G37: 1856 | H37: =SUM(C37:G37) -> 9771 | I37: =J34 -> لطف آباد | J37: اردیبهشت | K37: 6915 | L37: 6599 | M37: 0 | N37: 72167 | O37: 1565 | P37: =SUM(K37:O37) -> 87246 | S37: =IF(OR(SUM(C37:G37)=0,SUM(G$36:G37)=0),"",IF(SUM(S$36:S36)=0,G37,IFERROR(SUM(S36,C37,-D37),""))) -> 1856 | T37: =IFERROR(S37-G37,"") -> 0 | U37: =IF(OR(SUM(K37:O37)=0,SUM(O$36:O37)=0),"",IF(SUM(U$36:U36)=0,O37,IFERROR(SUM(U36,K37,-L37),""))) -> 1565 | V37: =IFERROR(U37-O37,"") -> 0
A38: =B34 -> سرخس | B38: خرداد | C38: 1374 | D38: 1738 | E38: 0 | F38: 5329 | G38: 1507 | H38: =SUM(C38:G38) -> 9948 | I38: =J34 -> لطف آباد | J38: خرداد | K38: 8823 | L38: 6104 | M38: 0 | N38: 60319 | O38: 4269 | P38: =SUM(K38:O38) -> 79515 | S38: =IF(OR(SUM(C38:G38)=0,SUM(G$36:G38)=0),"",IF(SUM(S$36:S37)=0,G38,IFERROR(SUM(S37,C38,-D38),""))) -> 1492 | T38: =IFERROR(S38-G38,"") -> -15 | U38: =IF(OR(SUM(K38:O38)=0,SUM(O$36:O38)=0),"",IF(SUM(U$36:U37)=0,O38,IFERROR(SUM(U37,K38,-L38),""))) -> 4284 | V38: =IFERROR(U38-O38,"") -> 15
A39: =B34 -> سرخس | B39: تیر | C39: 1001 | D39: 1630 | E39: 0 | F39: 4693 | G39: 879 | H39: =SUM(C39:G39) -> 8203 | I39: =J34 -> لطف آباد | J39: تیر | K39: 5501 | L39: 7007 | M39: 0 | N39: 60422 | O39: 2763 | P39: =SUM(K39:O39) -> 75693 | S39: =IF(OR(SUM(C39:G39)=0,SUM(G$36:G39)=0),"",IF(SUM(S$36:S38)=0,G39,IFERROR(SUM(S38,C39,-D39),""))) -> 863 | T39: =IFERROR(S39-G39,"") -> -16 | U39: =IF(OR(SUM(K39:O39)=0,SUM(O$36:O39)=0),"",IF(SUM(U$36:U38)=0,O39,IFERROR(SUM(U38,K39,-L39),""))) -> 2778 | V39: =IFERROR(U39-O39,"") -> 15
A40: =B34 -> سرخس | B40: مرداد | C40: 1474 | D40: 1021 | E40: 0 | F40: 5302 | G40: 1274 | H40: =SUM(C40:G40) -> 9071 | I40: =J34 -> لطف آباد | J40: مرداد | K40: 8251 | L40: 7080 | M40: 0 | N40: 69420 | O40: 3934 | P40: =SUM(K40:O40) -> 88685 | S40: =IF(OR(SUM(C40:G40)=0,SUM(G$36:G40)=0),"",IF(SUM(S$36:S39)=0,G40,IFERROR(SUM(S39,C40,-D40),""))) -> 1316 | T40: =IFERROR(S40-G40,"") -> 42 | U40: =IF(OR(SUM(K40:O40)=0,SUM(O$36:O40)=0),"",IF(SUM(U$36:U39)=0,O40,IFERROR(SUM(U39,K40,-L40),""))) -> 3949 | V40: =IFERROR(U40-O40,"") -> 15
A41: =B34 -> سرخس | B41: شهریور | C41: 1732 | D41: 1208 | E41: 0 | F41: 5631 | G41: 1797 | H41: =SUM(C41:G41) -> 10368 | I41: =J34 -> لطف آباد | J41: شهریور | K41: 8879 | L41: 7483 | M41: 0 | N41: 74201 | O41: 5330 | P41: =SUM(K41:O41) -> 95893 | S41: =IF(OR(SUM(C41:G41)=0,SUM(G$36:G41)=0),"",IF(SUM(S$36:S40)=0,G41,IFERROR(SUM(S40,C41,-D41),""))) -> 1840 | T41: =IFERROR(S41-G41,"") -> 43 | U41: =IF(OR(SUM(K41:O41)=0,SUM(O$36:O41)=0),"",IF(SUM(U$36:U40)=0,O41,IFERROR(SUM(U40,K41,-L41),""))) -> 5345 | V41: =IFERROR(U41-O41,"") -> 15
A42: =B34 -> سرخس | B42: مهر | C42: 2111 | D42: 2189 | E42: 0 | F42: 6463 | G42: 1822 | H42: =SUM(C42:G42) -> 12585 | I42: =J34 -> لطف آباد | J42: مهر | K42: 8130 | L42: 7600 | M42: 0 | N42: 72407 | O42: 5860 | P42: =SUM(K42:O42) -> 93997 | S42: =IF(OR(SUM(C42:G42)=0,SUM(G$36:G42)=0),"",IF(SUM(S$36:S41)=0,G42,IFERROR(SUM(S41,C42,-D42),""))) -> 1762 | T42: =IFERROR(S42-G42,"") -> -60 | U42: =IF(OR(SUM(K42:O42)=0,SUM(O$36:O42)=0),"",IF(SUM(U$36:U41)=0,O42,IFERROR(SUM(U41,K42,-L42),""))) -> 5875 | V42: =IFERROR(U42-O42,"") -> 15
A43: =B34 -> سرخس | B43: آبان | C43: 2167 | D43: 1982 | E43: 0 | F43: 6534 | G43: 1685 | H43: =SUM(C43:G43) -> 12368 | I43: =J34 -> لطف آباد | J43: آبان | K43: 7090 | L43: 8629 | M43: 0 | N43: 81270 | O43: 4321 | P43: =SUM(K43:O43) -> 101310 | S43: =IF(OR(SUM(C43:G43)=0,SUM(G$36:G43)=0),"",IF(SUM(S$36:S42)=0,G43,IFERROR(SUM(S42,C43,-D43),""))) -> 1947 | T43: =IFERROR(S43-G43,"") -> 262 | U43: =IF(OR(SUM(K43:O43)=0,SUM(O$36:O43)=0),"",IF(SUM(U$36:U42)=0,O43,IFERROR(SUM(U42,K43,-L43),""))) -> 4336 | V43: =IFERROR(U43-O43,"") -> 15
A44: =B34 -> سرخس | B44: آذر | C44: 2222 | D44: 2024 | F44: 7529 | G44: 1916 | H44: =SUM(C44:G44) -> 13691 | I44: =J34 -> لطف آباد | J44: آذر | K44: 9290 | L44: 6585 | N44: 84461 | O44: 7026 | P44: =SUM(K44:O44) -> 107362 | S44: =IF(OR(SUM(C44:G44)=0,SUM(G$36:G44)=0),"",IF(SUM(S$36:S43)=0,G44,IFERROR(SUM(S43,C44,-D44),""))) -> 2145 | T44: =IFERROR(S44-G44,"") -> 229 | U44: =IF(OR(SUM(K44:O44)=0,SUM(O$36:O44)=0),"",IF(SUM(U$36:U43)=0,O44,IFERROR(SUM(U43,K44,-L44),""))) -> 7041 | V44: =IFERROR(U44-O44,"") -> 15
A45: =B34 -> سرخس | B45: دی | C45: 1390 | D45: 1841 | F45: 12000 | G45: 2166 | H45: =SUM(C45:G45) -> 17397 | I45: =J34 -> لطف آباد | J45: دی | K45: 6272 | L45: 7302 | N45: 84263 | O45: 5996 | P45: =SUM(K45:O45) -> 103833 | S45: =IF(OR(SUM(C45:G45)=0,SUM(G$36:G45)=0),"",IF(SUM(S$36:S44)=0,G45,IFERROR(SUM(S44,C45,-D45),""))) -> 1694 | T45: =IFERROR(S45-G45,"") -> -472 | U45: =IF(OR(SUM(K45:O45)=0,SUM(O$36:O45)=0),"",IF(SUM(U$36:U44)=0,O45,IFERROR(SUM(U44,K45,-L45),""))) -> 6011 | V45: =IFERROR(U45-O45,"") -> 15
A46: =B34 -> سرخس | B46: بهمن | C46: 1616 | D46: 1541 | F46: 12868 | G46: 1789 | H46: =SUM(C46:G46) -> 17814 | I46: =J34 -> لطف آباد | J46: بهمن | K46: 9480 | L46: 7171 | N46: 84744 | O46: 8306 | P46: =SUM(K46:O46) -> 109701 | S46: =IF(OR(SUM(C46:G46)=0,SUM(G$36:G46)=0),"",IF(SUM(S$36:S45)=0,G46,IFERROR(SUM(S45,C46,-D46),""))) -> 1769 | T46: =IFERROR(S46-G46,"") -> -20 | U46: =IF(OR(SUM(K46:O46)=0,SUM(O$36:O46)=0),"",IF(SUM(U$36:U45)=0,O46,IFERROR(SUM(U45,K46,-L46),""))) -> 8320 | V46: =IFERROR(U46-O46,"") -> 14
A47: =B34 -> سرخس | B47: اسفند | C47: 1285 | D47: 1490 | F47: 6691 | G47: 31 | H47: =SUM(C47:G47) -> 9497 | I47: =J34 -> لطف آباد | J47: اسفند | K47: 9660 | L47: 8207 | N47: 86761 | O47: 9759 | P47: =SUM(K47:O47) -> 114387 | S47: =IF(OR(SUM(C47:G47)=0,SUM(G$36:G47)=0),"",IF(SUM(S$36:S46)=0,G47,IFERROR(SUM(S46,C47,-D47),""))) -> 1564 | T47: =IFERROR(S47-G47,"") -> 1533 | U47: =IF(OR(SUM(K47:O47)=0,SUM(O$36:O47)=0),"",IF(SUM(U$36:U46)=0,O47,IFERROR(SUM(U46,K47,-L47),""))) -> 9773 | V47: =IFERROR(U47-O47,"") -> 14
B48: جمع | C48: =SUM(C36:C47) -> 19496 | D48: =SUM(D36:D47) -> 18949 | E48: =SUM(E36:E47) -> 0 | F48: =SUM(F36:F47) -> 81722 | G48: =IF(G47<>"",G47,IF(G46<>"",G46,IF(G45<>"",G45,IF(G44<>"",G44,IF(G43<>"",G43,IF(G42<>"",G42,IF(G41<>"",G41,IF(G40<>"",G40,IF(G39<>"",G39,IF(G38<>"",G38,IF(G37<>"",G37,IF(G36<>"",G36,"")))))))))))) -> 31 | H48: =SUM(C48:F48) -> 120167 | J48: جمع | K48: =SUM(K36:K47) -> 92420 | L48: =SUM(L36:L47) -> 85774 | M48: =SUM(M36:M47) -> 0 | N48: =SUM(N36:N47) -> 912076 | O48: =IF(O47<>"",O47,IF(O46<>"",O46,IF(O45<>"",O45,IF(O44<>"",O44,IF(O43<>"",O43,IF(O42<>"",O42,IF(O41<>"",O41,IF(O40<>"",O40,IF(O39<>"",O39,IF(O38<>"",O38,IF(O37<>"",O37,IF(O36<>"",O36,"")))))))))))) -> 9759 | P48: =SUM(K48:N48) -> 1090270
B50: نیشابور | J50: دوغارون
B51: ماه | C51: تخلیه | D51: بارگیری | E51: حمل یکسره | F51: ترانشیپمنت | G51: رسوب | H51: جمع عملیاتی | J51: ماه | K51: تخلیه | L51: بارگیری | M51: حمل یکسره | N51: ترانشیپمنت | O51: رسوب | P51: جمع عملیاتی
A52: =B50 -> نیشابور | B52: فروردین | C52: 2040 | D52: 3904 | E52: 0 | F52: 0 | G52: 6915 | H52: =SUM(C52:G52) -> 12859 | I52: =J50 -> دوغارون | J52: فروردین | K52: 5658 | L52: 5324 | M52: 0 | N52: 5084 | O52: 9936 | P52: =SUM(K52:O52) -> 26002 | S52: =IF(SUM(G52)=0,"",IFERROR(G52,"")) -> 6915 | T52: =IFERROR(S52-G52,"") -> 0 | U52: =IF(SUM(O52)=0,"",IFERROR(O52,"")) -> 9936 | V52: =IFERROR(U52-O52,"") -> 0
A53: =B50 -> نیشابور | B53: اردیبهشت | C53: 1113 | D53: 1823 | E53: 0 | F53: 0 | G53: 6205 | H53: =SUM(C53:G53) -> 9141 | I53: =J50 -> دوغارون | J53: اردیبهشت | K53: 3867 | L53: 4485 | M53: 50 | N53: 7806 | O53: 9334 | P53: =SUM(K53:O53) -> 25542 | S53: =IF(OR(SUM(C53:G53)=0,SUM(G$52:G53)=0),"",IF(SUM(S$52:S52)=0,G53,IFERROR(SUM(S52,C53,-D53),""))) -> 6205 | T53: =IFERROR(S53-G53,"") -> 0 | U53: =IF(OR(SUM(K53:O53)=0,SUM(O$52:O53)=0),"",IF(SUM(U$52:U52)=0,O53,IFERROR(SUM(U52,K53,-L53),""))) -> 9318 | V53: =IFERROR(U53-O53,"") -> -16
A54: =B50 -> نیشابور | B54: خرداد | C54: 381 | D54: 1360 | E54: 0 | F54: 0 | G54: 5203 | H54: =SUM(C54:G54) -> 6944 | I54: =J50 -> دوغارون | J54: خرداد | K54: 2388 | L54: 2588 | M54: 0 | N54: 5073 | O54: 9183 | P54: =SUM(K54:O54) -> 19232 | S54: =IF(OR(SUM(C54:G54)=0,SUM(G$52:G54)=0),"",IF(SUM(S$52:S53)=0,G54,IFERROR(SUM(S53,C54,-D54),""))) -> 5226 | T54: =IFERROR(S54-G54,"") -> 23 | U54: =IF(OR(SUM(K54:O54)=0,SUM(O$52:O54)=0),"",IF(SUM(U$52:U53)=0,O54,IFERROR(SUM(U53,K54,-L54),""))) -> 9118 | V54: =IFERROR(U54-O54,"") -> -65
A55: =B50 -> نیشابور | B55: تیر | C55: 145 | D55: 1671 | E55: 0 | F55: 0 | G55: 4080 | H55: =SUM(C55:G55) -> 5896 | I55: =J50 -> دوغارون | J55: تیر | K55: 4354 | L55: 4991 | M55: 0 | N55: 9685 | O55: 8698 | P55: =SUM(K55:O55) -> 27728 | S55: =IF(OR(SUM(C55:G55)=0,SUM(G$52:G55)=0),"",IF(SUM(S$52:S54)=0,G55,IFERROR(SUM(S54,C55,-D55),""))) -> 3700 | T55: =IFERROR(S55-G55,"") -> -380 | U55: =IF(OR(SUM(K55:O55)=0,SUM(O$52:O55)=0),"",IF(SUM(U$52:U54)=0,O55,IFERROR(SUM(U54,K55,-L55),""))) -> 8481 | V55: =IFERROR(U55-O55,"") -> -217
A56: =B50 -> نیشابور | B56: مرداد | C56: 627 | D56: 1608 | E56: 1 | F56: 0 | G56: 3099 | H56: =SUM(C56:G56) -> 5335 | I56: =J50 -> دوغارون | J56: مرداد | K56: 3397 | L56: 11289 | M56: 0 | N56: 9860 | O56: 916 | P56: =SUM(K56:O56) -> 25462 | S56: =IF(OR(SUM(C56:G56)=0,SUM(G$52:G56)=0),"",IF(SUM(S$52:S55)=0,G56,IFERROR(SUM(S55,C56,-D56),""))) -> 2719 | T56: =IFERROR(S56-G56,"") -> -380 | U56: =IF(OR(SUM(K56:O56)=0,SUM(O$52:O56)=0),"",IF(SUM(U$52:U55)=0,O56,IFERROR(SUM(U55,K56,-L56),""))) -> 589 | V56: =IFERROR(U56-O56,"") -> -327
A57: =B50 -> نیشابور | B57: شهریور | C57: 542 | D57: 460 | E57: 0 | F57: 0 | G57: 3181 | H57: =SUM(C57:G57) -> 4183 | I57: =J50 -> دوغارون | J57: شهریور | K57: 4287 | L57: 4016 | M57: 0 | N57: 13031 | O57: 1291 | P57: =SUM(K57:O57) -> 22625 | S57: =IF(OR(SUM(C57:G57)=0,SUM(G$52:G57)=0),"",IF(SUM(S$52:S56)=0,G57,IFERROR(SUM(S56,C57,-D57),""))) -> 2801 | T57: =IFERROR(S57-G57,"") -> -380 | U57: =IF(OR(SUM(K57:O57)=0,SUM(O$52:O57)=0),"",IF(SUM(U$52:U56)=0,O57,IFERROR(SUM(U56,K57,-L57),""))) -> 860 | V57: =IFERROR(U57-O57,"") -> -431
A58: =B50 -> نیشابور | B58: مهر | C58: 791 | D58: 408 | E58: 0 | F58: 0 | G58: 3563 | H58: =SUM(C58:G58) -> 4762 | I58: =J50 -> دوغارون | J58: مهر | K58: 4905 | L58: 4718 | M58: 0 | N58: 21917 | O58: 1584 | P58: =SUM(K58:O58) -> 33124 | S58: =IF(OR(SUM(C58:G58)=0,SUM(G$52:G58)=0),"",IF(SUM(S$52:S57)=0,G58,IFERROR(SUM(S57,C58,-D58),""))) -> 3184 | T58: =IFERROR(S58-G58,"") -> -379 | U58: =IF(OR(SUM(K58:O58)=0,SUM(O$52:O58)=0),"",IF(SUM(U$52:U57)=0,O58,IFERROR(SUM(U57,K58,-L58),""))) -> 1047 | V58: =IFERROR(U58-O58,"") -> -537
A59: =B50 -> نیشابور | B59: آبان | C59: 2455 | D59: 1282 | E59: 0 | F59: 0 | G59: 4736 | H59: =SUM(C59:G59) -> 8473 | I59: =J50 -> دوغارون | J59: آبان | K59: 22631 | L59: 7227 | M59: 0 | N59: 14904 | O59: 17079 | P59: =SUM(K59:O59) -> 61841 | S59: =IF(OR(SUM(C59:G59)=0,SUM(G$52:G59)=0),"",IF(SUM(S$52:S58)=0,G59,IFERROR(SUM(S58,C59,-D59),""))) -> 4357 | T59: =IFERROR(S59-G59,"") -> -379 | U59: =IF(OR(SUM(K59:O59)=0,SUM(O$52:O59)=0),"",IF(SUM(U$52:U58)=0,O59,IFERROR(SUM(U58,K59,-L59),""))) -> 16451 | V59: =IFERROR(U59-O59,"") -> -628
A60: =B50 -> نیشابور | B60: آذر | C60: 962 | D60: 1060 | G60: 4639 | H60: =SUM(C60:F60) -> 2022 | I60: =J50 -> دوغارون | J60: آذر | K60: 11079 | L60: 12176 | N60: 20843 | O60: 16107 | P60: =SUM(K60:O60) -> 60205 | S60: =IF(OR(SUM(C60:G60)=0,SUM(G$52:G60)=0),"",IF(SUM(S$52:S59)=0,G60,IFERROR(SUM(S59,C60,-D60),""))) -> 4259 | T60: =IFERROR(S60-G60,"") -> -380 | U60: =IF(OR(SUM(K60:O60)=0,SUM(O$52:O60)=0),"",IF(SUM(U$52:U59)=0,O60,IFERROR(SUM(U59,K60,-L60),""))) -> 15354 | V60: =IFERROR(U60-O60,"") -> -753
A61: =B50 -> نیشابور | B61: دی | C61: 411 | D61: 1474 | G61: 3576 | H61: =SUM(C61:F61) -> 1885 | I61: =J50 -> دوغارون | J61: دی | K61: 6907 | L61: 13655 | N61: 10848 | O61: 9605 | P61: =SUM(K61:O61) -> 41015 | S61: =IF(OR(SUM(C61:G61)=0,SUM(G$52:G61)=0),"",IF(SUM(S$52:S60)=0,G61,IFERROR(SUM(S60,C61,-D61),""))) -> 3196 | T61: =IFERROR(S61-G61,"") -> -380 | U61: =IF(OR(SUM(K61:O61)=0,SUM(O$52:O61)=0),"",IF(SUM(U$52:U60)=0,O61,IFERROR(SUM(U60,K61,-L61),""))) -> 8606 | V61: =IFERROR(U61-O61,"") -> -999
A62: =B50 -> نیشابور | B62: بهمن | C62: 565 | D62: 1003 | G62: 3138 | H62: =SUM(C62:F62) -> 1568 | I62: =J50 -> دوغارون | J62: بهمن | K62: 9541 | L62: 13236 | N62: 19220 | O62: 8842 | P62: =SUM(K62:O62) -> 50839 | S62: =IF(OR(SUM(C62:G62)=0,SUM(G$52:G62)=0),"",IF(SUM(S$52:S61)=0,G62,IFERROR(SUM(S61,C62,-D62),""))) -> 2758 | T62: =IFERROR(S62-G62,"") -> -380 | U62: =IF(OR(SUM(K62:O62)=0,SUM(O$52:O62)=0),"",IF(SUM(U$52:U61)=0,O62,IFERROR(SUM(U61,K62,-L62),""))) -> 4911 | V62: =IFERROR(U62-O62,"") -> -3931
A63: =B50 -> نیشابور | B63: اسفند | C63: 2171 | D63: 473 | G63: 4836 | H63: =SUM(C63:F63) -> 2644 | I63: =J50 -> دوغارون | J63: اسفند | K63: 8073 | L63: 10052 | N63: 30750 | O63: 4403 | P63: =SUM(K63:O63) -> 53278 | S63: =IF(OR(SUM(C63:G63)=0,SUM(G$52:G63)=0),"",IF(SUM(S$52:S62)=0,G63,IFERROR(SUM(S62,C63,-D63),""))) -> 4456 | T63: =IFERROR(S63-G63,"") -> -380 | U63: =IF(OR(SUM(K63:O63)=0,SUM(O$52:O63)=0),"",IF(SUM(U$52:U62)=0,O63,IFERROR(SUM(U62,K63,-L63),""))) -> 2932 | V63: =IFERROR(U63-O63,"") -> -1471
B64: جمع | C64: =SUM(C52:C63) -> 12203 | D64: =SUM(D52:D63) -> 16526 | E64: =SUM(E52:E63) -> 1 | F64: =SUM(F52:F63) -> 0 | G64: =IF(G63<>"",G63,IF(G62<>"",G62,IF(G61<>"",G61,IF(G60<>"",G60,IF(G59<>"",G59,IF(G58<>"",G58,IF(G57<>"",G57,IF(G56<>"",G56,IF(G55<>"",G55,IF(G54<>"",G54,IF(G53<>"",G53,IF(G52<>"",G52,"")))))))))))) -> 4836 | H64: =SUM(C64:F64) -> 28730 | J64: جمع | K64: =SUM(K52:K63) -> 87087 | L64: =SUM(L52:L63) -> 93757 | M64: =SUM(M52:M63) -> 50 | N64: =SUM(N52:N63) -> 169021 | O64: =IF(O63<>"",O63,IF(O62<>"",O62,IF(O61<>"",O61,IF(O60<>"",O60,IF(O59<>"",O59,IF(O58<>"",O58,IF(O57<>"",O57,IF(O56<>"",O56,IF(O55<>"",O55,IF(O54<>"",O54,IF(O53<>"",O53,IF(O52<>"",O52,"")))))))))))) -> 4403 | P64: =SUM(K64:N64) -> 349915
B66: بجنورد | J66: بیرجند
B67: ماه | C67: تخلیه | D67: بارگیری | E67: حمل یکسره | F67: ترانشیپمنت | G67: رسوب | H67: جمع عملیاتی | J67: ماه | K67: تخلیه | L67: بارگیری | M67: حمل یکسره | N67: ترانشیپمنت | O67: رسوب | P67: جمع عملیاتی
A68: =B66 -> بجنورد | B68: فروردین | C68: 1 | D68: 1 | E68: 0 | F68: 0 | G68: 272 | H68: =SUM(C68:G68) -> 274 | I68: =J66 -> بیرجند | J68: فروردین | P68: =SUM(K68:N68) -> 0 | S68: =IF(SUM(G68)=0,"",IFERROR(G68,"")) -> 272 | T68: =IFERROR(S68-G68,"") -> 0 | U68: =IF(SUM(O68)=0,"",IFERROR(O68,"")) | V68: =IFERROR(U68-O68,"")
A69: =B66 -> بجنورد | B69: اردیبهشت | C69: 28 | D69: 48 | E69: 29 | F69: 0 | G69: 251 | H69: =SUM(C69:G69) -> 356 | I69: =J66 -> بیرجند | J69: اردیبهشت | K69: 313 | L69: 150 | M69: 0 | N69: 0 | O69: 313 | P69: =SUM(K69:O69) -> 776 | S69: =IF(OR(SUM(C69:G69)=0,SUM(G$68:G69)=0),"",IF(SUM(S$68:S68)=0,G69,IFERROR(SUM(S68,C69,-D69),""))) -> 252 | T69: =IFERROR(S69-G69,"") -> 1 | U69: =IF(OR(SUM(K69:O69)=0,SUM(O$68:O69)=0),"",IF(SUM(U$68:U68)=0,O69,IFERROR(SUM(U68,K69,-L69),""))) -> 313 | V69: =IFERROR(U69-O69,"") -> 0
A70: =B66 -> بجنورد | B70: خرداد | C70: 46 | D70: 0 | E70: 0 | F70: 0 | G70: 297 | H70: =SUM(C70:G70) -> 343 | I70: =J66 -> بیرجند | J70: خرداد | K70: 198 | L70: 75 | M70: 0 | N70: 0 | O70: 313 | P70: =SUM(K70:O70) -> 586 | S70: =IF(OR(SUM(C70:G70)=0,SUM(G$68:G70)=0),"",IF(SUM(S$68:S69)=0,G70,IFERROR(SUM(S69,C70,-D70),""))) -> 298 | T70: =IFERROR(S70-G70,"") -> 1 | U70: =IF(OR(SUM(K70:O70)=0,SUM(O$68:O70)=0),"",IF(SUM(U$68:U69)=0,O70,IFERROR(SUM(U69,K70,-L70),""))) -> 436 | V70: =IFERROR(U70-O70,"") -> 123
A71: =B66 -> بجنورد | B71: تیر | C71: 112 | D71: 49 | E71: 0 | F71: 0 | G71: 382 | H71: =SUM(C71:G71) -> 543 | I71: =J66 -> بیرجند | J71: تیر | K71: 0 | L71: 174 | M71: 0 | N71: 0 | O71: 262 | P71: =SUM(K71:O71) -> 436 | S71: =IF(OR(SUM(C71:G71)=0,SUM(G$68:G71)=0),"",IF(SUM(S$68:S70)=0,G71,IFERROR(SUM(S70,C71,-D71),""))) -> 361 | T71: =IFERROR(S71-G71,"") -> -21 | U71: =IF(OR(SUM(K71:O71)=0,SUM(O$68:O71)=0),"",IF(SUM(U$68:U70)=0,O71,IFERROR(SUM(U70,K71,-L71),""))) -> 262 | V71: =IFERROR(U71-O71,"") -> 0
A72: =B66 -> بجنورد | B72: مرداد | C72: 33 | D72: 186 | E72: 0 | F72: 0 | G72: 229 | H72: =SUM(C72:G72) -> 448 | I72: =J66 -> بیرجند | J72: مرداد | K72: 0 | L72: 103 | M72: 0 | N72: 0 | O72: 160 | P72: =SUM(K72:O72) -> 263 | S72: =IF(OR(SUM(C72:G72)=0,SUM(G$68:G72)=0),"",IF(SUM(S$68:S71)=0,G72,IFERROR(SUM(S71,C72,-D72),""))) -> 208 | T72: =IFERROR(S72-G72,"") -> -21 | U72: =IF(OR(SUM(K72:O72)=0,SUM(O$68:O72)=0),"",IF(SUM(U$68:U71)=0,O72,IFERROR(SUM(U71,K72,-L72),""))) -> 159 | V72: =IFERROR(U72-O72,"") -> -1
A73: =B66 -> بجنورد | B73: شهریور | C73: 7 | D73: 89 | E73: 0 | F73: 0 | G73: 147 | H73: =SUM(C73:G73) -> 243 | I73: =J66 -> بیرجند | J73: شهریور | K73: 86 | L73: 124 | M73: 0 | N73: 0 | O73: 313 | P73: =SUM(K73:O73) -> 523 | S73: =IF(OR(SUM(C73:G73)=0,SUM(G$68:G73)=0),"",IF(SUM(S$68:S72)=0,G73,IFERROR(SUM(S72,C73,-D73),""))) -> 126 | T73: =IFERROR(S73-G73,"") -> -21 | U73: =IF(OR(SUM(K73:O73)=0,SUM(O$68:O73)=0),"",IF(SUM(U$68:U72)=0,O73,IFERROR(SUM(U72,K73,-L73),""))) -> 121 | V73: =IFERROR(U73-O73,"") -> -192
A74: =B66 -> بجنورد | B74: مهر | C74: 55 | D74: 62 | E74: 0 | F74: 0 | G74: 139 | H74: =SUM(C74:G74) -> 256 | I74: =J66 -> بیرجند | J74: مهر | K74: 14 | L74: 86 | M74: 0 | N74: 0 | O74: 50 | P74: =SUM(K74:O74) -> 150 | S74: =IF(OR(SUM(C74:G74)=0,SUM(G$68:G74)=0),"",IF(SUM(S$68:S73)=0,G74,IFERROR(SUM(S73,C74,-D74),""))) -> 119 | T74: =IFERROR(S74-G74,"") -> -20 | U74: =IF(OR(SUM(K74:O74)=0,SUM(O$68:O74)=0),"",IF(SUM(U$68:U73)=0,O74,IFERROR(SUM(U73,K74,-L74),""))) -> 49 | V74: =IFERROR(U74-O74,"") -> -1
A75: =B66 -> بجنورد | B75: آبان | C75: 0 | D75: 27 | E75: 0 | F75: 0 | G75: 112 | H75: =SUM(C75:G75) -> 139 | I75: =J66 -> بیرجند | J75: آبان | K75: 0 | L75: 14 | M75: 0 | N75: 0 | O75: 35 | P75: =SUM(K75:O75) -> 49 | S75: =IF(OR(SUM(C75:G75)=0,SUM(G$68:G75)=0),"",IF(SUM(S$68:S74)=0,G75,IFERROR(SUM(S74,C75,-D75),""))) -> 92 | T75: =IFERROR(S75-G75,"") -> -20 | U75: =IF(OR(SUM(K75:O75)=0,SUM(O$68:O75)=0),"",IF(SUM(U$68:U74)=0,O75,IFERROR(SUM(U74,K75,-L75),""))) -> 35 | V75: =IFERROR(U75-O75,"") -> 0
A76: =B66 -> بجنورد | B76: آذر | C76: 45 | D76: 45 | G76: 112 | H76: =SUM(C76:G76) -> 202 | I76: =J66 -> بیرجند | J76: آذر | K76: 47 | L76: 0 | O76: 83 | P76: =SUM(K76:O76) -> 130 | S76: =IF(OR(SUM(C76:G76)=0,SUM(G$68:G76)=0),"",IF(SUM(S$68:S75)=0,G76,IFERROR(SUM(S75,C76,-D76),""))) -> 92 | T76: =IFERROR(S76-G76,"") -> -20 | U76: =IF(OR(SUM(K76:O76)=0,SUM(O$68:O76)=0),"",IF(SUM(U$68:U75)=0,O76,IFERROR(SUM(U75,K76,-L76),""))) -> 82 | V76: =IFERROR(U76-O76,"") -> -1
A77: =B66 -> بجنورد | B77: دی | H77: =SUM(C77:F77) -> 0 | I77: =J66 -> بیرجند | J77: دی | K77: 251 | L77: 48 | O77: 286 | P77: =SUM(K77:N77) -> 299 | S77: =IF(OR(SUM(C77:G77)=0,SUM(G$68:G77)=0),"",IF(SUM(S$68:S76)=0,G77,IFERROR(SUM(S76,C77,-D77),""))) | T77: =IFERROR(S77-G77,"") | U77: =IF(OR(SUM(K77:O77)=0,SUM(O$68:O77)=0),"",IF(SUM(U$68:U76)=0,O77,IFERROR(SUM(U76,K77,-L77),""))) -> 285 | V77: =IFERROR(U77-O77,"") -> -1
A78: =B66 -> بجنورد | B78: بهمن | C78: 19 | G78: 131 | H78: =SUM(C78:F78) -> 19 | I78: =J66 -> بیرجند | J78: بهمن | K78: 423 | L78: 286 | O78: 423 | P78: =SUM(K78:N78) -> 709 | S78: =IF(OR(SUM(C78:G78)=0,SUM(G$68:G78)=0),"",IF(SUM(S$68:S77)=0,G78,IFERROR(SUM(S77,C78,-D78),""))) -> 19 | T78: =IFERROR(S78-G78,"") -> -112 | U78: =IF(OR(SUM(K78:O78)=0,SUM(O$68:O78)=0),"",IF(SUM(U$68:U77)=0,O78,IFERROR(SUM(U77,K78,-L78),""))) -> 422 | V78: =IFERROR(U78-O78,"") -> -1
A79: =B66 -> بجنورد | B79: اسفند | C79: 26 | D79: 129 | G79: 28 | H79: =SUM(C79:G79) -> 183 | I79: =J66 -> بیرجند | J79: اسفند | K79: 624 | L79: 599 | O79: 448 | P79: =SUM(K79:N79) -> 1223 | S79: =IF(OR(SUM(C79:G79)=0,SUM(G$68:G79)=0),"",IF(SUM(S$68:S78)=0,G79,IFERROR(SUM(S78,C79,-D79),""))) -> -84 | T79: =IFERROR(S79-G79,"") -> -112 | U79: =IF(OR(SUM(K79:O79)=0,SUM(O$68:O79)=0),"",IF(SUM(U$68:U78)=0,O79,IFERROR(SUM(U78,K79,-L79),""))) -> 447 | V79: =IFERROR(U79-O79,"") -> -1
B80: جمع | C80: =SUM(C68:C79) -> 372 | D80: =SUM(D68:D79) -> 636 | E80: =SUM(E68:E79) -> 29 | F80: =SUM(F68:F79) -> 0 | G80: =IF(G79<>"",G79,IF(G78<>"",G78,IF(G77<>"",G77,IF(G76<>"",G76,IF(G75<>"",G75,IF(G74<>"",G74,IF(G73<>"",G73,IF(G72<>"",G72,IF(G71<>"",G71,IF(G70<>"",G70,IF(G69<>"",G69,IF(G68<>"",G68,"")))))))))))) -> 28 | H80: =SUM(C80:F80) -> 1037 | J80: جمع | K80: =SUM(K68:K79) -> 1956 | L80: =SUM(L68:L79) -> 1659 | M80: =SUM(M68:M79) -> 0 | N80: =SUM(N68:N79) -> 0 | O80: =IF(O79<>"",O79,IF(O78<>"",O78,IF(O77<>"",O77,IF(O76<>"",O76,IF(O75<>"",O75,IF(O74<>"",O74,IF(O73<>"",O73,IF(O72<>"",O72,IF(O71<>"",O71,IF(O70<>"",O70,IF(O69<>"",O69,IF(O68<>"",O68,"")))))))))))) -> 448 | P80: =SUM(K80:N80) -> 3615
S81: =IF(OR(SUM(C81:G81)=0,SUM(G$52:G81)=0),"",IF(SUM(S$52:S80)=0,G81,IFERROR(SUM(S80,C81,-D81),""))) | T81: =IFERROR(S81-G81,"") | U81: =IF(OR(SUM(K81:O81)=0,SUM(O$52:O81)=0),"",IF(SUM(U$52:U80)=0,O81,IFERROR(SUM(U80,K81,-L81),""))) | V81: =IFERROR(U81-O81,"")
B82: ماهیرود | J82: باجگیران | S82: =IF(OR(SUM(C82:G82)=0,SUM(G$52:G82)=0),"",IF(SUM(S$52:S81)=0,G82,IFERROR(SUM(S81,C82,-D82),""))) | T82: =IFERROR(S82-G82,"") | U82: =IF(OR(SUM(K82:O82)=0,SUM(O$52:O82)=0),"",IF(SUM(U$52:U81)=0,O82,IFERROR(SUM(U81,K82,-L82),""))) | V82: =IFERROR(U82-O82,"")
B83: ماه | C83: تخلیه | D83: بارگیری | E83: حمل یکسره | F83: ترانشیپمنت | G83: رسوب | H83: جمع عملیاتی | J83: ماه | K83: تخلیه | L83: بارگیری | M83: حمل یکسره | N83: ترانشیپمنت | O83: رسوب | P83: جمع عملیاتی
A84: =B82 -> ماهیرود | B84: فروردین | C84: 0 | D84: 10 | E84: 0 | F84: 0 | G84: 25 | H84: =SUM(C84:G84) -> 35 | I84: =J82 -> باجگیران | J84: فروردین | P84: =SUM(K84:O84) -> 0 | S84: =IF(SUM(G84)=0,"",IFERROR(G84,"")) -> 25 | T84: =IFERROR(S84-G84,"") -> 0 | U84: =IF(SUM(O84)=0,"",IFERROR(O84,"")) | V84: =IFERROR(U84-O84,"")
A85: =B82 -> ماهیرود | B85: اردیبهشت | C85: 4 | D85: 0 | E85: 0 | F85: 0 | G85: 25 | H85: =SUM(C85:G85) -> 29 | I85: =J82 -> باجگیران | J85: اردیبهشت | P85: =SUM(K85:O85) -> 0 | S85: =IF(OR(SUM(C85:G85)=0,SUM(G$68:G85)=0),"",IF(SUM(S$68:S84)=0,G85,IFERROR(SUM(S84,C85,-D85),""))) -> 29 | T85: =IFERROR(S85-G85,"") -> 4 | U85: =IF(OR(SUM(K85:O85)=0,SUM(O$68:O85)=0),"",IF(SUM(U$68:U84)=0,O85,IFERROR(SUM(U84,K85,-L85),""))) | V85: =IFERROR(U85-O85,"")
A86: =B82 -> ماهیرود | B86: خرداد | C86: 0 | D86: 2 | E86: 0 | F86: 0 | G86: 23 | H86: =SUM(C86:G86) -> 25 | I86: =J82 -> باجگیران | J86: خرداد | P86: =SUM(K86:O86) -> 0 | S86: =IF(OR(SUM(C86:G86)=0,SUM(G$68:G86)=0),"",IF(SUM(S$68:S85)=0,G86,IFERROR(SUM(S85,C86,-D86),""))) -> 27 | T86: =IFERROR(S86-G86,"") -> 4 | U86: =IF(OR(SUM(K86:O86)=0,SUM(O$68:O86)=0),"",IF(SUM(U$68:U85)=0,O86,IFERROR(SUM(U85,K86,-L86),""))) | V86: =IFERROR(U86-O86,"")
A87: =B82 -> ماهیرود | B87: تیر | C87: 3 | D87: 0 | E87: 0 | F87: 0 | G87: 25 | H87: =SUM(C87:G87) -> 28 | I87: =J82 -> باجگیران | J87: تیر | P87: =SUM(K87:O87) -> 0 | S87: =IF(OR(SUM(C87:G87)=0,SUM(G$68:G87)=0),"",IF(SUM(S$68:S86)=0,G87,IFERROR(SUM(S86,C87,-D87),""))) -> 30 | T87: =IFERROR(S87-G87,"") -> 5 | U87: =IF(OR(SUM(K87:O87)=0,SUM(O$68:O87)=0),"",IF(SUM(U$68:U86)=0,O87,IFERROR(SUM(U86,K87,-L87),""))) | V87: =IFERROR(U87-O87,"")
A88: =B82 -> ماهیرود | B88: مرداد | C88: 5 | D88: 5 | E88: 0 | F88: 0 | G88: 25 | H88: =SUM(C88:G88) -> 35 | I88: =J82 -> باجگیران | J88: مرداد | P88: =SUM(K88:O88) -> 0 | S88: =IF(OR(SUM(C88:G88)=0,SUM(G$68:G88)=0),"",IF(SUM(S$68:S87)=0,G88,IFERROR(SUM(S87,C88,-D88),""))) -> 30 | T88: =IFERROR(S88-G88,"") -> 5 | U88: =IF(OR(SUM(K88:O88)=0,SUM(O$68:O88)=0),"",IF(SUM(U$68:U87)=0,O88,IFERROR(SUM(U87,K88,-L88),""))) | V88: =IFERROR(U88-O88,"")
A89: =B82 -> ماهیرود | B89: شهریور | C89: 5 | D89: 3 | E89: 0 | F89: 0 | G89: 23 | H89: =SUM(C89:G89) -> 31 | I89: =J82 -> باجگیران | J89: شهریور | P89: =SUM(K89:O89) -> 0 | S89: =IF(OR(SUM(C89:G89)=0,SUM(G$68:G89)=0),"",IF(SUM(S$68:S88)=0,G89,IFERROR(SUM(S88,C89,-D89),""))) -> 32 | T89: =IFERROR(S89-G89,"") -> 9 | U89: =IF(OR(SUM(K89:O89)=0,SUM(O$68:O89)=0),"",IF(SUM(U$68:U88)=0,O89,IFERROR(SUM(U88,K89,-L89),""))) | V89: =IFERROR(U89-O89,"")
A90: =B82 -> ماهیرود | B90: مهر | C90: 3 | D90: 3 | E90: 0 | F90: 0 | G90: 28 | H90: =SUM(C90:G90) -> 34 | I90: =J82 -> باجگیران | J90: مهر | P90: =SUM(K90:O90) -> 0 | S90: =IF(OR(SUM(C90:G90)=0,SUM(G$68:G90)=0),"",IF(SUM(S$68:S89)=0,G90,IFERROR(SUM(S89,C90,-D90),""))) -> 32 | T90: =IFERROR(S90-G90,"") -> 4 | U90: =IF(OR(SUM(K90:O90)=0,SUM(O$68:O90)=0),"",IF(SUM(U$68:U89)=0,O90,IFERROR(SUM(U89,K90,-L90),""))) | V90: =IFERROR(U90-O90,"")
A91: =B82 -> ماهیرود | B91: آبان | C91: 0 | D91: 4 | E91: 0 | F91: 0 | G91: 24 | H91: =SUM(C91:G91) -> 28 | I91: =J82 -> باجگیران | J91: آبان | P91: =SUM(K91:O91) -> 0 | S91: =IF(OR(SUM(C91:G91)=0,SUM(G$68:G91)=0),"",IF(SUM(S$68:S90)=0,G91,IFERROR(SUM(S90,C91,-D91),""))) -> 28 | T91: =IFERROR(S91-G91,"") -> 4 | U91: =IF(OR(SUM(K91:O91)=0,SUM(O$68:O91)=0),"",IF(SUM(U$68:U90)=0,O91,IFERROR(SUM(U90,K91,-L91),""))) | V91: =IFERROR(U91-O91,"")
A92: =B82 -> ماهیرود | B92: آذر | C92: 56 | D92: 55 | G92: 24 | H92: =SUM(C92:G92) -> 135 | I92: =J82 -> باجگیران | J92: آذر | P92: =SUM(K92:O92) -> 0 | S92: =IF(OR(SUM(C92:G92)=0,SUM(G$68:G92)=0),"",IF(SUM(S$68:S91)=0,G92,IFERROR(SUM(S91,C92,-D92),""))) -> 29 | T92: =IFERROR(S92-G92,"") -> 5 | U92: =IF(OR(SUM(K92:O92)=0,SUM(O$68:O92)=0),"",IF(SUM(U$68:U91)=0,O92,IFERROR(SUM(U91,K92,-L92),""))) | V92: =IFERROR(U92-O92,"")
A93: =B82 -> ماهیرود | B93: دی | C93: 281 | D93: 106 | G93: 200 | H93: =SUM(C93:F93) -> 387 | I93: =J82 -> باجگیران | J93: دی | P93: =SUM(K93:N93) -> 0 | S93: =IF(OR(SUM(C93:G93)=0,SUM(G$68:G93)=0),"",IF(SUM(S$68:S92)=0,G93,IFERROR(SUM(S92,C93,-D93),""))) -> 204 | T93: =IFERROR(S93-G93,"") -> 4 | U93: =IF(OR(SUM(K93:O93)=0,SUM(O$68:O93)=0),"",IF(SUM(U$68:U92)=0,O93,IFERROR(SUM(U92,K93,-L93),""))) | V93: =IFERROR(U93-O93,"")
A94: =B82 -> ماهیرود | B94: بهمن | C94: 710 | D94: 109 | G94: 802 | H94: =SUM(C94:F94) -> 819 | I94: =J82 -> باجگیران | J94: بهمن | P94: =SUM(K94:N94) -> 0 | S94: =IF(OR(SUM(C94:G94)=0,SUM(G$68:G94)=0),"",IF(SUM(S$68:S93)=0,G94,IFERROR(SUM(S93,C94,-D94),""))) -> 805 | T94: =IFERROR(S94-G94,"") -> 3 | U94: =IF(OR(SUM(K94:O94)=0,SUM(O$68:O94)=0),"",IF(SUM(U$68:U93)=0,O94,IFERROR(SUM(U93,K94,-L94),""))) | V94: =IFERROR(U94-O94,"")
A95: =B82 -> ماهیرود | B95: اسفند | C95: 471 | D95: 556 | G95: 716 | H95: =SUM(C95:F95) -> 1027 | I95: =J82 -> باجگیران | J95: اسفند | P95: =SUM(K95:N95) -> 0 | S95: =IF(OR(SUM(C95:G95)=0,SUM(G$68:G95)=0),"",IF(SUM(S$68:S94)=0,G95,IFERROR(SUM(S94,C95,-D95),""))) -> 720 | T95: =IFERROR(S95-G95,"") -> 4 | U95: =IF(OR(SUM(K95:O95)=0,SUM(O$68:O95)=0),"",IF(SUM(U$68:U94)=0,O95,IFERROR(SUM(U94,K95,-L95),""))) | V95: =IFERROR(U95-O95,"")
B96: جمع | C96: =SUM(C84:C95) -> 1538 | D96: =SUM(D84:D95) -> 853 | E96: =SUM(E84:E95) -> 0 | F96: =SUM(F84:F95) -> 0 | G96: =IF(G95<>"",G95,IF(G94<>"",G94,IF(G93<>"",G93,IF(G92<>"",G92,IF(G91<>"",G91,IF(G90<>"",G90,IF(G89<>"",G89,IF(G88<>"",G88,IF(G87<>"",G87,IF(G86<>"",G86,IF(G85<>"",G85,IF(G84<>"",G84,"")))))))))))) -> 716 | H96: =SUM(C96:F96) -> 2391 | J96: جمع | K96: =SUM(K84:K95) -> 0 | L96: =SUM(L84:L95) -> 0 | M96: =SUM(M84:M95) -> 0 | N96: =SUM(N84:N95) -> 0 | O96: =IF(O95<>"",O95,IF(O94<>"",O94,IF(O93<>"",O93,IF(O92<>"",O92,IF(O91<>"",O91,IF(O90<>"",O90,IF(O89<>"",O89,IF(O88<>"",O88,IF(O87<>"",O87,IF(O86<>"",O86,IF(O85<>"",O85,IF(O84<>"",O84,"")))))))))))) | P96: =SUM(K96:N96) -> 0

Sheet صادرات
B2: صادرات مجتمع خراسان | J2: فرودگاه هاشمی نژاد
B3: ماه | C3: تخلیه | D3: بارگیری | E3: حمل یکسره | F3: ترانشیپمنت | G3: رسوب | H3: جمع عملیاتی | J3: ماه | K3: تخلیه | L3: بارگیری | M3: حمل یکسره | N3: ترانشیپمنت | O3: رسوب | P3: جمع عملیاتی | S3: رسوب محاسبه شده
A4: =B2 -> صادرات مجتمع خراسان | B4: فروردین | C4: =IF(SUM(K4,C20,K20,C36,K36,C52,K52,C68,K68,C84)=0,"",SUM(K4,C20,K20,C36,K36,C52,K52,C68,K68,C84,K84)) -> 2522 | D4: =IF(SUM(L4,D20,L20,D36,L36,D52,L52,D68,L68,D84)=0,"",SUM(L4,D20,L20,D36,L36,D52,L52,D68,L68,D84,L84)) -> 3038 | E4: =IF(SUM(M4,E20,M20,E36,M36,E52,M52,E68,M68,E84)=0,"",SUM(M4,E20,M20,E36,M36,E52,M52,E68,M68,E84,M84)) | F4: =IF(SUM(N4,F20,N20,F36,N36,F52,N52,F68,N68,F84)=0,"",SUM(N4,F20,N20,F36,N36,F52,N52,F68,N68,F84,N84)) -> 35731 | G4: =IF(SUM(O4,G20,O20,G36,O36,G52,O52,G68,O68,G84)=0,"",SUM(O4,G20,O20,G36,O36,G52,O52,G68,O68,G84,O84)) -> 3721 | H4: =SUM(C4:F4) -> 41291 | I4: =J2 -> فرودگاه هاشمی نژاد | J4: فروردین | P4: =SUM(K4:N4) -> 0 | S4: =IF(SUM(G4)=0,"",IFERROR(G4,"")) -> 3721 | T4: =IFERROR(S4-G4,"") -> 0 | U4: =IF(SUM(O4)=0,"",IFERROR(O4,"")) | V4: =IFERROR(U4-O4,"")
A5: =B2 -> صادرات مجتمع خراسان | B5: اردیبهشت | C5: =IF(SUM(K5,C21,K21,C37,K37,C53,K53,C69,K69,C85)=0,"",SUM(K5,C21,K21,C37,K37,C53,K53,C69,K69,C85,K85)) -> 3329 | D5: =IF(SUM(L5,D21,L21,D37,L37,D53,L53,D69,L69,D85)=0,"",SUM(L5,D21,L21,D37,L37,D53,L53,D69,L69,D85,L85)) -> 4584 | E5: =IF(SUM(M5,E21,M21,E37,M37,E53,M53,E69,M69,E85)=0,"",SUM(M5,E21,M21,E37,M37,E53,M53,E69,M69,E85,M85)) | F5: =IF(SUM(N5,F21,N21,F37,N37,F53,N53,F69,N69,F85)=0,"",SUM(N5,F21,N21,F37,N37,F53,N53,F69,N69,F85,N85)) -> 54049 | G5: =IF(SUM(O5,G21,O21,G37,O37,G53,O53,G69,O69,G85)=0,"",SUM(O5,G21,O21,G37,O37,G53,O53,G69,O69,G85,O85)) -> 3939 | H5: =SUM(C5:F5) -> 61962 | I5: =J2 -> فرودگاه هاشمی نژاد | J5: اردیبهشت | P5: =SUM(K5:N5) -> 0 | S5: =IF(OR(SUM(C5:G5)=0,SUM(G$4:G5)=0),"",IF(SUM(S$4:S4)=0,G5,IFERROR(SUM(S4,C5,-D5),""))) -> 2466 | T5: =IFERROR(S5-G5,"") -> -1473 | U5: =IF(OR(SUM(K5:O5)=0,SUM(O$4:O5)=0),"",IF(SUM(U$4:U4)=0,O5,IFERROR(SUM(U4,K5,-L5),""))) | V5: =IFERROR(U5-O5,"")
A6: =B2 -> صادرات مجتمع خراسان | B6: خرداد | C6: =IF(SUM(K6,C22,K22,C38,K38,C54,K54,C70,K70,C86)=0,"",SUM(K6,C22,K22,C38,K38,C54,K54,C70,K70,C86,K86)) -> 2317 | D6: =IF(SUM(L6,D22,L22,D38,L38,D54,L54,D70,L70,D86)=0,"",SUM(L6,D22,L22,D38,L38,D54,L54,D70,L70,D86,L86)) -> 2552 | E6: =IF(SUM(M6,E22,M22,E38,M38,E54,M54,E70,M70,E86)=0,"",SUM(M6,E22,M22,E38,M38,E54,M54,E70,M70,E86,M86)) | F6: =IF(SUM(N6,F22,N22,F38,N38,F54,N54,F70,N70,F86)=0,"",SUM(N6,F22,N22,F38,N38,F54,N54,F70,N70,F86,N86)) -> 45135 | G6: =IF(SUM(O6,G22,O22,G38,O38,G54,O54,G70,O70,G86)=0,"",SUM(O6,G22,O22,G38,O38,G54,O54,G70,O70,G86,O86)) -> 3720 | H6: =SUM(C6:F6) -> 50004 | I6: =J2 -> فرودگاه هاشمی نژاد | J6: خرداد | P6: =SUM(K6:N6) -> 0 | S6: =IF(OR(SUM(C6:G6)=0,SUM(G$4:G6)=0),"",IF(SUM(S$4:S5)=0,G6,IFERROR(SUM(S5,C6,-D6),""))) -> 2231 | T6: =IFERROR(S6-G6,"") -> -1489 | U6: =IF(OR(SUM(K6:O6)=0,SUM(O$4:O6)=0),"",IF(SUM(U$4:U5)=0,O6,IFERROR(SUM(U5,K6,-L6),""))) | V6: =IFERROR(U6-O6,"")
A7: =B2 -> صادرات مجتمع خراسان | B7: تیر | C7: =IF(SUM(K7,C23,K23,C39,K39,C55,K55,C71,K71,C87)=0,"",SUM(K7,C23,K23,C39,K39,C55,K55,C71,K71,C87,K87)) -> 2908 | D7: =IF(SUM(L7,D23,L23,D39,L39,D55,L55,D71,L71,D87)=0,"",SUM(L7,D23,L23,D39,L39,D55,L55,D71,L71,D87,L87)) -> 3351 | E7: =IF(SUM(M7,E23,M23,E39,M39,E55,M55,E71,M71,E87)=0,"",SUM(M7,E23,M23,E39,M39,E55,M55,E71,M71,E87,M87)) | F7: =IF(SUM(N7,F23,N23,F39,N39,F55,N55,F71,N71,F87)=0,"",SUM(N7,F23,N23,F39,N39,F55,N55,F71,N71,F87,N87)) -> 83791 | G7: =IF(SUM(O7,G23,O23,G39,O39,G55,O55,G71,O71,G87)=0,"",SUM(O7,G23,O23,G39,O39,G55,O55,G71,O71,G87,O87)) -> 3509 | H7: =SUM(C7:F7) -> 90050 | I7: =J2 -> فرودگاه هاشمی نژاد | J7: تیر | P7: =SUM(K7:N7) -> 0 | S7: =IF(OR(SUM(C7:G7)=0,SUM(G$4:G7)=0),"",IF(SUM(S$4:S6)=0,G7,IFERROR(SUM(S6,C7,-D7),""))) -> 1788 | T7: =IFERROR(S7-G7,"") -> -1721 | U7: =IF(OR(SUM(K7:O7)=0,SUM(O$4:O7)=0),"",IF(SUM(U$4:U6)=0,O7,IFERROR(SUM(U6,K7,-L7),""))) | V7: =IFERROR(U7-O7,"")
A8: =B2 -> صادرات مجتمع خراسان | B8: مرداد | C8: =IF(SUM(K8,C24,K24,C40,K40,C56,K56,C72,K72,C88)=0,"",SUM(K8,C24,K24,C40,K40,C56,K56,C72,K72,C88,K88)) -> 7312 | D8: =IF(SUM(L8,D24,L24,D40,L40,D56,L56,D72,L72,D88)=0,"",SUM(L8,D24,L24,D40,L40,D56,L56,D72,L72,D88,L88)) -> 4861 | E8: =IF(SUM(M8,E24,M24,E40,M40,E56,M56,E72,M72,E88)=0,"",SUM(M8,E24,M24,E40,M40,E56,M56,E72,M72,E88,M88)) | F8: =IF(SUM(N8,F24,N24,F40,N40,F56,N56,F72,N72,F88)=0,"",SUM(N8,F24,N24,F40,N40,F56,N56,F72,N72,F88,N88)) -> 78725 | G8: =IF(SUM(O8,G24,O24,G40,O40,G56,O56,G72,O72,G88)=0,"",SUM(O8,G24,O24,G40,O40,G56,O56,G72,O72,G88,O88)) -> 7180 | H8: =SUM(C8:F8) -> 90898 | I8: =J2 -> فرودگاه هاشمی نژاد | J8: مرداد | P8: =SUM(K8:N8) -> 0 | S8: =IF(OR(SUM(C8:G8)=0,SUM(G$4:G8)=0),"",IF(SUM(S$4:S7)=0,G8,IFERROR(SUM(S7,C8,-D8),""))) -> 4239 | T8: =IFERROR(S8-G8,"") -> -2941 | U8: =IF(OR(SUM(K8:O8)=0,SUM(O$4:O8)=0),"",IF(SUM(U$4:U7)=0,O8,IFERROR(SUM(U7,K8,-L8),""))) | V8: =IFERROR(U8-O8,"")
A9: =B2 -> صادرات مجتمع خراسان | B9: شهریور | C9: =IF(SUM(K9,C25,K25,C41,K41,C57,K57,C73,K73,C89)=0,"",SUM(K9,C25,K25,C41,K41,C57,K57,C73,K73,C89,K89)) -> 6573 | D9: =IF(SUM(L9,D25,L25,D41,L41,D57,L57,D73,L73,D89)=0,"",SUM(L9,D25,L25,D41,L41,D57,L57,D73,L73,D89,L89)) -> 7970 | E9: =IF(SUM(M9,E25,M25,E41,M41,E57,M57,E73,M73,E89)=0,"",SUM(M9,E25,M25,E41,M41,E57,M57,E73,M73,E89,M89)) -> 18 | F9: =IF(SUM(N9,F25,N25,F41,N41,F57,N57,F73,N73,F89)=0,"",SUM(N9,F25,N25,F41,N41,F57,N57,F73,N73,F89,N89)) -> 81319 | G9: =IF(SUM(O9,G25,O25,G41,O41,G57,O57,G73,O73,G89)=0,"",SUM(O9,G25,O25,G41,O41,G57,O57,G73,O73,G89,O89)) -> 4644 | H9: =SUM(C9:F9) -> 95880 | I9: =J2 -> فرودگاه هاشمی نژاد | J9: شهریور | P9: =SUM(K9:N9) -> 0 | S9: =IF(OR(SUM(C9:G9)=0,SUM(G$4:G9)=0),"",IF(SUM(S$4:S8)=0,G9,IFERROR(SUM(S8,C9,-D9),""))) -> 2842 | T9: =IFERROR(S9-G9,"") -> -1802 | U9: =IF(OR(SUM(K9:O9)=0,SUM(O$4:O9)=0),"",IF(SUM(U$4:U8)=0,O9,IFERROR(SUM(U8,K9,-L9),""))) | V9: =IFERROR(U9-O9,"")
A10: =B2 -> صادرات مجتمع خراسان | B10: مهر | C10: =IF(SUM(K10,C26,K26,C42,K42,C58,K58,C74,K74,C90)=0,"",SUM(K10,C26,K26,C42,K42,C58,K58,C74,K74,C90,K90)) -> 6018 | D10: =IF(SUM(L10,D26,L26,D42,L42,D58,L58,D74,L74,D90)=0,"",SUM(L10,D26,L26,D42,L42,D58,L58,D74,L74,D90,L90)) -> 4942 | E10: =IF(SUM(M10,E26,M26,E42,M42,E58,M58,E74,M74,E90)=0,"",SUM(M10,E26,M26,E42,M42,E58,M58,E74,M74,E90,M90)) | F10: =IF(SUM(N10,F26,N26,F42,N42,F58,N58,F74,N74,F90)=0,"",SUM(N10,F26,N26,F42,N42,F58,N58,F74,N74,F90,N90)) -> 81957 | G10: =IF(SUM(O10,G26,O26,G42,O42,G58,O58,G74,O74,G90)=0,"",SUM(O10,G26,O26,G42,O42,G58,O58,G74,O74,G90,O90)) -> 5643 | H10: =SUM(C10:F10) -> 92917 | I10: =J2 -> فرودگاه هاشمی نژاد | J10: مهر | P10: =SUM(K10:N10) -> 0 | S10: =IF(OR(SUM(C10:G10)=0,SUM(G$4:G10)=0),"",IF(SUM(S$4:S9)=0,G10,IFERROR(SUM(S9,C10,-D10),""))) -> 3918 | T10: =IFERROR(S10-G10,"") -> -1725 | U10: =IF(OR(SUM(K10:O10)=0,SUM(O$4:O10)=0),"",IF(SUM(U$4:U9)=0,O10,IFERROR(SUM(U9,K10,-L10),""))) | V10: =IFERROR(U10-O10,"")
A11: =B2 -> صادرات مجتمع خراسان | B11: آبان | C11: =IF(SUM(K11,C27,K27,C43,K43,C59,K59,C75,K75,C91)=0,"",SUM(K11,C27,K27,C43,K43,C59,K59,C75,K75,C91,K91)) -> 5221 | D11: =IF(SUM(L11,D27,L27,D43,L43,D59,L59,D75,L75,D91)=0,"",SUM(L11,D27,L27,D43,L43,D59,L59,D75,L75,D91,L91)) -> 6646 | E11: =IF(SUM(M11,E27,M27,E43,M43,E59,M59,E75,M75,E91)=0,"",SUM(M11,E27,M27,E43,M43,E59,M59,E75,M75,E91,M91)) | F11: =IF(SUM(N11,F27,N27,F43,N43,F59,N59,F75,N75,F91)=0,"",SUM(N11,F27,N27,F43,N43,F59,N59,F75,N75,F91,N91)) -> 77237 | G11: =IF(SUM(O11,G27,O27,G43,O43,G59,O59,G75,O75,G91)=0,"",SUM(O11,G27,O27,G43,O43,G59,O59,G75,O75,G91,O91)) -> 3370 | H11: =SUM(C11:F11) -> 89104 | I11: =J2 -> فرودگاه هاشمی نژاد | J11: آبان | P11: =SUM(K11:N11) -> 0 | S11: =IF(OR(SUM(C11:G11)=0,SUM(G$4:G11)=0),"",IF(SUM(S$4:S10)=0,G11,IFERROR(SUM(S10,C11,-D11),""))) -> 2493 | T11: =IFERROR(S11-G11,"") -> -877 | U11: =IF(OR(SUM(K11:O11)=0,SUM(O$4:O11)=0),"",IF(SUM(U$4:U10)=0,O11,IFERROR(SUM(U10,K11,-L11),""))) | V11: =IFERROR(U11-O11,"")
A12: =B2 -> صادرات مجتمع خراسان | B12: آذر | C12: =IF(SUM(K12,C28,K28,C44,K44,C60,K60,C76,K76,C92)=0,"",SUM(K12,C28,K28,C44,K44,C60,K60,C76,K76,C92,K92)) -> 4310 | D12: =IF(SUM(L12,D28,L28,D44,L44,D60,L60,D76,L76,D92)=0,"",SUM(L12,D28,L28,D44,L44,D60,L60,D76,L76,D92,L92)) -> 4251 | E12: =IF(SUM(M12,E28,M28,E44,M44,E60,M60,E76,M76,E92)=0,"",SUM(M12,E28,M28,E44,M44,E60,M60,E76,M76,E92,M92)) | F12: =IF(SUM(N12,F28,N28,F44,N44,F60,N60,F76,N76,F92)=0,"",SUM(N12,F28,N28,F44,N44,F60,N60,F76,N76,F92,N92)) -> 54303 | G12: =IF(SUM(O12,G28,O28,G44,O44,G60,O60,G76,O76,G92)=0,"",SUM(O12,G28,O28,G44,O44,G60,O60,G76,O76,G92,O92)) -> 3237 | H12: =SUM(C12:F12) -> 62864 | I12: =J2 -> فرودگاه هاشمی نژاد | J12: آذر | P12: =SUM(K12:N12) -> 0 | S12: =IF(OR(SUM(C12:G12)=0,SUM(G$4:G12)=0),"",IF(SUM(S$4:S11)=0,G12,IFERROR(SUM(S11,C12,-D12),""))) -> 2552 | T12: =IFERROR(S12-G12,"") -> -685 | U12: =IF(OR(SUM(K12:O12)=0,SUM(O$4:O12)=0),"",IF(SUM(U$4:U11)=0,O12,IFERROR(SUM(U11,K12,-L12),""))) | V12: =IFERROR(U12-O12,"")
A13: =B2 -> صادرات مجتمع خراسان | B13: دی | C13: =IF(SUM(K13,C29,K29,C45,K45,C61,K61,C77,K77,C93)=0,"",SUM(K13,C29,K29,C45,K45,C61,K61,C77,K77,C93,K93)) -> 3090 | D13: =IF(SUM(L13,D29,L29,D45,L45,D61,L61,D77,L77,D93)=0,"",SUM(L13,D29,L29,D45,L45,D61,L61,D77,L77,D93,L93)) -> 3004 | E13: =IF(SUM(M13,E29,M29,E45,M45,E61,M61,E77,M77,E93)=0,"",SUM(M13,E29,M29,E45,M45,E61,M61,E77,M77,E93,M93)) | F13: =IF(SUM(N13,F29,N29,F45,N45,F61,N61,F77,N77,F93)=0,"",SUM(N13,F29,N29,F45,N45,F61,N61,F77,N77,F93,N93)) -> 45217 | G13: =IF(SUM(O13,G29,O29,G45,O45,G61,O61,G77,O77,G93)=0,"",SUM(O13,G29,O29,G45,O45,G61,O61,G77,O77,G93,O93)) -> 3567 | H13: =SUM(C13:F13) -> 51311 | I13: =J2 -> فرودگاه هاشمی نژاد | J13: دی | P13: =SUM(K13:N13) -> 0 | S13: =IF(OR(SUM(C13:G13)=0,SUM(G$4:G13)=0),"",IF(SUM(S$4:S12)=0,G13,IFERROR(SUM(S12,C13,-D13),""))) -> 2638 | T13: =IFERROR(S13-G13,"") -> -929 | U13: =IF(OR(SUM(K13:O13)=0,SUM(O$4:O13)=0),"",IF(SUM(U$4:U12)=0,O13,IFERROR(SUM(U12,K13,-L13),""))) | V13: =IFERROR(U13-O13,"")
A14: =B2 -> صادرات مجتمع خراسان | B14: بهمن | C14: =IF(SUM(K14,C30,K30,C46,K46,C62,K62,C78,K78,C94)=0,"",SUM(K14,C30,K30,C46,K46,C62,K62,C78,K78,C94,K94)) -> 2981.758 | D14: =IF(SUM(L14,D30,L30,D46,L46,D62,L62,D78,L78,D94)=0,"",SUM(L14,D30,L30,D46,L46,D62,L62,D78,L78,D94,L94)) -> 3841.137 | E14: =IF(SUM(M14,E30,M30,E46,M46,E62,M62,E78,M78,E94)=0,"",SUM(M14,E30,M30,E46,M46,E62,M62,E78,M78,E94,M94)) | F14: =IF(SUM(N14,F30,N30,F46,N46,F62,N62,F78,N78,F94)=0,"",SUM(N14,F30,N30,F46,N46,F62,N62,F78,N78,F94,N94)) -> 69924 | G14: =IF(SUM(O14,G30,O30,G46,O46,G62,O62,G78,O78,G94)=0,"",SUM(O14,G30,O30,G46,O46,G62,O62,G78,O78,G94,O94)) -> 2797.621 | H14: =SUM(C14:F14) -> 76746.895 | I14: =J2 -> فرودگاه هاشمی نژاد | J14: بهمن | P14: =SUM(K14:N14) -> 0 | S14: =IF(OR(SUM(C14:G14)=0,SUM(G$4:G14)=0),"",IF(SUM(S$4:S13)=0,G14,IFERROR(SUM(S13,C14,-D14),""))) -> 1778.621 | T14: =IFERROR(S14-G14,"") -> -1019 | U14: =IF(OR(SUM(K14:O14)=0,SUM(O$4:O14)=0),"",IF(SUM(U$4:U13)=0,O14,IFERROR(SUM(U13,K14,-L14),""))) | V14: =IFERROR(U14-O14,"")
A15: =B2 -> صادرات مجتمع خراسان | B15: اسفند | C15: =IF(SUM(K15,C31,K31,C47,K47,C63,K63,C79,K79,C95)=0,"",SUM(K15,C31,K31,C47,K47,C63,K63,C79,K79,C95,K95)) -> 3255 | D15: =IF(SUM(L15,D31,L31,D47,L47,D63,L63,D79,L79,D95)=0,"",SUM(L15,D31,L31,D47,L47,D63,L63,D79,L79,D95,L95)) -> 3181 | E15: =IF(SUM(M15,E31,M31,E47,M47,E63,M63,E79,M79,E95)=0,"",SUM(M15,E31,M31,E47,M47,E63,M63,E79,M79,E95,M95)) | F15: =IF(SUM(N15,F31,N31,F47,N47,F63,N63,F79,N79,F95)=0,"",SUM(N15,F31,N31,F47,N47,F63,N63,F79,N79,F95,N95)) -> 50463 | G15: =IF(SUM(O15,G31,O31,G47,O47,G63,O63,G79,O79,G95)=0,"",SUM(O15,G31,O31,G47,O47,G63,O63,G79,O79,G95,O95)) -> 3334 | H15: =SUM(C15:F15) -> 56899 | I15: =J2 -> فرودگاه هاشمی نژاد | J15: اسفند | P15: =SUM(K15:N15) -> 0 | S15: =IF(OR(SUM(C15:G15)=0,SUM(G$4:G15)=0),"",IF(SUM(S$4:S14)=0,G15,IFERROR(SUM(S14,C15,-D15),""))) -> 1852.621 | T15: =IFERROR(S15-G15,"") -> -1481.379 | U15: =IF(OR(SUM(K15:O15)=0,SUM(O$4:O15)=0),"",IF(SUM(U$4:U14)=0,O15,IFERROR(SUM(U14,K15,-L15),""))) | V15: =IFERROR(U15-O15,"")
B16: جمع | C16: =SUM(C4:C15) -> 49836.758 | D16: =SUM(D4:D15) -> 52221.137 | E16: =SUM(E4:E15) -> 18 | F16: =SUM(F4:F15) -> 757851 | G16: =IF(G15<>"",G15,IF(G14<>"",G14,IF(G13<>"",G13,IF(G12<>"",G12,IF(G11<>"",G11,IF(G10<>"",G10,IF(G9<>"",G9,IF(G8<>"",G8,IF(G7<>"",G7,IF(G6<>"",G6,IF(G5<>"",G5,IF(G4<>"",G4,"")))))))))))) -> 3334 | H16: =SUM(C16:F16) -> 859926.9 | J16: جمع | K16: =SUM(K4:K15) -> 0 | L16: =SUM(L4:L15) -> 0 | M16: =SUM(M4:M15) -> 0 | N16: =SUM(N4:N15) -> 0 | O16: =IF(O15<>"",O15,IF(O14<>"",O14,IF(O13<>"",O13,IF(O12<>"",O12,IF(O11<>"",O11,IF(O10<>"",O10,IF(O9<>"",O9,IF(O8<>"",O8,IF(O7<>"",O7,IF(O6<>"",O6,IF(O5<>"",O5,IF(O4<>"",O4,"")))))))))))) | P16: =SUM(K16:N16) -> 0
B18: شهید کاوه | J18: مطهری
B19: ماه | C19: تخلیه | D19: بارگیری | E19: حمل یکسره | F19: ترانشیپمنت | G19: رسوب | H19: جمع عملیاتی | J19: ماه | K19: تخلیه | L19: بارگیری | M19: حمل یکسره | N19: ترانشیپمنت | O19: رسوب | P19: جمع عملیاتی
A20: =B18 -> شهید کاوه | B20: فروردین | H20: =SUM(C20:G20) -> 0 | I20: =J18 -> مطهری | J20: فروردین | K20: 1360 | L20: 2370 | M20: 0 | N20: 34498 | O20: 2596 | P20: =SUM(K20:O20) -> 40824 | S20: =IF(SUM(G20)=0,"",IFERROR(G20,"")) | T20: =IFERROR(S20-G20,"") | U20: =IF(SUM(O20)=0,"",IFERROR(O20,"")) -> 2596 | V20: =IFERROR(U20-O20,"") -> 0
A21: =B18 -> شهید کاوه | B21: اردیبهشت | C21: 4 | D21: 4 | E21: 0 | F21: 0 | G21: 3 | H21: =SUM(C21:G21) -> 11 | I21: =J18 -> مطهری | J21: اردیبهشت | K21: 2211 | L21: 2901 | M21: 0 | N21: 50468 | O21: 1733 | P21: =SUM(K21:O21) -> 57313 | S21: =IF(OR(SUM(C21:G21)=0,SUM(G$20:G21)=0),"",IF(SUM(S$20:S20)=0,G21,IFERROR(SUM(S20,C21,-D21),""))) -> 3 | T21: =IFERROR(S21-G21,"") -> 0 | U21: =IF(OR(SUM(K21:O21)=0,SUM(O$20:O21)=0),"",IF(SUM(U$20:U20)=0,O21,IFERROR(SUM(U20,K21,-L21),""))) -> 1906 | V21: =IFERROR(U21-O21,"") -> 173
A22: =B18 -> شهید کاوه | B22: خرداد | C22: 9 | D22: 0 | E22: 0 | F22: 0 | G22: 11 | H22: =SUM(C22:G22) -> 20 | I22: =J18 -> مطهری | J22: خرداد | K22: 1744 | L22: 2021 | M22: 0 | N22: 42125 | O22: 1456 | P22: =SUM(K22:O22) -> 47346 | S22: =IF(OR(SUM(C22:G22)=0,SUM(G$20:G22)=0),"",IF(SUM(S$20:S21)=0,G22,IFERROR(SUM(S21,C22,-D22),""))) -> 12 | T22: =IFERROR(S22-G22,"") -> 1 | U22: =IF(OR(SUM(K22:O22)=0,SUM(O$20:O22)=0),"",IF(SUM(U$20:U21)=0,O22,IFERROR(SUM(U21,K22,-L22),""))) -> 1629 | V22: =IFERROR(U22-O22,"") -> 173
A23: =B18 -> شهید کاوه | B23: تیر | C23: 3 | D23: 12 | E23: 0 | F23: 0 | G23: 3 | H23: =SUM(C23:G23) -> 18 | I23: =J18 -> مطهری | J23: تیر | K23: 2331 | L23: 2334 | M23: 0 | N23: 80132 | O23: 1361 | P23: =SUM(K23:O23) -> 86158 | S23: =IF(OR(SUM(C23:G23)=0,SUM(G$20:G23)=0),"",IF(SUM(S$20:S22)=0,G23,IFERROR(SUM(S22,C23,-D23),""))) -> 3 | T23: =IFERROR(S23-G23,"") -> 0 | U23: =IF(OR(SUM(K23:O23)=0,SUM(O$20:O23)=0),"",IF(SUM(U$20:U22)=0,O23,IFERROR(SUM(U22,K23,-L23),""))) -> 1626 | V23: =IFERROR(U23-O23,"") -> 265
A24: =B18 -> شهید کاوه | B24: مرداد | C24: 2 | D24: 0 | E24: 0 | F24: 0 | G24: 4 | H24: =SUM(C24:G24) -> 6 | I24: =J18 -> مطهری | J24: مرداد | K24: 4352 | L24: 3259 | M24: 0 | N24: 72070 | O24: 2461 | P24: =SUM(K24:O24) -> 82142 | S24: =IF(OR(SUM(C24:G24)=0,SUM(G$20:G24)=0),"",IF(SUM(S$20:S23)=0,G24,IFERROR(SUM(S23,C24,-D24),""))) -> 5 | T24: =IFERROR(S24-G24,"") -> 1 | U24: =IF(OR(SUM(K24:O24)=0,SUM(O$20:O24)=0),"",IF(SUM(U$20:U23)=0,O24,IFERROR(SUM(U23,K24,-L24),""))) -> 2719 | V24: =IFERROR(U24-O24,"") -> 258
A25: =B18 -> شهید کاوه | B25: شهریور | C25: 25 | D25: 3 | E25: 18 | F25: 0 | G25: 27 | H25: =SUM(C25:G25) -> 73 | I25: =J18 -> مطهری | J25: شهریور | K25: 4871 | L25: 4805 | M25: 0 | N25: 72358 | O25: 2525 | P25: =SUM(K25:O25) -> 84559 | S25: =IF(OR(SUM(C25:G25)=0,SUM(G$20:G25)=0),"",IF(SUM(S$20:S24)=0,G25,IFERROR(SUM(S24,C25,-D25),""))) -> 27 | T25: =IFERROR(S25-G25,"") -> 0 | U25: =IF(OR(SUM(K25:O25)=0,SUM(O$20:O25)=0),"",IF(SUM(U$20:U24)=0,O25,IFERROR(SUM(U24,K25,-L25),""))) -> 2785 | V25: =IFERROR(U25-O25,"") -> 260
A26: =B18 -> شهید کاوه | B26: مهر | C26: 0 | D26: 31 | E26: 0 | F26: 0 | G26: 1 | H26: =SUM(C26:G26) -> 32 | I26: =J18 -> مطهری | J26: مهر | K26: 3832 | L26: 3516 | M26: 0 | N26: 73749 | O26: 2841 | P26: =SUM(K26:O26) -> 83938 | S26: =IF(OR(SUM(C26:G26)=0,SUM(G$20:G26)=0),"",IF(SUM(S$20:S25)=0,G26,IFERROR(SUM(S25,C26,-D26),""))) -> -4 | T26: =IFERROR(S26-G26,"") -> -5 | U26: =IF(OR(SUM(K26:O26)=0,SUM(O$20:O26)=0),"",IF(SUM(U$20:U25)=0,O26,IFERROR(SUM(U25,K26,-L26),""))) -> 3101 | V26: =IFERROR(U26-O26,"") -> 260
A27: =B18 -> شهید کاوه | B27: آبان | C27: 14 | D27: 0 | E27: 0 | F27: 0 | G27: 15 | H27: =SUM(C27:G27) -> 29 | I27: =J18 -> مطهری | J27: آبان | K27: 2496 | L27: 3698 | M27: 0 | N27: 69673 | O27: 1632 | P27: =SUM(K27:O27) -> 77499 | S27: =IF(OR(SUM(C27:G27)=0,SUM(G$20:G27)=0),"",IF(SUM(S$20:S26)=0,G27,IFERROR(SUM(S26,C27,-D27),""))) -> 10 | T27: =IFERROR(S27-G27,"") -> -5 | U27: =IF(OR(SUM(K27:O27)=0,SUM(O$20:O27)=0),"",IF(SUM(U$20:U26)=0,O27,IFERROR(SUM(U26,K27,-L27),""))) -> 1899 | V27: =IFERROR(U27-O27,"") -> 267
A28: =B18 -> شهید کاوه | B28: آذر | G28: 15 | H28: =SUM(C28:F28) -> 0 | I28: =J18 -> مطهری | J28: آذر | K28: 2884 | L28: 1685 | N28: 47213 | O28: 2830 | P28: =SUM(K28:O28) -> 54612 | S28: =IF(OR(SUM(C28:G28)=0,SUM(G$20:G28)=0),"",IF(SUM(S$20:S27)=0,G28,IFERROR(SUM(S27,C28,-D28),""))) -> 10 | T28: =IFERROR(S28-G28,"") -> -5 | U28: =IF(OR(SUM(K28:O28)=0,SUM(O$20:O28)=0),"",IF(SUM(U$20:U27)=0,O28,IFERROR(SUM(U27,K28,-L28),""))) -> 3098 | V28: =IFERROR(U28-O28,"") -> 268
A29: =B18 -> شهید کاوه | B29: دی | G29: 15 | H29: =SUM(C29:G29) -> 15 | I29: =J18 -> مطهری | J29: دی | K29: 1750 | L29: 2075 | N29: 39588 | O29: 2506 | P29: =SUM(K29:O29) -> 45919 | S29: =IF(OR(SUM(C29:G29)=0,SUM(G$20:G29)=0),"",IF(SUM(S$20:S28)=0,G29,IFERROR(SUM(S28,C29,-D29),""))) -> 10 | T29: =IFERROR(S29-G29,"") -> -5 | U29: =IF(OR(SUM(K29:O29)=0,SUM(O$20:O29)=0),"",IF(SUM(U$20:U28)=0,O29,IFERROR(SUM(U28,K29,-L29),""))) -> 2773 | V29: =IFERROR(U29-O29,"") -> 267
A30: =B18 -> شهید کاوه | B30: بهمن | G30: 15 | H30: =SUM(C30:G30) -> 15 | I30: =J18 -> مطهری | J30: بهمن | K30: 1445 | L30: 2150 | N30: 64157 | O30: 1803 | P30: =SUM(K30:O30) -> 69555 | S30: =IF(OR(SUM(C30:G30)=0,SUM(G$20:G30)=0),"",IF(SUM(S$20:S29)=0,G30,IFERROR(SUM(S29,C30,-D30),""))) -> 10 | T30: =IFERROR(S30-G30,"") -> -5 | U30: =IF(OR(SUM(K30:O30)=0,SUM(O$20:O30)=0),"",IF(SUM(U$20:U29)=0,O30,IFERROR(SUM(U29,K30,-L30),""))) -> 2068 | V30: =IFERROR(U30-O30,"") -> 265
A31: =B18 -> شهید کاوه | B31: اسفند | D31: 15 | G31: 1 | H31: =SUM(C31:G31) -> 16 | I31: =J18 -> مطهری | J31: اسفند | K31: 2232 | L31: 1807 | N31: 47203 | O31: 2464 | P31: =SUM(K31:O31) -> 53706 | S31: =IF(OR(SUM(C31:G31)=0,SUM(G$20:G31)=0),"",IF(SUM(S$20:S30)=0,G31,IFERROR(SUM(S30,C31,-D31),""))) -> -5 | T31: =IFERROR(S31-G31,"") -> -6 | U31: =IF(OR(SUM(K31:O31)=0,SUM(O$20:O31)=0),"",IF(SUM(U$20:U30)=0,O31,IFERROR(SUM(U30,K31,-L31),""))) -> 2493 | V31: =IFERROR(U31-O31,"") -> 29
B32: جمع | C32: =SUM(C20:C31) -> 57 | D32: =SUM(D20:D31) -> 65 | E32: =SUM(E20:E31) -> 18 | F32: =SUM(F20:F31) -> 0 | G32: =IF(G31<>"",G31,IF(G30<>"",G30,IF(G29<>"",G29,IF(G28<>"",G28,IF(G27<>"",G27,IF(G26<>"",G26,IF(G25<>"",G25,IF(G24<>"",G24,IF(G23<>"",G23,IF(G22<>"",G22,IF(G21<>"",G21,IF(G20<>"",G20,"")))))))))))) -> 1 | H32: =SUM(C32:F32) -> 140 | J32: جمع | K32: =SUM(K20:K31) -> 31508 | L32: =SUM(L20:L31) -> 32621 | M32: =SUM(M20:M31) -> 0 | N32: =SUM(N20:N31) -> 693234 | O32: =IF(O31<>"",O31,IF(O30<>"",O30,IF(O29<>"",O29,IF(O28<>"",O28,IF(O27<>"",O27,IF(O26<>"",O26,IF(O25<>"",O25,IF(O24<>"",O24,IF(O23<>"",O23,IF(O22<>"",O22,IF(O21<>"",O21,IF(O20<>"",O20,"")))))))))))) -> 2464 | P32: =SUM(K32:N32) -> 757363
B34: سرخس | J34: لطف آباد
B35: ماه | C35: تخلیه | D35: بارگیری | E35: حمل یکسره | F35: ترانشیپمنت | G35: رسوب | H35: جمع عملیاتی | J35: ماه | K35: تخلیه | L35: بارگیری | M35: حمل یکسره | N35: ترانشیپمنت | O35: رسوب | P35: جمع عملیاتی
A36: =B34 -> سرخس | B36: فروردین | C36: 351 | D36: 116 | E36: 0 | F36: 1233 | G36: 346 | H36: =SUM(C36:G36) -> 2046 | I36: =J34 -> لطف آباد | J36: فروردین | K36: 0 | L36: 0 | M36: 0 | N36: 0 | O36: 62 | P36: =SUM(K36:O36) -> 62 | S36: =IF(SUM(G36)=0,"",IFERROR(G36,"")) -> 346 | T36: =IFERROR(S36-G36,"") -> 0 | U36: =IF(SUM(O36)=0,"",IFERROR(O36,"")) -> 62 | V36: =IFERROR(U36-O36,"") -> 0
A37: =B34 -> سرخس | B37: اردیبهشت | C37: 925 | D37: 1209 | E37: 0 | F37: 3581 | G37: 62 | H37: =SUM(C37:G37) -> 5777 | I37: =J34 -> لطف آباد | J37: اردیبهشت | K37: 15 | L37: 46 | M37: 0 | N37: 0 | O37: 62 | P37: =SUM(K37:O37) -> 123 | S37: =IF(OR(SUM(C37:G37)=0,SUM(G$36:G37)=0),"",IF(SUM(S$36:S36)=0,G37,IFERROR(SUM(S36,C37,-D37),""))) -> 62 | T37: =IFERROR(S37-G37,"") -> 0 | U37: =IF(OR(SUM(K37:O37)=0,SUM(O$36:O37)=0),"",IF(SUM(U$36:U36)=0,O37,IFERROR(SUM(U36,K37,-L37),""))) -> 31 | V37: =IFERROR(U37-O37,"") -> -31
A38: =B34 -> سرخس | B38: خرداد | C38: 110 | D38: 133 | E38: 0 | F38: 3010 | G38: 40 | H38: =SUM(C38:G38) -> 3293 | I38: =J34 -> لطف آباد | J38: خرداد | K38: 0 | L38: 26 | M38: 0 | N38: 0 | O38: 51 | P38: =SUM(K38:O38) -> 77 | S38: =IF(OR(SUM(C38:G38)=0,SUM(G$36:G38)=0),"",IF(SUM(S$36:S37)=0,G38,IFERROR(SUM(S37,C38,-D38),""))) -> 39 | T38: =IFERROR(S38-G38,"") -> -1 | U38: =IF(OR(SUM(K38:O38)=0,SUM(O$36:O38)=0),"",IF(SUM(U$36:U37)=0,O38,IFERROR(SUM(U37,K38,-L38),""))) -> 5 | V38: =IFERROR(U38-O38,"") -> -46
A39: =B34 -> سرخس | B39: تیر | C39: 395 | D39: 398 | E39: 0 | F39: 3659 | G39: 341 | H39: =SUM(C39:G39) -> 4793 | I39: =J34 -> لطف آباد | J39: تیر | K39: 63 | L39: 41 | M39: 0 | N39: 0 | O39: 95 | P39: =SUM(K39:O39) -> 199 | S39: =IF(OR(SUM(C39:G39)=0,SUM(G$36:G39)=0),"",IF(SUM(S$36:S38)=0,G39,IFERROR(SUM(S38,C39,-D39),""))) -> 36 | T39: =IFERROR(S39-G39,"") -> -305 | U39: =IF(OR(SUM(K39:O39)=0,SUM(O$36:O39)=0),"",IF(SUM(U$36:U38)=0,O39,IFERROR(SUM(U38,K39,-L39),""))) -> 27 | V39: =IFERROR(U39-O39,"") -> -68
A40: =B34 -> سرخس | B40: مرداد | C40: 2529 | D40: 1075 | E40: 0 | F40: 6655 | G40: 3573 | H40: =SUM(C40:G40) -> 13832 | I40: =J34 -> لطف آباد | J40: مرداد | K40: 343 | L40: 348 | M40: 0 | N40: 0 | O40: 105 | P40: =SUM(K40:O40) -> 796 | S40: =IF(OR(SUM(C40:G40)=0,SUM(G$36:G40)=0),"",IF(SUM(S$36:S39)=0,G40,IFERROR(SUM(S39,C40,-D40),""))) -> 1490 | T40: =IFERROR(S40-G40,"") -> -2083 | U40: =IF(OR(SUM(K40:O40)=0,SUM(O$36:O40)=0),"",IF(SUM(U$36:U39)=0,O40,IFERROR(SUM(U39,K40,-L40),""))) -> 22 | V40: =IFERROR(U40-O40,"") -> -83
A41: =B34 -> سرخس | B41: شهریور | C41: 971 | D41: 2215 | E41: 0 | F41: 8961 | G41: 576 | H41: =SUM(C41:G41) -> 12723 | I41: =J34 -> لطف آباد | J41: شهریور | K41: 674 | L41: 535 | M41: 0 | N41: 0 | O41: 278 | P41: =SUM(K41:O41) -> 1487 | S41: =IF(OR(SUM(C41:G41)=0,SUM(G$36:G41)=0),"",IF(SUM(S$36:S40)=0,G41,IFERROR(SUM(S40,C41,-D41),""))) -> 246 | T41: =IFERROR(S41-G41,"") -> -330 | U41: =IF(OR(SUM(K41:O41)=0,SUM(O$36:O41)=0),"",IF(SUM(U$36:U40)=0,O41,IFERROR(SUM(U40,K41,-L41),""))) -> 161 | V41: =IFERROR(U41-O41,"") -> -117
A42: =B34 -> سرخس | B42: مهر | C42: 1072 | D42: 757 | E42: 0 | F42: 8208 | G42: 891 | H42: =SUM(C42:G42) -> 10928 | I42: =J34 -> لطف آباد | J42: مهر | K42: 775 | L42: 629 | M42: 0 | N42: 0 | O42: 454 | P42: =SUM(K42:O42) -> 1858 | S42: =IF(OR(SUM(C42:G42)=0,SUM(G$36:G42)=0),"",IF(SUM(S$36:S41)=0,G42,IFERROR(SUM(S41,C42,-D42),""))) -> 561 | T42: =IFERROR(S42-G42,"") -> -330 | U42: =IF(OR(SUM(K42:O42)=0,SUM(O$36:O42)=0),"",IF(SUM(U$36:U41)=0,O42,IFERROR(SUM(U41,K42,-L42),""))) -> 307 | V42: =IFERROR(U42-O42,"") -> -147
A43: =B34 -> سرخس | B43: آبان | C43: 2056 | D43: 1833 | E43: 0 | F43: 7564 | G43: 1088 | H43: =SUM(C43:G43) -> 12541 | I43: =J34 -> لطف آباد | J43: آبان | K43: 370 | L43: 654 | M43: 0 | N43: 0 | O43: 264 | P43: =SUM(K43:O43) -> 1288 | S43: =IF(OR(SUM(C43:G43)=0,SUM(G$36:G43)=0),"",IF(SUM(S$36:S42)=0,G43,IFERROR(SUM(S42,C43,-D43),""))) -> 784 | T43: =IFERROR(S43-G43,"") -> -304 | U43: =IF(OR(SUM(K43:O43)=0,SUM(O$36:O43)=0),"",IF(SUM(U$36:U42)=0,O43,IFERROR(SUM(U42,K43,-L43),""))) -> 23 | V43: =IFERROR(U43-O43,"") -> -241
A44: =B34 -> سرخس | B44: آذر | C44: 606 | D44: 1589 | F44: 7090 | G44: 108 | H44: =SUM(C44:G44) -> 9393 | I44: =J34 -> لطف آباد | J44: آذر | K44: 240 | L44: 361 | O44: 158 | P44: =SUM(K44:N44) -> 601 | S44: =IF(OR(SUM(C44:G44)=0,SUM(G$36:G44)=0),"",IF(SUM(S$36:S43)=0,G44,IFERROR(SUM(S43,C44,-D44),""))) -> -199 | T44: =IFERROR(S44-G44,"") -> -307 | U44: =IF(OR(SUM(K44:O44)=0,SUM(O$36:O44)=0),"",IF(SUM(U$36:U43)=0,O44,IFERROR(SUM(U43,K44,-L44),""))) -> -98 | V44: =IFERROR(U44-O44,"") -> -256
A45: =B34 -> سرخس | B45: دی | C45: 619 | D45: 399 | F45: 5629 | G45: 318 | H45: =SUM(C45:G45) -> 6965 | I45: =J34 -> لطف آباد | J45: دی | K45: 31 | L45: 146 | O45: 81 | P45: =SUM(K45:N45) -> 177 | S45: =IF(OR(SUM(C45:G45)=0,SUM(G$36:G45)=0),"",IF(SUM(S$36:S44)=0,G45,IFERROR(SUM(S44,C45,-D45),""))) -> 21 | T45: =IFERROR(S45-G45,"") -> -297 | U45: =IF(OR(SUM(K45:O45)=0,SUM(O$36:O45)=0),"",IF(SUM(U$36:U44)=0,O45,IFERROR(SUM(U44,K45,-L45),""))) -> -213 | V45: =IFERROR(U45-O45,"") -> -294
A46: =B34 -> سرخس | B46: بهمن | C46: 926 | D46: 784 | F46: 5767 | G46: 460 | H46: =SUM(C46:G46) -> 7937 | I46: =J34 -> لطف آباد | J46: بهمن | K46: 297 | L46: 319 | O46: 59 | P46: =SUM(K46:N46) -> 616 | S46: =IF(OR(SUM(C46:G46)=0,SUM(G$36:G46)=0),"",IF(SUM(S$36:S45)=0,G46,IFERROR(SUM(S45,C46,-D46),""))) -> 163 | T46: =IFERROR(S46-G46,"") -> -297 | U46: =IF(OR(SUM(K46:O46)=0,SUM(O$36:O46)=0),"",IF(SUM(U$36:U45)=0,O46,IFERROR(SUM(U45,K46,-L46),""))) -> -235 | V46: =IFERROR(U46-O46,"") -> -294
A47: =B34 -> سرخس | B47: اسفند | C47: 417 | D47: 847 | F47: 3260 | G47: 249 | H47: =SUM(C47:G47) -> 4773 | I47: =J34 -> لطف آباد | J47: اسفند | K47: 428 | L47: 389 | O47: 113 | P47: =SUM(K47:N47) -> 817 | S47: =IF(OR(SUM(C47:G47)=0,SUM(G$36:G47)=0),"",IF(SUM(S$36:S46)=0,G47,IFERROR(SUM(S46,C47,-D47),""))) -> -267 | T47: =IFERROR(S47-G47,"") -> -516 | U47: =IF(OR(SUM(K47:O47)=0,SUM(O$36:O47)=0),"",IF(SUM(U$36:U46)=0,O47,IFERROR(SUM(U46,K47,-L47),""))) -> -196 | V47: =IFERROR(U47-O47,"") -> -309
B48: جمع | C48: =SUM(C36:C47) -> 10977 | D48: =SUM(D36:D47) -> 11355 | E48: =SUM(E36:E47) -> 0 | F48: =SUM(F36:F47) -> 64617 | G48: =IF(G47<>"",G47,IF(G46<>"",G46,IF(G45<>"",G45,IF(G44<>"",G44,IF(G43<>"",G43,IF(G42<>"",G42,IF(G41<>"",G41,IF(G40<>"",G40,IF(G39<>"",G39,IF(G38<>"",G38,IF(G37<>"",G37,IF(G36<>"",G36,"")))))))))))) -> 249 | H48: =SUM(C48:F48) -> 86949 | J48: جمع | K48: =SUM(K36:K47) -> 3236 | L48: =SUM(L36:L47) -> 3494 | M48: =SUM(M36:M47) -> 0 | N48: =SUM(N36:N47) -> 0 | O48: =IF(O47<>"",O47,IF(O46<>"",O46,IF(O45<>"",O45,IF(O44<>"",O44,IF(O43<>"",O43,IF(O42<>"",O42,IF(O41<>"",O41,IF(O40<>"",O40,IF(O39<>"",O39,IF(O38<>"",O38,IF(O37<>"",O37,IF(O36<>"",O36,"")))))))))))) -> 113 | P48: =SUM(K48:N48) -> 6730
B50: نیشابور | J50: دوغارون
B51: ماه | C51: تخلیه | D51: بارگیری | E51: حمل یکسره | F51: ترانشیپمنت | G51: رسوب | H51: جمع عملیاتی | J51: ماه | K51: تخلیه | L51: بارگیری | M51: حمل یکسره | N51: ترانشیپمنت | O51: رسوب | P51: جمع عملیاتی
A52: =B50 -> نیشابور | B52: فروردین | C52: 0 | D52: 0 | E52: 0 | F52: 0 | G52: 0 | H52: =SUM(C52:G52) -> 0 | I52: =J50 -> دوغارون | J52: فروردین | K52: 101 | L52: 70 | M52: 0 | N52: 0 | O52: 235 | P52: =SUM(K52:O52) -> 406 | S52: =IF(SUM(G52)=0,"",IFERROR(G52,"")) | T52: =IFERROR(S52-G52,"") | U52: =IF(SUM(O52)=0,"",IFERROR(O52,"")) -> 235 | V52: =IFERROR(U52-O52,"") -> 0
A53: =B50 -> نیشابور | B53: اردیبهشت | C53: 0 | D53: 0 | E53: 0 | F53: 0 | G53: 0 | H53: =SUM(C53:G53) -> 0 | I53: =J50 -> دوغارون | J53: اردیبهشت | K53: 127 | L53: 114 | M53: 0 | N53: 0 | O53: 187 | P53: =SUM(K53:O53) -> 428 | S53: =IF(OR(SUM(C53:G53)=0,SUM(G$52:G53)=0),"",IF(SUM(S$52:S52)=0,G53,IFERROR(SUM(S52,C53,-D53),""))) | T53: =IFERROR(S53-G53,"") | U53: =IF(OR(SUM(K53:O53)=0,SUM(O$52:O53)=0),"",IF(SUM(U$52:U52)=0,O53,IFERROR(SUM(U52,K53,-L53),""))) -> 248 | V53: =IFERROR(U53-O53,"") -> 61
A54: =B50 -> نیشابور | B54: خرداد | H54: =SUM(C54:F54) -> 0 | I54: =J50 -> دوغارون | J54: خرداد | K54: 71 | L54: 126 | M54: 0 | N54: 0 | O54: 131 | P54: =SUM(K54:O54) -> 328 | S54: =IF(OR(SUM(C54:G54)=0,SUM(G$52:G54)=0),"",IF(SUM(S$52:S53)=0,G54,IFERROR(SUM(S53,C54,-D54),""))) | T54: =IFERROR(S54-G54,"") | U54: =IF(OR(SUM(K54:O54)=0,SUM(O$52:O54)=0),"",IF(SUM(U$52:U53)=0,O54,IFERROR(SUM(U53,K54,-L54),""))) -> 193 | V54: =IFERROR(U54-O54,"") -> 62
A55: =B50 -> نیشابور | B55: تیر | H55: =SUM(C55:F55) -> 0 | I55: =J50 -> دوغارون | J55: تیر | K55: 62 | L55: 73 | M55: 0 | N55: 0 | O55: 117 | P55: =SUM(K55:O55) -> 252 | S55: =IF(OR(SUM(C55:G55)=0,SUM(G$52:G55)=0),"",IF(SUM(S$52:S54)=0,G55,IFERROR(SUM(S54,C55,-D55),""))) | T55: =IFERROR(S55-G55,"") | U55: =IF(OR(SUM(K55:O55)=0,SUM(O$52:O55)=0),"",IF(SUM(U$52:U54)=0,O55,IFERROR(SUM(U54,K55,-L55),""))) -> 182 | V55: =IFERROR(U55-O55,"") -> 65
A56: =B50 -> نیشابور | B56: مرداد | H56: =SUM(C56:F56) -> 0 | I56: =J50 -> دوغارون | J56: مرداد | K56: 11 | L56: 25 | M56: 0 | N56: 0 | O56: 103 | P56: =SUM(K56:O56) -> 139 | S56: =IF(OR(SUM(C56:G56)=0,SUM(G$52:G56)=0),"",IF(SUM(S$52:S55)=0,G56,IFERROR(SUM(S55,C56,-D56),""))) | T56: =IFERROR(S56-G56,"") | U56: =IF(OR(SUM(K56:O56)=0,SUM(O$52:O56)=0),"",IF(SUM(U$52:U55)=0,O56,IFERROR(SUM(U55,K56,-L56),""))) -> 168 | V56: =IFERROR(U56-O56,"") -> 65
A57: =B50 -> نیشابور | B57: شهریور | H57: =SUM(C57:F57) -> 0 | I57: =J50 -> دوغارون | J57: شهریور | K57: 30 | L57: 11 | M57: 0 | N57: 0 | O57: 122 | P57: =SUM(K57:O57) -> 163 | S57: =IF(OR(SUM(C57:G57)=0,SUM(G$52:G57)=0),"",IF(SUM(S$52:S56)=0,G57,IFERROR(SUM(S56,C57,-D57),""))) | T57: =IFERROR(S57-G57,"") | U57: =IF(OR(SUM(K57:O57)=0,SUM(O$52:O57)=0),"",IF(SUM(U$52:U56)=0,O57,IFERROR(SUM(U56,K57,-L57),""))) -> 187 | V57: =IFERROR(U57-O57,"") -> 65
A58: =B50 -> نیشابور | B58: مهر | H58: =SUM(C58:F58) -> 0 | I58: =J50 -> دوغارون | J58: مهر | K58: 32 | L58: 7 | M58: 0 | N58: 0 | O58: 147 | P58: =SUM(K58:O58) -> 186 | S58: =IF(OR(SUM(C58:G58)=0,SUM(G$52:G58)=0),"",IF(SUM(S$52:S57)=0,G58,IFERROR(SUM(S57,C58,-D58),""))) | T58: =IFERROR(S58-G58,"") | U58: =IF(OR(SUM(K58:O58)=0,SUM(O$52:O58)=0),"",IF(SUM(U$52:U57)=0,O58,IFERROR(SUM(U57,K58,-L58),""))) -> 212 | V58: =IFERROR(U58-O58,"") -> 65
A59: =B50 -> نیشابور | B59: آبان | H59: =SUM(C59:F59) -> 0 | I59: =J50 -> دوغارون | J59: آبان | K59: 40 | L59: 47 | M59: 0 | N59: 0 | O59: 140 | P59: =SUM(K59:O59) -> 227 | S59: =IF(OR(SUM(C59:G59)=0,SUM(G$52:G59)=0),"",IF(SUM(S$52:S58)=0,G59,IFERROR(SUM(S58,C59,-D59),""))) | T59: =IFERROR(S59-G59,"") | U59: =IF(OR(SUM(K59:O59)=0,SUM(O$52:O59)=0),"",IF(SUM(U$52:U58)=0,O59,IFERROR(SUM(U58,K59,-L59),""))) -> 205 | V59: =IFERROR(U59-O59,"") -> 65
A60: =B50 -> نیشابور | B60: آذر | H60: =SUM(C60:F60) -> 0 | I60: =J50 -> دوغارون | J60: آذر | K60: 1 | L60: 37 | O60: 114 | P60: =SUM(K60:N60) -> 38 | S60: =IF(OR(SUM(C60:G60)=0,SUM(G$52:G60)=0),"",IF(SUM(S$52:S59)=0,G60,IFERROR(SUM(S59,C60,-D60),""))) | T60: =IFERROR(S60-G60,"") | U60: =IF(OR(SUM(K60:O60)=0,SUM(O$52:O60)=0),"",IF(SUM(U$52:U59)=0,O60,IFERROR(SUM(U59,K60,-L60),""))) -> 169 | V60: =IFERROR(U60-O60,"") -> 55
A61: =B50 -> نیشابور | B61: دی | H61: =SUM(C61:F61) -> 0 | I61: =J50 -> دوغارون | J61: دی | K61: 63 | L61: 50 | O61: 127 | P61: =SUM(K61:O61) -> 240 | S61: =IF(OR(SUM(C61:G61)=0,SUM(G$52:G61)=0),"",IF(SUM(S$52:S60)=0,G61,IFERROR(SUM(S60,C61,-D61),""))) | T61: =IFERROR(S61-G61,"") | U61: =IF(OR(SUM(K61:O61)=0,SUM(O$52:O61)=0),"",IF(SUM(U$52:U60)=0,O61,IFERROR(SUM(U60,K61,-L61),""))) -> 182 | V61: =IFERROR(U61-O61,"") -> 55
A62: =B50 -> نیشابور | B62: بهمن | H62: =SUM(C62:F62) -> 0 | I62: =J50 -> دوغارون | J62: بهمن | K62: 101 | L62: 40 | O62: 188 | P62: =SUM(K62:N62) -> 141 | S62: =IF(OR(SUM(C62:G62)=0,SUM(G$52:G62)=0),"",IF(SUM(S$52:S61)=0,G62,IFERROR(SUM(S61,C62,-D62),""))) | T62: =IFERROR(S62-G62,"") | U62: =IF(OR(SUM(K62:O62)=0,SUM(O$52:O62)=0),"",IF(SUM(U$52:U61)=0,O62,IFERROR(SUM(U61,K62,-L62),""))) -> 243 | V62: =IFERROR(U62-O62,"") -> 55
A63: =B50 -> نیشابور | B63: اسفند | H63: =SUM(C63:F63) -> 0 | I63: =J50 -> دوغارون | J63: اسفند | K63: 10 | L63: 6 | O63: 192 | P63: =SUM(K63:N63) -> 16 | S63: =IF(OR(SUM(C63:G63)=0,SUM(G$52:G63)=0),"",IF(SUM(S$52:S62)=0,G63,IFERROR(SUM(S62,C63,-D63),""))) | T63: =IFERROR(S63-G63,"") | U63: =IF(OR(SUM(K63:O63)=0,SUM(O$52:O63)=0),"",IF(SUM(U$52:U62)=0,O63,IFERROR(SUM(U62,K63,-L63),""))) -> 247 | V63: =IFERROR(U63-O63,"") -> 55
B64: جمع | C64: =SUM(C52:C63) -> 0 | D64: =SUM(D52:D63) -> 0 | E64: =SUM(E52:E63) -> 0 | F64: =SUM(F52:F63) -> 0 | G64: =IF(G63<>"",G63,IF(G62<>"",G62,IF(G61<>"",G61,IF(G60<>"",G60,IF(G59<>"",G59,IF(G58<>"",G58,IF(G57<>"",G57,IF(G56<>"",G56,IF(G55<>"",G55,IF(G54<>"",G54,IF(G53<>"",G53,IF(G52<>"",G52,"")))))))))))) -> 0 | H64: =SUM(C64:F64) -> 0 | J64: جمع | K64: =SUM(K52:K63) -> 649 | L64: =SUM(L52:L63) -> 606 | M64: =SUM(M52:M63) -> 0 | N64: =SUM(N52:N63) -> 0 | O64: =IF(O63<>"",O63,IF(O62<>"",O62,IF(O61<>"",O61,IF(O60<>"",O60,IF(O59<>"",O59,IF(O58<>"",O58,IF(O57<>"",O57,IF(O56<>"",O56,IF(O55<>"",O55,IF(O54<>"",O54,IF(O53<>"",O53,IF(O52<>"",O52,"")))))))))))) -> 192 | P64: =SUM(K64:N64) -> 1255
B66: بجنورد | J66: بیرجند
B67: ماه | C67: تخلیه | D67: بارگیری | E67: حمل یکسره | F67: ترانشیپمنت | G67: رسوب | H67: جمع عملیاتی | J67: ماه | K67: تخلیه | L67: بارگیری | M67: حمل یکسره | N67: ترانشیپمنت | O67: رسوب | P67: جمع عملیاتی
A68: =B66 -> بجنورد | B68: فروردین | C68: 0 | D68: 0 | E68: 0 | F68: 0 | G68: 0 | H68: =SUM(C68:G68) -> 0 | I68: =J66 -> بیرجند | J68: فروردین | P68: =SUM(K68:N68) -> 0 | S68: =IF(SUM(G68)=0,"",IFERROR(G68,"")) | T68: =IFERROR(S68-G68,"") | U68: =IF(SUM(O68)=0,"",IFERROR(O68,"")) | V68: =IFERROR(U68-O68,"")
A69: =B66 -> بجنورد | B69: اردیبهشت | C69: 0 | D69: 0 | E69: 0 | F69: 0 | G69: 0 | H69: =SUM(C69:G69) -> 0 | I69: =J66 -> بیرجند | J69: اردیبهشت | K69: 0 | L69: 0 | M69: 0 | N69: 0 | O69: 909 | P69: =SUM(K69:O69) -> 909 | S69: =IF(OR(SUM(C69:G69)=0,SUM(G$68:G69)=0),"",IF(SUM(S$68:S68)=0,G69,IFERROR(SUM(S68,C69,-D69),""))) | T69: =IFERROR(S69-G69,"") | U69: =IF(OR(SUM(K69:O69)=0,SUM(O$68:O69)=0),"",IF(SUM(U$68:U68)=0,O69,IFERROR(SUM(U68,K69,-L69),""))) -> 909 | V69: =IFERROR(U69-O69,"") -> 0
A70: =B66 -> بجنورد | B70: خرداد | C70: 0 | D70: 0 | E70: 0 | F70: 0 | G70: 0 | H70: =SUM(C70:F70) -> 0 | I70: =J66 -> بیرجند | J70: خرداد | K70: 0 | L70: 0 | M70: 0 | N70: 0 | O70: 909 | P70: =SUM(K70:N70) -> 0 | S70: =IF(OR(SUM(C70:G70)=0,SUM(G$68:G70)=0),"",IF(SUM(S$68:S69)=0,G70,IFERROR(SUM(S69,C70,-D70),""))) | T70: =IFERROR(S70-G70,"") | U70: =IF(OR(SUM(K70:O70)=0,SUM(O$68:O70)=0),"",IF(SUM(U$68:U69)=0,O70,IFERROR(SUM(U69,K70,-L70),""))) -> 909 | V70: =IFERROR(U70-O70,"") -> 0
A71: =B66 -> بجنورد | B71: تیر | C71: 0 | D71: 0 | E71: 0 | F71: 0 | G71: 0 | H71: 0 | I71: =J66 -> بیرجند | J71: تیر | K71: 0 | L71: 0 | M71: 0 | N71: 0 | O71: 909 | P71: =SUM(K71:N71) -> 0 | S71: =IF(OR(SUM(C71:G71)=0,SUM(G$68:G71)=0),"",IF(SUM(S$68:S70)=0,G71,IFERROR(SUM(S70,C71,-D71),""))) | T71: =IFERROR(S71-G71,"") | U71: =IF(OR(SUM(K71:O71)=0,SUM(O$68:O71)=0),"",IF(SUM(U$68:U70)=0,O71,IFERROR(SUM(U70,K71,-L71),""))) -> 909 | V71: =IFERROR(U71-O71,"") -> 0
A72: =B66 -> بجنورد | B72: مرداد | H72: =SUM(C72:F72) -> 0 | I72: =J66 -> بیرجند | J72: مرداد | K72: 0 | L72: 0 | M72: 0 | N72: 0 | O72: 909 | P72: =SUM(K72:N72) -> 0 | S72: =IF(OR(SUM(C72:G72)=0,SUM(G$68:G72)=0),"",IF(SUM(S$68:S71)=0,G72,IFERROR(SUM(S71,C72,-D72),""))) | T72: =IFERROR(S72-G72,"") | U72: =IF(OR(SUM(K72:O72)=0,SUM(O$68:O72)=0),"",IF(SUM(U$68:U71)=0,O72,IFERROR(SUM(U71,K72,-L72),""))) -> 909 | V72: =IFERROR(U72-O72,"") -> 0
A73: =B66 -> بجنورد | B73: شهریور | H73: =SUM(C73:G73) -> 0 | I73: =J66 -> بیرجند | J73: شهریور | K73: 0 | L73: 0 | M73: 0 | N73: 0 | O73: 909 | P73: =SUM(K73:O73) -> 909 | S73: =IF(OR(SUM(C73:G73)=0,SUM(G$68:G73)=0),"",IF(SUM(S$68:S72)=0,G73,IFERROR(SUM(S72,C73,-D73),""))) | T73: =IFERROR(S73-G73,"") | U73: =IF(OR(SUM(K73:O73)=0,SUM(O$68:O73)=0),"",IF(SUM(U$68:U72)=0,O73,IFERROR(SUM(U72,K73,-L73),""))) -> 909 | V73: =IFERROR(U73-O73,"") -> 0
A74: =B66 -> بجنورد | B74: مهر | H74: =SUM(C74:F74) -> 0 | I74: =J66 -> بیرجند | J74: مهر | K74: 0 | L74: 0 | M74: 0 | N74: 0 | O74: 909 | P74: =SUM(K74:O74) -> 909 | S74: =IF(OR(SUM(C74:G74)=0,SUM(G$68:G74)=0),"",IF(SUM(S$68:S73)=0,G74,IFERROR(SUM(S73,C74,-D74),""))) | T74: =IFERROR(S74-G74,"") | U74: =IF(OR(SUM(K74:O74)=0,SUM(O$68:O74)=0),"",IF(SUM(U$68:U73)=0,O74,IFERROR(SUM(U73,K74,-L74),""))) -> 909 | V74: =IFERROR(U74-O74,"") -> 0
A75: =B66 -> بجنورد | B75: آبان | H75: =SUM(C75:F75) -> 0 | I75: =J66 -> بیرجند | J75: آبان | P75: =SUM(K75:N75) -> 0 | S75: =IF(OR(SUM(C75:G75)=0,SUM(G$68:G75)=0),"",IF(SUM(S$68:S74)=0,G75,IFERROR(SUM(S74,C75,-D75),""))) | T75: =IFERROR(S75-G75,"") | U75: =IF(OR(SUM(K75:O75)=0,SUM(O$68:O75)=0),"",IF(SUM(U$68:U74)=0,O75,IFERROR(SUM(U74,K75,-L75),""))) | V75: =IFERROR(U75-O75,"")
A76: =B66 -> بجنورد | B76: آذر | H76: =SUM(C76:F76) -> 0 | I76: =J66 -> بیرجند | J76: آذر | K76: 93 | L76: 81 | O76: 12 | P76: =SUM(K76:N76) -> 174 | S76: =IF(OR(SUM(C76:G76)=0,SUM(G$68:G76)=0),"",IF(SUM(S$68:S75)=0,G76,IFERROR(SUM(S75,C76,-D76),""))) | T76: =IFERROR(S76-G76,"") | U76: =IF(OR(SUM(K76:O76)=0,SUM(O$68:O76)=0),"",IF(SUM(U$68:U75)=0,O76,IFERROR(SUM(U75,K76,-L76),""))) -> 12 | V76: =IFERROR(U76-O76,"") -> 0
A77: =B66 -> بجنورد | B77: دی | H77: =SUM(C77:F77) -> 0 | I77: =J66 -> بیرجند | J77: دی | O77: 8 | P77: =SUM(K77:N77) -> 0 | S77: =IF(OR(SUM(C77:G77)=0,SUM(G$68:G77)=0),"",IF(SUM(S$68:S76)=0,G77,IFERROR(SUM(S76,C77,-D77),""))) | T77: =IFERROR(S77-G77,"") | U77: =IF(OR(SUM(K77:O77)=0,SUM(O$68:O77)=0),"",IF(SUM(U$68:U76)=0,O77,IFERROR(SUM(U76,K77,-L77),""))) -> 12 | V77: =IFERROR(U77-O77,"") -> 4
A78: =B66 -> بجنورد | B78: بهمن | H78: =SUM(C78:F78) -> 0 | I78: =J66 -> بیرجند | J78: بهمن | O78: 8 | P78: =SUM(K78:N78) -> 0 | S78: =IF(OR(SUM(C78:G78)=0,SUM(G$68:G78)=0),"",IF(SUM(S$68:S77)=0,G78,IFERROR(SUM(S77,C78,-D78),""))) | T78: =IFERROR(S78-G78,"") | U78: =IF(OR(SUM(K78:O78)=0,SUM(O$68:O78)=0),"",IF(SUM(U$68:U77)=0,O78,IFERROR(SUM(U77,K78,-L78),""))) -> 12 | V78: =IFERROR(U78-O78,"") -> 4
A79: =B66 -> بجنورد | B79: اسفند | H79: =SUM(C79:F79) -> 0 | I79: =J66 -> بیرجند | J79: اسفند | P79: =SUM(K79:N79) -> 0 | S79: =IF(OR(SUM(C79:G79)=0,SUM(G$68:G79)=0),"",IF(SUM(S$68:S78)=0,G79,IFERROR(SUM(S78,C79,-D79),""))) | T79: =IFERROR(S79-G79,"") | U79: =IF(OR(SUM(K79:O79)=0,SUM(O$68:O79)=0),"",IF(SUM(U$68:U78)=0,O79,IFERROR(SUM(U78,K79,-L79),""))) | V79: =IFERROR(U79-O79,"")
B80: جمع | C80: =SUM(C68:C79) -> 0 | D80: =SUM(D68:D79) -> 0 | E80: =SUM(E68:E79) -> 0 | F80: =SUM(F68:F79) -> 0 | G80: =IF(G79<>"",G79,IF(G78<>"",G78,IF(G77<>"",G77,IF(G76<>"",G76,IF(G75<>"",G75,IF(G74<>"",G74,IF(G73<>"",G73,IF(G72<>"",G72,IF(G71<>"",G71,IF(G70<>"",G70,IF(G69<>"",G69,IF(G68<>"",G68,"")))))))))))) -> 0 | H80: =SUM(C80:F80) -> 0 | J80: جمع | K80: =SUM(K68:K79) -> 93 | L80: =SUM(L68:L79) -> 81 | M80: =SUM(M68:M79) -> 0 | N80: =SUM(N68:N79) -> 0 | O80: =IF(O79<>"",O79,IF(O78<>"",O78,IF(O77<>"",O77,IF(O76<>"",O76,IF(O75<>"",O75,IF(O74<>"",O74,IF(O73<>"",O73,IF(O72<>"",O72,IF(O71<>"",O71,IF(O70<>"",O70,IF(O69<>"",O69,IF(O68<>"",O68,"")))))))))))) -> 8 | P80: =SUM(K80:N80) -> 174
B82: ماهیرود | J82: باجگیران
B83: ماه | C83: تخلیه | D83: بارگیری | E83: حمل یکسره | F83: ترانشیپمنت | G83: رسوب | H83: جمع عملیاتی | J83: ماه | K83: تخلیه | L83: بارگیری | M83: حمل یکسره | N83: ترانشیپمنت | O83: رسوب | P83: جمع عملیاتی
A84: =B82 -> ماهیرود | B84: فروردین | C84: 710 | D84: 482 | E84: 0 | F84: 0 | G84: 482 | H84: =SUM(C84:G84) -> 1674 | I84: =J82 -> باجگیران | J84: فروردین | P84: =SUM(K84:O84) -> 0 | S84: =IF(SUM(G84)=0,"",IFERROR(G84,"")) -> 482 | T84: =IFERROR(S84-G84,"") -> 0 | U84: =IF(SUM(O84)=0,"",IFERROR(O84,"")) | V84: =IFERROR(U84-O84,"")
A85: =B82 -> ماهیرود | B85: اردیبهشت | C85: 47 | D85: 310 | E85: 0 | F85: 0 | G85: 983 | H85: =SUM(C85:G85) -> 1340 | I85: =J82 -> باجگیران | J85: اردیبهشت | P85: =SUM(K85:O85) -> 0 | S85: =IF(OR(SUM(C85:G85)=0,SUM(G$68:G85)=0),"",IF(SUM(S$68:S84)=0,G85,IFERROR(SUM(S84,C85,-D85),""))) -> 219 | T85: =IFERROR(S85-G85,"") -> -764 | U85: =IF(OR(SUM(K85:O85)=0,SUM(O$68:O85)=0),"",IF(SUM(U$68:U84)=0,O85,IFERROR(SUM(U84,K85,-L85),""))) | V85: =IFERROR(U85-O85,"")
A86: =B82 -> ماهیرود | B86: خرداد | C86: 383 | D86: 246 | E86: 0 | F86: 0 | G86: 1122 | H86: =SUM(C86:G86) -> 1751 | I86: =J82 -> باجگیران | J86: خرداد | P86: =SUM(K86:O86) -> 0 | S86: =IF(OR(SUM(C86:G86)=0,SUM(G$68:G86)=0),"",IF(SUM(S$68:S85)=0,G86,IFERROR(SUM(S85,C86,-D86),""))) -> 356 | T86: =IFERROR(S86-G86,"") -> -766 | U86: =IF(OR(SUM(K86:O86)=0,SUM(O$68:O86)=0),"",IF(SUM(U$68:U85)=0,O86,IFERROR(SUM(U85,K86,-L86),""))) | V86: =IFERROR(U86-O86,"")
A87: =B82 -> ماهیرود | B87: تیر | C87: 54 | D87: 493 | E87: 0 | F87: 0 | G87: 683 | H87: =SUM(C87:G87) -> 1230 | I87: =J82 -> باجگیران | J87: تیر | P87: =SUM(K87:O87) -> 0 | S87: =IF(OR(SUM(C87:G87)=0,SUM(G$68:G87)=0),"",IF(SUM(S$68:S86)=0,G87,IFERROR(SUM(S86,C87,-D87),""))) -> -83 | T87: =IFERROR(S87-G87,"") -> -766 | U87: =IF(OR(SUM(K87:O87)=0,SUM(O$68:O87)=0),"",IF(SUM(U$68:U86)=0,O87,IFERROR(SUM(U86,K87,-L87),""))) | V87: =IFERROR(U87-O87,"")
A88: =B82 -> ماهیرود | B88: مرداد | C88: 75 | D88: 154 | E88: 0 | F88: 0 | G88: 25 | H88: =SUM(C88:G88) -> 254 | I88: =J82 -> باجگیران | J88: مرداد | P88: =SUM(K88:O88) -> 0 | S88: =IF(OR(SUM(C88:G88)=0,SUM(G$68:G88)=0),"",IF(SUM(S$68:S87)=0,G88,IFERROR(SUM(S87,C88,-D88),""))) -> -162 | T88: =IFERROR(S88-G88,"") -> -187 | U88: =IF(OR(SUM(K88:O88)=0,SUM(O$68:O88)=0),"",IF(SUM(U$68:U87)=0,O88,IFERROR(SUM(U87,K88,-L88),""))) | V88: =IFERROR(U88-O88,"")
A89: =B82 -> ماهیرود | B89: شهریور | C89: 2 | D89: 401 | E89: 0 | F89: 0 | G89: 207 | H89: =SUM(C89:G89) -> 610 | I89: =J82 -> باجگیران | J89: شهریور | P89: =SUM(K89:O89) -> 0 | S89: =IF(OR(SUM(C89:G89)=0,SUM(G$68:G89)=0),"",IF(SUM(S$68:S88)=0,G89,IFERROR(SUM(S88,C89,-D89),""))) -> -561 | T89: =IFERROR(S89-G89,"") -> -768 | U89: =IF(OR(SUM(K89:O89)=0,SUM(O$68:O89)=0),"",IF(SUM(U$68:U88)=0,O89,IFERROR(SUM(U88,K89,-L89),""))) | V89: =IFERROR(U89-O89,"")
A90: =B82 -> ماهیرود | B90: مهر | C90: 307 | D90: 2 | E90: 0 | F90: 0 | G90: 400 | H90: =SUM(C90:G90) -> 709 | I90: =J82 -> باجگیران | J90: مهر | P90: =SUM(K90:O90) -> 0 | S90: =IF(OR(SUM(C90:G90)=0,SUM(G$68:G90)=0),"",IF(SUM(S$68:S89)=0,G90,IFERROR(SUM(S89,C90,-D90),""))) -> -256 | T90: =IFERROR(S90-G90,"") -> -656 | U90: =IF(OR(SUM(K90:O90)=0,SUM(O$68:O90)=0),"",IF(SUM(U$68:U89)=0,O90,IFERROR(SUM(U89,K90,-L90),""))) | V90: =IFERROR(U90-O90,"")
A91: =B82 -> ماهیرود | B91: آبان | C91: 245 | D91: 414 | E91: 0 | F91: 0 | G91: 231 | H91: =SUM(C91:G91) -> 890 | I91: =J82 -> باجگیران | J91: آبان | P91: =SUM(K91:O91) -> 0 | S91: =IF(OR(SUM(C91:G91)=0,SUM(G$68:G91)=0),"",IF(SUM(S$68:S90)=0,G91,IFERROR(SUM(S90,C91,-D91),""))) -> -425 | T91: =IFERROR(S91-G91,"") -> -656 | U91: =IF(OR(SUM(K91:O91)=0,SUM(O$68:O91)=0),"",IF(SUM(U$68:U90)=0,O91,IFERROR(SUM(U90,K91,-L91),""))) | V91: =IFERROR(U91-O91,"")
A92: =B82 -> ماهیرود | B92: آذر | C92: 486 | D92: 498 | H92: =SUM(C92:F92) -> 984 | I92: =J82 -> باجگیران | J92: آذر | P92: =SUM(K92:N92) -> 0 | S92: =IF(OR(SUM(C92:G92)=0,SUM(G$68:G92)=0),"",IF(SUM(S$68:S91)=0,G92,IFERROR(SUM(S91,C92,-D92),""))) -> -437 | T92: =IFERROR(S92-G92,"") -> -437 | U92: =IF(OR(SUM(K92:O92)=0,SUM(O$68:O92)=0),"",IF(SUM(U$68:U91)=0,O92,IFERROR(SUM(U91,K92,-L92),""))) | V92: =IFERROR(U92-O92,"")
A93: =B82 -> ماهیرود | B93: دی | C93: 627 | D93: 334 | G93: 512 | H93: =SUM(C93:F93) -> 961 | I93: =J82 -> باجگیران | J93: دی | P93: =SUM(K93:N93) -> 0 | S93: =IF(OR(SUM(C93:G93)=0,SUM(G$68:G93)=0),"",IF(SUM(S$68:S92)=0,G93,IFERROR(SUM(S92,C93,-D93),""))) -> -144 | T93: =IFERROR(S93-G93,"") -> -656 | U93: =IF(OR(SUM(K93:O93)=0,SUM(O$68:O93)=0),"",IF(SUM(U$68:U92)=0,O93,IFERROR(SUM(U92,K93,-L93),""))) | V93: =IFERROR(U93-O93,"")
A94: =B82 -> ماهیرود | B94: بهمن | C94: 212 | D94: 548 | G94: 264 | H94: =SUM(C94:F94) -> 760 | I94: =J82 -> باجگیران | J94: بهمن | K94: =0.758 -> 0.758 | L94: =0.137 -> 0.137 | O94: 0.621 | P94: =SUM(K94:N94) -> 0.895 | S94: =IF(OR(SUM(C94:G94)=0,SUM(G$68:G94)=0),"",IF(SUM(S$68:S93)=0,G94,IFERROR(SUM(S93,C94,-D94),""))) -> -480 | T94: =IFERROR(S94-G94,"") -> -744 | U94: =IF(OR(SUM(K94:O94)=0,SUM(O$68:O94)=0),"",IF(SUM(U$68:U93)=0,O94,IFERROR(SUM(U93,K94,-L94),""))) -> 0.621 | V94: =IFERROR(U94-O94,"") -> 0
A95: =B82 -> ماهیرود | B95: اسفند | C95: 166 | D95: 116 | G95: 314 | H95: =SUM(C95:F95) -> 282 | I95: =J82 -> باجگیران | J95: اسفند | K95: 2 | L95: 1 | O95: 1 | P95: =SUM(K95:N95) -> 3 | S95: =IF(OR(SUM(C95:G95)=0,SUM(G$68:G95)=0),"",IF(SUM(S$68:S94)=0,G95,IFERROR(SUM(S94,C95,-D95),""))) -> -430 | T95: =IFERROR(S95-G95,"") -> -744 | U95: =IF(OR(SUM(K95:O95)=0,SUM(O$68:O95)=0),"",IF(SUM(U$68:U94)=0,O95,IFERROR(SUM(U94,K95,-L95),""))) -> 1.621 | V95: =IFERROR(U95-O95,"") -> 0.621
B96: جمع | C96: =SUM(C84:C95) -> 3314 | D96: =SUM(D84:D95) -> 3998 | E96: =SUM(E84:E95) -> 0 | F96: =SUM(F84:F95) -> 0 | G96: =IF(G95<>"",G95,IF(G94<>"",G94,IF(G93<>"",G93,IF(G92<>"",G92,IF(G91<>"",G91,IF(G90<>"",G90,IF(G89<>"",G89,IF(G88<>"",G88,IF(G87<>"",G87,IF(G86<>"",G86,IF(G85<>"",G85,IF(G84<>"",G84,"")))))))))))) -> 314 | H96: =SUM(C96:F96) -> 7312 | J96: جمع | K96: =SUM(K84:K95) -> 2.758 | L96: =SUM(L84:L95) -> 1.137 | M96: =SUM(M84:M95) -> 0 | N96: =SUM(N84:N95) -> 0 | O96: =IF(O95<>"",O95,IF(O94<>"",O94,IF(O93<>"",O93,IF(O92<>"",O92,IF(O91<>"",O91,IF(O90<>"",O90,IF(O89<>"",O89,IF(O88<>"",O88,IF(O87<>"",O87,IF(O86<>"",O86,IF(O85<>"",O85,IF(O84<>"",O84,"")))))))))))) -> 1 | P96: =SUM(K96:N96) -> 3.895

Sheet انبار مسقف
B2: انبار مسقف مجتمع خراسان | L2: فرودگاه هاشمی نژاد
B3: ماه | C3: تخلیه | D3: بارگیری | E3: حمل یکسره | F3: ترانشیپمنت | G3: رسوب | H3: جمع عملیاتی | I3: متراژ انبار | J3: درصد اشغال | L3: ماه | M3: تخلیه | N3: بارگیری | O3: حمل یکسره | P3: ترانشیپمنت | Q3: رسوب | R3: جمع عملیاتی | S3: متراژ انبار | T3: درصد اشغال
A4: =B2 -> انبار مسقف مجتمع خراسان | B4: فروردین | C4: =IF(SUM(M4,C20,M20,C36,M36,C52,M52,C68,M68,C84)=0,"",SUM(M4,C20,M20,C36,M36,C52,M52,C68,M68,C84,M84)) -> 6011 | D4: =IF(SUM(N4,D20,N20,D36,N36,D52,N52,D68,N68,D84)=0,"",SUM(N4,D20,N20,D36,N36,D52,N52,D68,N68,D84,N84)) -> 8047 | E4: =IF(SUM(O4,E20,O20,E36,O36,E52,O52,E68,O68,E84)=0,"",SUM(O4,E20,O20,E36,O36,E52,O52,E68,O68,E84,O84)) | F4: =IF(SUM(P4,F20,P20,F36,P36,F52,P52,F68,P68,F84)=0,"",SUM(P4,F20,P20,F36,P36,F52,P52,F68,P68,F84,P84)) | G4: =IF(SUM(Q4,G20,Q20,G36,Q36,G52,Q52,G68,Q68,G84)=0,"",SUM(Q4,G20,Q20,G36,Q36,G52,Q52,G68,Q68,G84,Q84)) -> 3779 | H4: =SUM(C4:F4) -> 14058 | I4: =IF(SUM(S4,I20,S20,I36,S36,I52,S52,I68,S68,I84)=0,"",SUM(S4,I20,S20,I36,S36,I52,S52,I68,S68,I84,S84)) -> 22250 | J4: =IFERROR(SUM(S4*T4,I20*J20,S20*T20,I36*J36,S36*T36,I52*J52,S52*T52,J68*I68,T68*S68,J84*I84,S84*T84)/I4,"") -> 0.67921348 | K4: =L2 -> فرودگاه هاشمی نژاد | L4: فروردین | R4: =SUM(M4:P4) -> 0
A5: =B2 -> انبار مسقف مجتمع خراسان | B5: اردیبهشت | C5: =IF(SUM(M5,C21,M21,C37,M37,C53,M53,C69,M69,C85)=0,"",SUM(M5,C21,M21,C37,M37,C53,M53,C69,M69,C85,M85)) -> 4569 | D5: =IF(SUM(N5,D21,N21,D37,N37,D53,N53,D69,N69,D85)=0,"",SUM(N5,D21,N21,D37,N37,D53,N53,D69,N69,D85,N85)) -> 5822 | E5: =IF(SUM(O5,E21,O21,E37,O37,E53,O53,E69,O69,E85)=0,"",SUM(O5,E21,O21,E37,O37,E53,O53,E69,O69,E85,O85)) | F5: =IF(SUM(P5,F21,P21,F37,P37,F53,P53,F69,P69,F85)=0,"",SUM(P5,F21,P21,F37,P37,F53,P53,F69,P69,F85,P85)) | G5: =IF(SUM(Q5,G21,Q21,G37,Q37,G53,Q53,G69,Q69,G85)=0,"",SUM(Q5,G21,Q21,G37,Q37,G53,Q53,G69,Q69,G85,Q85)) -> 3197 | H5: =SUM(C5:F5) -> 10391 | I5: =IF(SUM(S5,I21,S21,I37,S37,I53,S53,I69,S69,I85)=0,"",SUM(S5,I21,S21,I37,S37,I53,S53,I69,S69,I85,S85)) -> 18650 | J5: =IFERROR(SUM(S5*T5,I21*J21,S21*T21,I37*J37,S37*T37,I53*J53,S53*T53,J69*I69,T69*S69,J85*I85,S85*T85)/I5,"") -> 0.59289544 | K5: =L2 -> فرودگاه هاشمی نژاد | L5: اردیبهشت | R5: =SUM(M5:P5) -> 0
A6: =B2 -> انبار مسقف مجتمع خراسان | B6: خرداد | C6: =IF(SUM(M6,C22,M22,C38,M38,C54,M54,C70,M70,C86)=0,"",SUM(M6,C22,M22,C38,M38,C54,M54,C70,M70,C86,M86)) -> 5778 | D6: =IF(SUM(N6,D22,N22,D38,N38,D54,N54,D70,N70,D86)=0,"",SUM(N6,D22,N22,D38,N38,D54,N54,D70,N70,D86,N86)) -> 4434 | E6: =IF(SUM(O6,E22,O22,E38,O38,E54,O54,E70,O70,E86)=0,"",SUM(O6,E22,O22,E38,O38,E54,O54,E70,O70,E86,O86)) | F6: =IF(SUM(P6,F22,P22,F38,P38,F54,P54,F70,P70,F86)=0,"",SUM(P6,F22,P22,F38,P38,F54,P54,F70,P70,F86,P86)) | G6: =IF(SUM(Q6,G22,Q22,G38,Q38,G54,Q54,G70,Q70,G86)=0,"",SUM(Q6,G22,Q22,G38,Q38,G54,Q54,G70,Q70,G86,Q86)) -> 3379 | H6: =SUM(C6:F6) -> 10212 | I6: =IF(SUM(S6,I22,S22,I38,S38,I54,S54,I70,S70,I86)=0,"",SUM(S6,I22,S22,I38,S38,I54,S54,I70,S70,I86,S86)) -> 18650 | J6: =IFERROR(SUM(S6*T6,I22*J22,S22*T22,I38*J38,S38*T38,I54*J54,S54*T54,J70*I70,T70*S70,J86*I86,S86*T86)/I6,"") -> 0.6383378 | K6: =L2 -> فرودگاه هاشمی نژاد | L6: خرداد | R6: =SUM(M6:P6) -> 0
A7: =B2 -> انبار مسقف مجتمع خراسان | B7: تیر | C7: =IF(SUM(M7,C23,M23,C39,M39,C55,M55,C71,M71,C87)=0,"",SUM(M7,C23,M23,C39,M39,C55,M55,C71,M71,C87,M87)) -> 2097 | D7: =IF(SUM(N7,D23,N23,D39,N39,D55,N55,D71,N71,D87)=0,"",SUM(N7,D23,N23,D39,N39,D55,N55,D71,N71,D87,N87)) -> 6287 | E7: =IF(SUM(O7,E23,O23,E39,O39,E55,O55,E71,O71,E87)=0,"",SUM(O7,E23,O23,E39,O39,E55,O55,E71,O71,E87,O87)) | F7: =IF(SUM(P7,F23,P23,F39,P39,F55,P55,F71,P71,F87)=0,"",SUM(P7,F23,P23,F39,P39,F55,P55,F71,P71,F87,P87)) | G7: =IF(SUM(Q7,G23,Q23,G39,Q39,G55,Q55,G71,Q71,G87)=0,"",SUM(Q7,G23,Q23,G39,Q39,G55,Q55,G71,Q71,G87,Q87)) -> 2909 | H7: =SUM(C7:F7) -> 8384 | I7: =IF(SUM(S7,I23,S23,I39,S39,I55,S55,I71,S71,I87)=0,"",SUM(S7,I23,S23,I39,S39,I55,S55,I71,S71,I87,S87)) -> 19850 | J7: =IFERROR(SUM(S7*T7,I23*J23,S23*T23,I39*J39,S39*T39,I55*J55,S55*T55,J71*I71,T71*S71,J87*I87,S87*T87)/I7,"") -> 0.45100756 | K7: =L2 -> فرودگاه هاشمی نژاد | L7: تیر | R7: =SUM(M7:P7) -> 0
A8: =B2 -> انبار مسقف مجتمع خراسان | B8: مرداد | C8: =IF(SUM(M8,C24,M24,C40,M40,C56,M56,C72,M72,C88)=0,"",SUM(M8,C24,M24,C40,M40,C56,M56,C72,M72,C88,M88)) -> 3283 | D8: =IF(SUM(N8,D24,N24,D40,N40,D56,N56,D72,N72,D88)=0,"",SUM(N8,D24,N24,D40,N40,D56,N56,D72,N72,D88,N88)) -> 5213 | E8: =IF(SUM(O8,E24,O24,E40,O40,E56,O56,E72,O72,E88)=0,"",SUM(O8,E24,O24,E40,O40,E56,O56,E72,O72,E88,O88)) | F8: =IF(SUM(P8,F24,P24,F40,P40,F56,P56,F72,P72,F88)=0,"",SUM(P8,F24,P24,F40,P40,F56,P56,F72,P72,F88,P88)) | G8: =IF(SUM(Q8,G24,Q24,G40,Q40,G56,Q56,G72,Q72,G88)=0,"",SUM(Q8,G24,Q24,G40,Q40,G56,Q56,G72,Q72,G88,Q88)) -> 2115 | H8: =SUM(C8:F8) -> 8496 | I8: =IF(SUM(S8,I24,S24,I40,S40,I56,S56,I72,S72,I88)=0,"",SUM(S8,I24,S24,I40,S40,I56,S56,I72,S72,I88,S88)) -> 19850 | J8: =IFERROR(SUM(S8*T8,I24*J24,S24*T24,I40*J40,S40*T40,I56*J56,S56*T56,J72*I72,T72*S72,J88*I88,S88*T88)/I8,"") -> 0.44332494 | K8: =L2 -> فرودگاه هاشمی نژاد | L8: مرداد | R8: =SUM(M8:P8) -> 0
A9: =B2 -> انبار مسقف مجتمع خراسان | B9: شهریور | C9: =IF(SUM(M9,C25,M25,C41,M41,C57,M57,C73,M73,C89)=0,"",SUM(M9,C25,M25,C41,M41,C57,M57,C73,M73,C89,M89)) -> 7053 | D9: =IF(SUM(N9,D25,N25,D41,N41,D57,N57,D73,N73,D89)=0,"",SUM(N9,D25,N25,D41,N41,D57,N57,D73,N73,D89,N89)) -> 3312 | E9: =IF(SUM(O9,E25,O25,E41,O41,E57,O57,E73,O73,E89)=0,"",SUM(O9,E25,O25,E41,O41,E57,O57,E73,O73,E89,O89)) | F9: =IF(SUM(P9,F25,P25,F41,P41,F57,P57,F73,P73,F89)=0,"",SUM(P9,F25,P25,F41,P41,F57,P57,F73,P73,F89,P89)) | G9: =IF(SUM(Q9,G25,Q25,G41,Q41,G57,Q57,G73,Q73,G89)=0,"",SUM(Q9,G25,Q25,G41,Q41,G57,Q57,G73,Q73,G89,Q89)) -> 5414 | H9: =SUM(C9:F9) -> 10365 | I9: =IF(SUM(S9,I25,S25,I41,S41,I57,S57,I73,S73,I89)=0,"",SUM(S9,I25,S25,I41,S41,I57,S57,I73,S73,I89,S89)) -> 19850 | J9: =IFERROR(SUM(S9*T9,I25*J25,S25*T25,I41*J41,S41*T41,I57*J57,S57*T57,J73*I73,T73*S73,J89*I89,S89*T89)/I9,"") -> 0.46725441 | K9: =L2 -> فرودگاه هاشمی نژاد | L9: شهریور | R9: =SUM(M9:P9) -> 0
A10: =B2 -> انبار مسقف مجتمع خراسان | B10: مهر | C10: =IF(SUM(M10,C26,M26,C42,M42,C58,M58,C74,M74,C90)=0,"",SUM(M10,C26,M26,C42,M42,C58,M58,C74,M74,C90,M90)) -> 4891 | D10: =IF(SUM(N10,D26,N26,D42,N42,D58,N58,D74,N74,D90)=0,"",SUM(N10,D26,N26,D42,N42,D58,N58,D74,N74,D90,N90)) -> 6263 | E10: =IF(SUM(O10,E26,O26,E42,O42,E58,O58,E74,O74,E90)=0,"",SUM(O10,E26,O26,E42,O42,E58,O58,E74,O74,E90,O90)) | F10: =IF(SUM(P10,F26,P26,F42,P42,F58,P58,F74,P74,F90)=0,"",SUM(P10,F26,P26,F42,P42,F58,P58,F74,P74,F90,P90)) | G10: =IF(SUM(Q10,G26,Q26,G42,Q42,G58,Q58,G74,Q74,G90)=0,"",SUM(Q10,G26,Q26,G42,Q42,G58,Q58,G74,Q74,G90,Q90)) -> 3679 | H10: =SUM(C10:F10) -> 11154 | I10: =IF(SUM(S10,I26,S26,I42,S42,I58,S58,I74,S74,I90)=0,"",SUM(S10,I26,S26,I42,S42,I58,S58,I74,S74,I90,S90)) -> 19650 | J10: =IFERROR(SUM(S10*T10,I26*J26,S26*T26,I42*J42,S42*T42,I58*J58,S58*T58,J74*I74,T74*S74,J90*I90,S90*T90)/I10,"") -> 0.5437659 | K10: =L2 -> فرودگاه هاشمی نژاد | L10: مهر | R10: =SUM(M10:P10) -> 0
A11: =B2 -> انبار مسقف مجتمع خراسان | B11: آبان | C11: =IF(SUM(M11,C27,M27,C43,M43,C59,M59,C75,M75,C91)=0,"",SUM(M11,C27,M27,C43,M43,C59,M59,C75,M75,C91,M91)) -> 4376 | D11: =IF(SUM(N11,D27,N27,D43,N43,D59,N59,D75,N75,D91)=0,"",SUM(N11,D27,N27,D43,N43,D59,N59,D75,N75,D91,N91)) -> 4291 | E11: =IF(SUM(O11,E27,O27,E43,O43,E59,O59,E75,O75,E91)=0,"",SUM(O11,E27,O27,E43,O43,E59,O59,E75,O75,E91,O91)) | F11: =IF(SUM(P11,F27,P27,F43,P43,F59,P59,F75,P75,F91)=0,"",SUM(P11,F27,P27,F43,P43,F59,P59,F75,P75,F91,P91)) | G11: =IF(SUM(Q11,G27,Q27,G43,Q43,G59,Q59,G75,Q75,G91)=0,"",SUM(Q11,G27,Q27,G43,Q43,G59,Q59,G75,Q75,G91,Q91)) -> 2968 | H11: =SUM(C11:F11) -> 8667 | I11: =IF(SUM(S11,I27,S27,I43,S43,I59,S59,I75,S75,I91)=0,"",SUM(S11,I27,S27,I43,S43,I59,S59,I75,S75,I91,S91)) -> 19650 | J11: =IFERROR(SUM(S11*T11,I27*J27,S27*T27,I43*J43,S43*T43,I59*J59,S59*T59,J75*I75,T75*S75,J91*I91,S91*T91)/I11,"") -> 0.60229008 | K11: =L2 -> فرودگاه هاشمی نژاد | L11: آبان | R11: =SUM(M11:P11) -> 0
A12: =B2 -> انبار مسقف مجتمع خراسان | B12: آذر | C12: =IF(SUM(M12,C28,M28,C44,M44,C60,M60,C76,M76,C92)=0,"",SUM(M12,C28,M28,C44,M44,C60,M60,C76,M76,C92,M92)) -> 4221 | D12: =IF(SUM(N12,D28,N28,D44,N44,D60,N60,D76,N76,D92)=0,"",SUM(N12,D28,N28,D44,N44,D60,N60,D76,N76,D92,N92)) -> 4625 | E12: =IF(SUM(O12,E28,O28,E44,O44,E60,O60,E76,O76,E92)=0,"",SUM(O12,E28,O28,E44,O44,E60,O60,E76,O76,E92,O92)) | F12: =IF(SUM(P12,F28,P28,F44,P44,F60,P60,F76,P76,F92)=0,"",SUM(P12,F28,P28,F44,P44,F60,P60,F76,P76,F92,P92)) | G12: =IF(SUM(Q12,G28,Q28,G44,Q44,G60,Q60,G76,Q76,G92)=0,"",SUM(Q12,G28,Q28,G44,Q44,G60,Q60,G76,Q76,G92,Q92)) -> 3295 | H12: =SUM(C12:F12) -> 8846 | I12: =IF(SUM(S12,I28,S28,I44,S44,I60,S60,I76,S76,I92)=0,"",SUM(S12,I28,S28,I44,S44,I60,S60,I76,S76,I92,S92)) -> 19650 | J12: =IFERROR(SUM(S12*T12,I28*J28,S28*T28,I44*J44,S44*T44,I60*J60,S60*T60,J76*I76,T76*S76,J92*I92,S92*T92)/I12,"") -> 0.60419847 | K12: =L2 -> فرودگاه هاشمی نژاد | L12: آذر | R12: =SUM(M12:P12) -> 0
A13: =B2 -> انبار مسقف مجتمع خراسان | B13: دی | C13: =IF(SUM(M13,C29,M29,C45,M45,C61,M61,C77,M77,C93)=0,"",SUM(M13,C29,M29,C45,M45,C61,M61,C77,M77,C93,M93)) -> 3895 | D13: =IF(SUM(N13,D29,N29,D45,N45,D61,N61,D77,N77,D93)=0,"",SUM(N13,D29,N29,D45,N45,D61,N61,D77,N77,D93,N93)) -> 3751 | E13: =IF(SUM(O13,E29,O29,E45,O45,E61,O61,E77,O77,E93)=0,"",SUM(O13,E29,O29,E45,O45,E61,O61,E77,O77,E93,O93)) | F13: =IF(SUM(P13,F29,P29,F45,P45,F61,P61,F77,P77,F93)=0,"",SUM(P13,F29,P29,F45,P45,F61,P61,F77,P77,F93,P93)) | G13: =IF(SUM(Q13,G29,Q29,G45,Q45,G61,Q61,G77,Q77,G93)=0,"",SUM(Q13,G29,Q29,G45,Q45,G61,Q61,G77,Q77,G93,Q93)) -> 2877 | H13: =SUM(C13:F13) -> 7646 | I13: =IF(SUM(S13,I29,S29,I45,S45,I61,S61,I77,S77,I93)=0,"",SUM(S13,I29,S29,I45,S45,I61,S61,I77,S77,I93,S93)) -> 19650 | J13: =IFERROR(SUM(S13*T13,I29*J29,S29*T29,I45*J45,S45*T45,I61*J61,S61*T61,J77*I77,T77*S77,J93*I93,S93*T93)/I13,"") -> 0.59300254 | K13: =L2 -> فرودگاه هاشمی نژاد | L13: دی | R13: =SUM(M13:P13) -> 0
A14: =B2 -> انبار مسقف مجتمع خراسان | B14: بهمن | C14: =IF(SUM(M14,C30,M30,C46,M46,C62,M62,C78,M78,C94)=0,"",SUM(M14,C30,M30,C46,M46,C62,M62,C78,M78,C94,M94)) -> 4170.758 | D14: =IF(SUM(N14,D30,N30,D46,N46,D62,N62,D78,N78,D94)=0,"",SUM(N14,D30,N30,D46,N46,D62,N62,D78,N78,D94,N94)) -> 4254.137 | E14: =IF(SUM(O14,E30,O30,E46,O46,E62,O62,E78,O78,E94)=0,"",SUM(O14,E30,O30,E46,O46,E62,O62,E78,O78,E94,O94)) | F14: =IF(SUM(P14,F30,P30,F46,P46,F62,P62,F78,P78,F94)=0,"",SUM(P14,F30,P30,F46,P46,F62,P62,F78,P78,F94,P94)) | G14: =IF(SUM(Q14,G30,Q30,G46,Q46,G62,Q62,G78,Q78,G94)=0,"",SUM(Q14,G30,Q30,G46,Q46,G62,Q62,G78,Q78,G94,Q94)) -> 2243.621 | H14: =SUM(C14:F14) -> 8424.895 | I14: =IF(SUM(S14,I30,S30,I46,S46,I62,S62,I78,S78,I94)=0,"",SUM(S14,I30,S30,I46,S46,I62,S62,I78,S78,I94,S94)) -> 20462 | J14: =IFERROR(SUM(S14*T14,I30*J30,S30*T30,I46*J46,S46*T46,I62*J62,S62*T62,J78*I78,T78*S78,J94*I94,S94*T94)/I14,"") -> 0.58509921 | K14: =L2 -> فرودگاه هاشمی نژاد | L14: بهمن | R14: =SUM(M14:P14) -> 0
